run_id,scenario_id,equation_id,equation_family,entity_type,entity_id,period_id,lhs_value,rhs_value,absolute_residual,relative_residual,tolerance,pass_flag
CAP-001-MINIATURE,BASE,OPENING_INVENTORY_CONSISTENCY|POOL:NODE-0006/MAT-0002|ALL,OPENING_INVENTORY_CONSISTENCY,POOL,NODE-0006/MAT-0002,,48.0,48.0,0.0,0.0,0.001,true
CAP-001-MINIATURE,BASE,OPENING_INVENTORY_CONSISTENCY|POOL:NODE-0011/MAT-0005|ALL,OPENING_INVENTORY_CONSISTENCY,POOL,NODE-0011/MAT-0005,,246.0,246.0,0.0,0.0,0.001,true
CAP-001-MINIATURE,BASE,OUTFLOW_COMMON_UNIT_COST|POOL:NODE-0001/MAT-0001|shipped:LANE-00001|P01,OUTFLOW_COMMON_UNIT_COST,POOL,NODE-0001/MAT-0001|shipped:LANE-00001,P01,4.0,4.0,0.0,0.0,1e-05,true
CAP-001-MINIATURE,BASE,OUTFLOW_COMMON_UNIT_COST|POOL:NODE-0001/MAT-0001|shipped:LANE-00002|P01,OUTFLOW_COMMON_UNIT_COST,POOL,NODE-0001/MAT-0001|shipped:LANE-00002,P01,4.0,4.0,0.0,0.0,1e-05,true
CAP-001-MINIATURE,BASE,OUTFLOW_COMMON_UNIT_COST|POOL:NODE-0002/MAT-0002|shipped:LANE-00003|P01,OUTFLOW_COMMON_UNIT_COST,POOL,NODE-0002/MAT-0002|shipped:LANE-00003,P01,2.0,2.0,0.0,0.0,1e-05,true
CAP-001-MINIATURE,BASE,OUTFLOW_COMMON_UNIT_COST|POOL:NODE-0002/MAT-0002|shipped:LANE-00004|P01,OUTFLOW_COMMON_UNIT_COST,POOL,NODE-0002/MAT-0002|shipped:LANE-00004,P01,2.0,2.0,0.0,0.0,1e-05,true
CAP-001-MINIATURE,BASE,OUTFLOW_COMMON_UNIT_COST|POOL:NODE-0003/MAT-0002|shipped:LANE-00005|P01,OUTFLOW_COMMON_UNIT_COST,POOL,NODE-0003/MAT-0002|shipped:LANE-00005,P01,3.0,3.0,0.0,0.0,1e-05,true
CAP-001-MINIATURE,BASE,OUTFLOW_COMMON_UNIT_COST|POOL:NODE-0003/MAT-0002|shipped:LANE-00006|P01,OUTFLOW_COMMON_UNIT_COST,POOL,NODE-0003/MAT-0002|shipped:LANE-00006,P01,3.0,3.0,0.0,0.0,1e-05,true
CAP-001-MINIATURE,BASE,OUTFLOW_COMMON_UNIT_COST|POOL:NODE-0004/MAT-0001|consumed:MAT-0001|P02,OUTFLOW_COMMON_UNIT_COST,POOL,NODE-0004/MAT-0001|consumed:MAT-0001,P02,4.3,4.3,0.0,0.0,1e-05,true
CAP-001-MINIATURE,BASE,OUTFLOW_COMMON_UNIT_COST|POOL:NODE-0004/MAT-0003|shipped:LANE-00007|P02,OUTFLOW_COMMON_UNIT_COST,POOL,NODE-0004/MAT-0003|shipped:LANE-00007,P02,5.5,5.5,0.0,0.0,1e-05,true
CAP-001-MINIATURE,BASE,OUTFLOW_COMMON_UNIT_COST|POOL:NODE-0005/MAT-0001|consumed:MAT-0001|P02,OUTFLOW_COMMON_UNIT_COST,POOL,NODE-0005/MAT-0001|consumed:MAT-0001,P02,4.35,4.35,0.0,0.0,1e-05,true
CAP-001-MINIATURE,BASE,OUTFLOW_COMMON_UNIT_COST|POOL:NODE-0005/MAT-0003|shipped:LANE-00008|P02,OUTFLOW_COMMON_UNIT_COST,POOL,NODE-0005/MAT-0003|shipped:LANE-00008,P02,6.05,6.05,0.0,0.0,1e-05,true
CAP-001-MINIATURE,BASE,OUTFLOW_COMMON_UNIT_COST|POOL:NODE-0006/MAT-0002|consumed:MAT-0002|P02,OUTFLOW_COMMON_UNIT_COST,POOL,NODE-0006/MAT-0002|consumed:MAT-0002,P02,2.68,2.68,0.0,0.0,1e-05,true
CAP-001-MINIATURE,BASE,OUTFLOW_COMMON_UNIT_COST|POOL:NODE-0006/MAT-0004|shipped:LANE-00009|P02,OUTFLOW_COMMON_UNIT_COST,POOL,NODE-0006/MAT-0004|shipped:LANE-00009,P02,4.5,4.5,0.0,0.0,1e-05,true
CAP-001-MINIATURE,BASE,OUTFLOW_COMMON_UNIT_COST|POOL:NODE-0007/MAT-0002|consumed:MAT-0002|P02,OUTFLOW_COMMON_UNIT_COST,POOL,NODE-0007/MAT-0002|consumed:MAT-0002,P02,3.38,3.38,0.0,0.0,1e-05,true
CAP-001-MINIATURE,BASE,OUTFLOW_COMMON_UNIT_COST|POOL:NODE-0007/MAT-0004|shipped:LANE-00010|P02,OUTFLOW_COMMON_UNIT_COST,POOL,NODE-0007/MAT-0004|shipped:LANE-00010,P02,4.95,4.95,0.0,0.0,1e-05,true
CAP-001-MINIATURE,BASE,OUTFLOW_COMMON_UNIT_COST|POOL:NODE-0008/MAT-0002|consumed:MAT-0002|P02,OUTFLOW_COMMON_UNIT_COST,POOL,NODE-0008/MAT-0002|consumed:MAT-0002,P02,2.4,2.4,0.0,0.0,1e-05,true
CAP-001-MINIATURE,BASE,OUTFLOW_COMMON_UNIT_COST|POOL:NODE-0008/MAT-0004|shipped:LANE-00011|P02,OUTFLOW_COMMON_UNIT_COST,POOL,NODE-0008/MAT-0004|shipped:LANE-00011,P02,4.4,4.4,0.0,0.0,1e-05,true
CAP-001-MINIATURE,BASE,OUTFLOW_COMMON_UNIT_COST|POOL:NODE-0009/MAT-0003|consumed:MAT-0003|P03,OUTFLOW_COMMON_UNIT_COST,POOL,NODE-0009/MAT-0003|consumed:MAT-0003,P03,5.7,5.7,0.0,0.0,1e-05,true
CAP-001-MINIATURE,BASE,OUTFLOW_COMMON_UNIT_COST|POOL:NODE-0009/MAT-0004|consumed:MAT-0004|P03,OUTFLOW_COMMON_UNIT_COST,POOL,NODE-0009/MAT-0004|consumed:MAT-0004,P03,4.7,4.7,0.0,0.0,1e-05,true
CAP-001-MINIATURE,BASE,OUTFLOW_COMMON_UNIT_COST|POOL:NODE-0009/MAT-0005|shipped:LANE-00012|P03,OUTFLOW_COMMON_UNIT_COST,POOL,NODE-0009/MAT-0005|shipped:LANE-00012,P03,18.7,18.7,0.0,0.0,1e-05,true
CAP-001-MINIATURE,BASE,OUTFLOW_COMMON_UNIT_COST|POOL:NODE-0009/MAT-0005|shipped:LANE-00013|P03,OUTFLOW_COMMON_UNIT_COST,POOL,NODE-0009/MAT-0005|shipped:LANE-00013,P03,18.7,18.7,0.0,0.0,1e-05,true
CAP-001-MINIATURE,BASE,OUTFLOW_COMMON_UNIT_COST|POOL:NODE-0010/MAT-0003|consumed:MAT-0003|P03,OUTFLOW_COMMON_UNIT_COST,POOL,NODE-0010/MAT-0003|consumed:MAT-0003,P03,6.4,6.4,0.0,0.0,1e-05,true
CAP-001-MINIATURE,BASE,OUTFLOW_COMMON_UNIT_COST|POOL:NODE-0010/MAT-0004|consumed:MAT-0004|P03,OUTFLOW_COMMON_UNIT_COST,POOL,NODE-0010/MAT-0004|consumed:MAT-0004,P03,5.171428571428572,5.171428571428572,0.0,0.0,1e-05,true
CAP-001-MINIATURE,BASE,OUTFLOW_COMMON_UNIT_COST|POOL:NODE-0010/MAT-0005|shipped:LANE-00014|P03,OUTFLOW_COMMON_UNIT_COST,POOL,NODE-0010/MAT-0005|shipped:LANE-00014,P03,20.9,20.9,0.0,0.0,1e-05,true
CAP-001-MINIATURE,BASE,OUTFLOW_COMMON_UNIT_COST|POOL:NODE-0010/MAT-0005|shipped:LANE-00015|P03,OUTFLOW_COMMON_UNIT_COST,POOL,NODE-0010/MAT-0005|shipped:LANE-00015,P03,20.9,20.9,0.0,0.0,1e-05,true
CAP-001-MINIATURE,BASE,OUTFLOW_COMMON_UNIT_COST|POOL:NODE-0011/MAT-0005|served|P04,OUTFLOW_COMMON_UNIT_COST,POOL,NODE-0011/MAT-0005|served,P04,20.1,20.1,0.0,0.0,1e-05,true
CAP-001-MINIATURE,BASE,OUTFLOW_COMMON_UNIT_COST|POOL:NODE-0011/MAT-0005|served|P05,OUTFLOW_COMMON_UNIT_COST,POOL,NODE-0011/MAT-0005|served,P05,20.1,20.1,0.0,0.0,1e-05,true
CAP-001-MINIATURE,BASE,OUTFLOW_COMMON_UNIT_COST|POOL:NODE-0012/MAT-0005|served|P04,OUTFLOW_COMMON_UNIT_COST,POOL,NODE-0012/MAT-0005|served,P04,20.675,20.675,0.0,0.0,1e-05,true
CAP-001-MINIATURE,BASE,OUTFLOW_COMMON_UNIT_COST|POOL:NODE-0012/MAT-0005|served|P05,OUTFLOW_COMMON_UNIT_COST,POOL,NODE-0012/MAT-0005|served,P05,20.675,20.675,0.0,0.0,1e-05,true
CAP-001-MINIATURE,BASE,OUTFLOW_COMMON_UNIT_COST|POOL:NODE-0013/MAT-0005|served|P04,OUTFLOW_COMMON_UNIT_COST,POOL,NODE-0013/MAT-0005|served,P04,22.100000000000005,22.1,3.552713678800501e-15,1.6075627505884617e-16,1e-05,true
CAP-001-MINIATURE,BASE,OUTFLOW_COMMON_UNIT_COST|POOL:NODE-0013/MAT-0005|served|P05,OUTFLOW_COMMON_UNIT_COST,POOL,NODE-0013/MAT-0005|served,P05,22.1,22.1,0.0,0.0,1e-05,true
CAP-001-MINIATURE,BASE,POOL_QUANTITY_CONSERVATION|POOL:NODE-0001/MAT-0001|P01,POOL_QUANTITY_CONSERVATION,POOL,NODE-0001/MAT-0001,P01,100.0,100.0,0.0,0.0,1e-05,true
CAP-001-MINIATURE,BASE,POOL_QUANTITY_CONSERVATION|POOL:NODE-0001/MAT-0001|P02,POOL_QUANTITY_CONSERVATION,POOL,NODE-0001/MAT-0001,P02,0.0,0.0,0.0,0.0,1e-05,true
CAP-001-MINIATURE,BASE,POOL_QUANTITY_CONSERVATION|POOL:NODE-0001/MAT-0001|P03,POOL_QUANTITY_CONSERVATION,POOL,NODE-0001/MAT-0001,P03,0.0,0.0,0.0,0.0,1e-05,true
CAP-001-MINIATURE,BASE,POOL_QUANTITY_CONSERVATION|POOL:NODE-0001/MAT-0001|P04,POOL_QUANTITY_CONSERVATION,POOL,NODE-0001/MAT-0001,P04,0.0,0.0,0.0,0.0,1e-05,true
CAP-001-MINIATURE,BASE,POOL_QUANTITY_CONSERVATION|POOL:NODE-0001/MAT-0001|P05,POOL_QUANTITY_CONSERVATION,POOL,NODE-0001/MAT-0001,P05,0.0,0.0,0.0,0.0,1e-05,true
CAP-001-MINIATURE,BASE,POOL_QUANTITY_CONSERVATION|POOL:NODE-0002/MAT-0002|P01,POOL_QUANTITY_CONSERVATION,POOL,NODE-0002/MAT-0002,P01,110.0,110.0,0.0,0.0,1.1e-05,true
CAP-001-MINIATURE,BASE,POOL_QUANTITY_CONSERVATION|POOL:NODE-0002/MAT-0002|P02,POOL_QUANTITY_CONSERVATION,POOL,NODE-0002/MAT-0002,P02,0.0,0.0,0.0,0.0,1e-05,true
CAP-001-MINIATURE,BASE,POOL_QUANTITY_CONSERVATION|POOL:NODE-0002/MAT-0002|P03,POOL_QUANTITY_CONSERVATION,POOL,NODE-0002/MAT-0002,P03,0.0,0.0,0.0,0.0,1e-05,true
CAP-001-MINIATURE,BASE,POOL_QUANTITY_CONSERVATION|POOL:NODE-0002/MAT-0002|P04,POOL_QUANTITY_CONSERVATION,POOL,NODE-0002/MAT-0002,P04,0.0,0.0,0.0,0.0,1e-05,true
CAP-001-MINIATURE,BASE,POOL_QUANTITY_CONSERVATION|POOL:NODE-0002/MAT-0002|P05,POOL_QUANTITY_CONSERVATION,POOL,NODE-0002/MAT-0002,P05,0.0,0.0,0.0,0.0,1e-05,true
CAP-001-MINIATURE,BASE,POOL_QUANTITY_CONSERVATION|POOL:NODE-0003/MAT-0002|P01,POOL_QUANTITY_CONSERVATION,POOL,NODE-0003/MAT-0002,P01,100.0,100.0,0.0,0.0,1e-05,true
CAP-001-MINIATURE,BASE,POOL_QUANTITY_CONSERVATION|POOL:NODE-0003/MAT-0002|P02,POOL_QUANTITY_CONSERVATION,POOL,NODE-0003/MAT-0002,P02,0.0,0.0,0.0,0.0,1e-05,true
CAP-001-MINIATURE,BASE,POOL_QUANTITY_CONSERVATION|POOL:NODE-0003/MAT-0002|P03,POOL_QUANTITY_CONSERVATION,POOL,NODE-0003/MAT-0002,P03,0.0,0.0,0.0,0.0,1e-05,true
CAP-001-MINIATURE,BASE,POOL_QUANTITY_CONSERVATION|POOL:NODE-0003/MAT-0002|P04,POOL_QUANTITY_CONSERVATION,POOL,NODE-0003/MAT-0002,P04,0.0,0.0,0.0,0.0,1e-05,true
CAP-001-MINIATURE,BASE,POOL_QUANTITY_CONSERVATION|POOL:NODE-0003/MAT-0002|P05,POOL_QUANTITY_CONSERVATION,POOL,NODE-0003/MAT-0002,P05,0.0,0.0,0.0,0.0,1e-05,true
CAP-001-MINIATURE,BASE,POOL_QUANTITY_CONSERVATION|POOL:NODE-0004/MAT-0001|P01,POOL_QUANTITY_CONSERVATION,POOL,NODE-0004/MAT-0001,P01,0.0,0.0,0.0,0.0,1e-05,true
CAP-001-MINIATURE,BASE,POOL_QUANTITY_CONSERVATION|POOL:NODE-0004/MAT-0001|P02,POOL_QUANTITY_CONSERVATION,POOL,NODE-0004/MAT-0001,P02,60.0,60.0,0.0,0.0,1e-05,true
CAP-001-MINIATURE,BASE,POOL_QUANTITY_CONSERVATION|POOL:NODE-0004/MAT-0001|P03,POOL_QUANTITY_CONSERVATION,POOL,NODE-0004/MAT-0001,P03,0.0,0.0,0.0,0.0,1e-05,true
CAP-001-MINIATURE,BASE,POOL_QUANTITY_CONSERVATION|POOL:NODE-0004/MAT-0001|P04,POOL_QUANTITY_CONSERVATION,POOL,NODE-0004/MAT-0001,P04,0.0,0.0,0.0,0.0,1e-05,true
CAP-001-MINIATURE,BASE,POOL_QUANTITY_CONSERVATION|POOL:NODE-0004/MAT-0001|P05,POOL_QUANTITY_CONSERVATION,POOL,NODE-0004/MAT-0001,P05,0.0,0.0,0.0,0.0,1e-05,true
CAP-001-MINIATURE,BASE,POOL_QUANTITY_CONSERVATION|POOL:NODE-0004/MAT-0003|P01,POOL_QUANTITY_CONSERVATION,POOL,NODE-0004/MAT-0003,P01,0.0,0.0,0.0,0.0,1e-05,true
CAP-001-MINIATURE,BASE,POOL_QUANTITY_CONSERVATION|POOL:NODE-0004/MAT-0003|P02,POOL_QUANTITY_CONSERVATION,POOL,NODE-0004/MAT-0003,P02,60.0,60.0,0.0,0.0,1e-05,true
CAP-001-MINIATURE,BASE,POOL_QUANTITY_CONSERVATION|POOL:NODE-0004/MAT-0003|P03,POOL_QUANTITY_CONSERVATION,POOL,NODE-0004/MAT-0003,P03,0.0,0.0,0.0,0.0,1e-05,true
CAP-001-MINIATURE,BASE,POOL_QUANTITY_CONSERVATION|POOL:NODE-0004/MAT-0003|P04,POOL_QUANTITY_CONSERVATION,POOL,NODE-0004/MAT-0003,P04,0.0,0.0,0.0,0.0,1e-05,true
CAP-001-MINIATURE,BASE,POOL_QUANTITY_CONSERVATION|POOL:NODE-0004/MAT-0003|P05,POOL_QUANTITY_CONSERVATION,POOL,NODE-0004/MAT-0003,P05,0.0,0.0,0.0,0.0,1e-05,true
CAP-001-MINIATURE,BASE,POOL_QUANTITY_CONSERVATION|POOL:NODE-0005/MAT-0001|P01,POOL_QUANTITY_CONSERVATION,POOL,NODE-0005/MAT-0001,P01,0.0,0.0,0.0,0.0,1e-05,true
CAP-001-MINIATURE,BASE,POOL_QUANTITY_CONSERVATION|POOL:NODE-0005/MAT-0001|P02,POOL_QUANTITY_CONSERVATION,POOL,NODE-0005/MAT-0001,P02,40.0,40.0,0.0,0.0,1e-05,true
CAP-001-MINIATURE,BASE,POOL_QUANTITY_CONSERVATION|POOL:NODE-0005/MAT-0001|P03,POOL_QUANTITY_CONSERVATION,POOL,NODE-0005/MAT-0001,P03,0.0,0.0,0.0,0.0,1e-05,true
CAP-001-MINIATURE,BASE,POOL_QUANTITY_CONSERVATION|POOL:NODE-0005/MAT-0001|P04,POOL_QUANTITY_CONSERVATION,POOL,NODE-0005/MAT-0001,P04,0.0,0.0,0.0,0.0,1e-05,true
CAP-001-MINIATURE,BASE,POOL_QUANTITY_CONSERVATION|POOL:NODE-0005/MAT-0001|P05,POOL_QUANTITY_CONSERVATION,POOL,NODE-0005/MAT-0001,P05,0.0,0.0,0.0,0.0,1e-05,true
CAP-001-MINIATURE,BASE,POOL_QUANTITY_CONSERVATION|POOL:NODE-0005/MAT-0003|P01,POOL_QUANTITY_CONSERVATION,POOL,NODE-0005/MAT-0003,P01,0.0,0.0,0.0,0.0,1e-05,true
CAP-001-MINIATURE,BASE,POOL_QUANTITY_CONSERVATION|POOL:NODE-0005/MAT-0003|P02,POOL_QUANTITY_CONSERVATION,POOL,NODE-0005/MAT-0003,P02,40.0,40.0,0.0,0.0,1e-05,true
CAP-001-MINIATURE,BASE,POOL_QUANTITY_CONSERVATION|POOL:NODE-0005/MAT-0003|P03,POOL_QUANTITY_CONSERVATION,POOL,NODE-0005/MAT-0003,P03,0.0,0.0,0.0,0.0,1e-05,true
CAP-001-MINIATURE,BASE,POOL_QUANTITY_CONSERVATION|POOL:NODE-0005/MAT-0003|P04,POOL_QUANTITY_CONSERVATION,POOL,NODE-0005/MAT-0003,P04,0.0,0.0,0.0,0.0,1e-05,true
CAP-001-MINIATURE,BASE,POOL_QUANTITY_CONSERVATION|POOL:NODE-0005/MAT-0003|P05,POOL_QUANTITY_CONSERVATION,POOL,NODE-0005/MAT-0003,P05,0.0,0.0,0.0,0.0,1e-05,true
CAP-001-MINIATURE,BASE,POOL_QUANTITY_CONSERVATION|POOL:NODE-0006/MAT-0002|P01,POOL_QUANTITY_CONSERVATION,POOL,NODE-0006/MAT-0002,P01,20.0,20.0,0.0,0.0,1e-05,true
CAP-001-MINIATURE,BASE,POOL_QUANTITY_CONSERVATION|POOL:NODE-0006/MAT-0002|P02,POOL_QUANTITY_CONSERVATION,POOL,NODE-0006/MAT-0002,P02,150.0,150.0,0.0,0.0,1.4999999999999999e-05,true
CAP-001-MINIATURE,BASE,POOL_QUANTITY_CONSERVATION|POOL:NODE-0006/MAT-0002|P03,POOL_QUANTITY_CONSERVATION,POOL,NODE-0006/MAT-0002,P03,0.0,0.0,0.0,0.0,1e-05,true
CAP-001-MINIATURE,BASE,POOL_QUANTITY_CONSERVATION|POOL:NODE-0006/MAT-0002|P04,POOL_QUANTITY_CONSERVATION,POOL,NODE-0006/MAT-0002,P04,0.0,0.0,0.0,0.0,1e-05,true
CAP-001-MINIATURE,BASE,POOL_QUANTITY_CONSERVATION|POOL:NODE-0006/MAT-0002|P05,POOL_QUANTITY_CONSERVATION,POOL,NODE-0006/MAT-0002,P05,0.0,0.0,0.0,0.0,1e-05,true
CAP-001-MINIATURE,BASE,POOL_QUANTITY_CONSERVATION|POOL:NODE-0006/MAT-0004|P01,POOL_QUANTITY_CONSERVATION,POOL,NODE-0006/MAT-0004,P01,0.0,0.0,0.0,0.0,1e-05,true
CAP-001-MINIATURE,BASE,POOL_QUANTITY_CONSERVATION|POOL:NODE-0006/MAT-0004|P02,POOL_QUANTITY_CONSERVATION,POOL,NODE-0006/MAT-0004,P02,120.0,120.0,0.0,0.0,1.2e-05,true
CAP-001-MINIATURE,BASE,POOL_QUANTITY_CONSERVATION|POOL:NODE-0006/MAT-0004|P03,POOL_QUANTITY_CONSERVATION,POOL,NODE-0006/MAT-0004,P03,0.0,0.0,0.0,0.0,1e-05,true
CAP-001-MINIATURE,BASE,POOL_QUANTITY_CONSERVATION|POOL:NODE-0006/MAT-0004|P04,POOL_QUANTITY_CONSERVATION,POOL,NODE-0006/MAT-0004,P04,0.0,0.0,0.0,0.0,1e-05,true
CAP-001-MINIATURE,BASE,POOL_QUANTITY_CONSERVATION|POOL:NODE-0006/MAT-0004|P05,POOL_QUANTITY_CONSERVATION,POOL,NODE-0006/MAT-0004,P05,0.0,0.0,0.0,0.0,1e-05,true
CAP-001-MINIATURE,BASE,POOL_QUANTITY_CONSERVATION|POOL:NODE-0007/MAT-0002|P01,POOL_QUANTITY_CONSERVATION,POOL,NODE-0007/MAT-0002,P01,0.0,0.0,0.0,0.0,1e-05,true
CAP-001-MINIATURE,BASE,POOL_QUANTITY_CONSERVATION|POOL:NODE-0007/MAT-0002|P02,POOL_QUANTITY_CONSERVATION,POOL,NODE-0007/MAT-0002,P02,50.0,50.0,0.0,0.0,1e-05,true
CAP-001-MINIATURE,BASE,POOL_QUANTITY_CONSERVATION|POOL:NODE-0007/MAT-0002|P03,POOL_QUANTITY_CONSERVATION,POOL,NODE-0007/MAT-0002,P03,10.0,10.0,0.0,0.0,1e-05,true
CAP-001-MINIATURE,BASE,POOL_QUANTITY_CONSERVATION|POOL:NODE-0007/MAT-0002|P04,POOL_QUANTITY_CONSERVATION,POOL,NODE-0007/MAT-0002,P04,10.0,10.0,0.0,0.0,1e-05,true
CAP-001-MINIATURE,BASE,POOL_QUANTITY_CONSERVATION|POOL:NODE-0007/MAT-0002|P05,POOL_QUANTITY_CONSERVATION,POOL,NODE-0007/MAT-0002,P05,10.0,10.0,0.0,0.0,1e-05,true
CAP-001-MINIATURE,BASE,POOL_QUANTITY_CONSERVATION|POOL:NODE-0007/MAT-0004|P01,POOL_QUANTITY_CONSERVATION,POOL,NODE-0007/MAT-0004,P01,0.0,0.0,0.0,0.0,1e-05,true
CAP-001-MINIATURE,BASE,POOL_QUANTITY_CONSERVATION|POOL:NODE-0007/MAT-0004|P02,POOL_QUANTITY_CONSERVATION,POOL,NODE-0007/MAT-0004,P02,40.0,40.0,0.0,0.0,1e-05,true
CAP-001-MINIATURE,BASE,POOL_QUANTITY_CONSERVATION|POOL:NODE-0007/MAT-0004|P03,POOL_QUANTITY_CONSERVATION,POOL,NODE-0007/MAT-0004,P03,0.0,0.0,0.0,0.0,1e-05,true
CAP-001-MINIATURE,BASE,POOL_QUANTITY_CONSERVATION|POOL:NODE-0007/MAT-0004|P04,POOL_QUANTITY_CONSERVATION,POOL,NODE-0007/MAT-0004,P04,0.0,0.0,0.0,0.0,1e-05,true
CAP-001-MINIATURE,BASE,POOL_QUANTITY_CONSERVATION|POOL:NODE-0007/MAT-0004|P05,POOL_QUANTITY_CONSERVATION,POOL,NODE-0007/MAT-0004,P05,0.0,0.0,0.0,0.0,1e-05,true
CAP-001-MINIATURE,BASE,POOL_QUANTITY_CONSERVATION|POOL:NODE-0008/MAT-0002|P01,POOL_QUANTITY_CONSERVATION,POOL,NODE-0008/MAT-0002,P01,0.0,0.0,0.0,0.0,1e-05,true
CAP-001-MINIATURE,BASE,POOL_QUANTITY_CONSERVATION|POOL:NODE-0008/MAT-0002|P02,POOL_QUANTITY_CONSERVATION,POOL,NODE-0008/MAT-0002,P02,30.0,30.0,0.0,0.0,1e-05,true
CAP-001-MINIATURE,BASE,POOL_QUANTITY_CONSERVATION|POOL:NODE-0008/MAT-0002|P03,POOL_QUANTITY_CONSERVATION,POOL,NODE-0008/MAT-0002,P03,0.0,0.0,0.0,0.0,1e-05,true
CAP-001-MINIATURE,BASE,POOL_QUANTITY_CONSERVATION|POOL:NODE-0008/MAT-0002|P04,POOL_QUANTITY_CONSERVATION,POOL,NODE-0008/MAT-0002,P04,0.0,0.0,0.0,0.0,1e-05,true
CAP-001-MINIATURE,BASE,POOL_QUANTITY_CONSERVATION|POOL:NODE-0008/MAT-0002|P05,POOL_QUANTITY_CONSERVATION,POOL,NODE-0008/MAT-0002,P05,0.0,0.0,0.0,0.0,1e-05,true
CAP-001-MINIATURE,BASE,POOL_QUANTITY_CONSERVATION|POOL:NODE-0008/MAT-0004|P01,POOL_QUANTITY_CONSERVATION,POOL,NODE-0008/MAT-0004,P01,0.0,0.0,0.0,0.0,1e-05,true
CAP-001-MINIATURE,BASE,POOL_QUANTITY_CONSERVATION|POOL:NODE-0008/MAT-0004|P02,POOL_QUANTITY_CONSERVATION,POOL,NODE-0008/MAT-0004,P02,30.0,30.0,0.0,0.0,1e-05,true
CAP-001-MINIATURE,BASE,POOL_QUANTITY_CONSERVATION|POOL:NODE-0008/MAT-0004|P03,POOL_QUANTITY_CONSERVATION,POOL,NODE-0008/MAT-0004,P03,0.0,0.0,0.0,0.0,1e-05,true
CAP-001-MINIATURE,BASE,POOL_QUANTITY_CONSERVATION|POOL:NODE-0008/MAT-0004|P04,POOL_QUANTITY_CONSERVATION,POOL,NODE-0008/MAT-0004,P04,0.0,0.0,0.0,0.0,1e-05,true
CAP-001-MINIATURE,BASE,POOL_QUANTITY_CONSERVATION|POOL:NODE-0008/MAT-0004|P05,POOL_QUANTITY_CONSERVATION,POOL,NODE-0008/MAT-0004,P05,0.0,0.0,0.0,0.0,1e-05,true
CAP-001-MINIATURE,BASE,POOL_QUANTITY_CONSERVATION|POOL:NODE-0009/MAT-0003|P01,POOL_QUANTITY_CONSERVATION,POOL,NODE-0009/MAT-0003,P01,0.0,0.0,0.0,0.0,1e-05,true
CAP-001-MINIATURE,BASE,POOL_QUANTITY_CONSERVATION|POOL:NODE-0009/MAT-0003|P02,POOL_QUANTITY_CONSERVATION,POOL,NODE-0009/MAT-0003,P02,0.0,0.0,0.0,0.0,1e-05,true
CAP-001-MINIATURE,BASE,POOL_QUANTITY_CONSERVATION|POOL:NODE-0009/MAT-0003|P03,POOL_QUANTITY_CONSERVATION,POOL,NODE-0009/MAT-0003,P03,60.0,60.0,0.0,0.0,1e-05,true
CAP-001-MINIATURE,BASE,POOL_QUANTITY_CONSERVATION|POOL:NODE-0009/MAT-0003|P04,POOL_QUANTITY_CONSERVATION,POOL,NODE-0009/MAT-0003,P04,0.0,0.0,0.0,0.0,1e-05,true
CAP-001-MINIATURE,BASE,POOL_QUANTITY_CONSERVATION|POOL:NODE-0009/MAT-0003|P05,POOL_QUANTITY_CONSERVATION,POOL,NODE-0009/MAT-0003,P05,0.0,0.0,0.0,0.0,1e-05,true
CAP-001-MINIATURE,BASE,POOL_QUANTITY_CONSERVATION|POOL:NODE-0009/MAT-0004|P01,POOL_QUANTITY_CONSERVATION,POOL,NODE-0009/MAT-0004,P01,0.0,0.0,0.0,0.0,1e-05,true
CAP-001-MINIATURE,BASE,POOL_QUANTITY_CONSERVATION|POOL:NODE-0009/MAT-0004|P02,POOL_QUANTITY_CONSERVATION,POOL,NODE-0009/MAT-0004,P02,0.0,0.0,0.0,0.0,1e-05,true
CAP-001-MINIATURE,BASE,POOL_QUANTITY_CONSERVATION|POOL:NODE-0009/MAT-0004|P03,POOL_QUANTITY_CONSERVATION,POOL,NODE-0009/MAT-0004,P03,120.0,120.0,0.0,0.0,1.2e-05,true
CAP-001-MINIATURE,BASE,POOL_QUANTITY_CONSERVATION|POOL:NODE-0009/MAT-0004|P04,POOL_QUANTITY_CONSERVATION,POOL,NODE-0009/MAT-0004,P04,0.0,0.0,0.0,0.0,1e-05,true
CAP-001-MINIATURE,BASE,POOL_QUANTITY_CONSERVATION|POOL:NODE-0009/MAT-0004|P05,POOL_QUANTITY_CONSERVATION,POOL,NODE-0009/MAT-0004,P05,0.0,0.0,0.0,0.0,1e-05,true
CAP-001-MINIATURE,BASE,POOL_QUANTITY_CONSERVATION|POOL:NODE-0009/MAT-0005|P01,POOL_QUANTITY_CONSERVATION,POOL,NODE-0009/MAT-0005,P01,0.0,0.0,0.0,0.0,1e-05,true
CAP-001-MINIATURE,BASE,POOL_QUANTITY_CONSERVATION|POOL:NODE-0009/MAT-0005|P02,POOL_QUANTITY_CONSERVATION,POOL,NODE-0009/MAT-0005,P02,0.0,0.0,0.0,0.0,1e-05,true
CAP-001-MINIATURE,BASE,POOL_QUANTITY_CONSERVATION|POOL:NODE-0009/MAT-0005|P03,POOL_QUANTITY_CONSERVATION,POOL,NODE-0009/MAT-0005,P03,60.0,60.0,0.0,0.0,1e-05,true
CAP-001-MINIATURE,BASE,POOL_QUANTITY_CONSERVATION|POOL:NODE-0009/MAT-0005|P04,POOL_QUANTITY_CONSERVATION,POOL,NODE-0009/MAT-0005,P04,0.0,0.0,0.0,0.0,1e-05,true
CAP-001-MINIATURE,BASE,POOL_QUANTITY_CONSERVATION|POOL:NODE-0009/MAT-0005|P05,POOL_QUANTITY_CONSERVATION,POOL,NODE-0009/MAT-0005,P05,0.0,0.0,0.0,0.0,1e-05,true
CAP-001-MINIATURE,BASE,POOL_QUANTITY_CONSERVATION|POOL:NODE-0010/MAT-0003|P01,POOL_QUANTITY_CONSERVATION,POOL,NODE-0010/MAT-0003,P01,0.0,0.0,0.0,0.0,1e-05,true
CAP-001-MINIATURE,BASE,POOL_QUANTITY_CONSERVATION|POOL:NODE-0010/MAT-0003|P02,POOL_QUANTITY_CONSERVATION,POOL,NODE-0010/MAT-0003,P02,0.0,0.0,0.0,0.0,1e-05,true
CAP-001-MINIATURE,BASE,POOL_QUANTITY_CONSERVATION|POOL:NODE-0010/MAT-0003|P03,POOL_QUANTITY_CONSERVATION,POOL,NODE-0010/MAT-0003,P03,40.0,40.0,0.0,0.0,1e-05,true
CAP-001-MINIATURE,BASE,POOL_QUANTITY_CONSERVATION|POOL:NODE-0010/MAT-0003|P04,POOL_QUANTITY_CONSERVATION,POOL,NODE-0010/MAT-0003,P04,5.0,5.0,0.0,0.0,1e-05,true
CAP-001-MINIATURE,BASE,POOL_QUANTITY_CONSERVATION|POOL:NODE-0010/MAT-0003|P05,POOL_QUANTITY_CONSERVATION,POOL,NODE-0010/MAT-0003,P05,5.0,5.0,0.0,0.0,1e-05,true
CAP-001-MINIATURE,BASE,POOL_QUANTITY_CONSERVATION|POOL:NODE-0010/MAT-0004|P01,POOL_QUANTITY_CONSERVATION,POOL,NODE-0010/MAT-0004,P01,0.0,0.0,0.0,0.0,1e-05,true
CAP-001-MINIATURE,BASE,POOL_QUANTITY_CONSERVATION|POOL:NODE-0010/MAT-0004|P02,POOL_QUANTITY_CONSERVATION,POOL,NODE-0010/MAT-0004,P02,0.0,0.0,0.0,0.0,1e-05,true
CAP-001-MINIATURE,BASE,POOL_QUANTITY_CONSERVATION|POOL:NODE-0010/MAT-0004|P03,POOL_QUANTITY_CONSERVATION,POOL,NODE-0010/MAT-0004,P03,70.0,70.0,0.0,0.0,1e-05,true
CAP-001-MINIATURE,BASE,POOL_QUANTITY_CONSERVATION|POOL:NODE-0010/MAT-0004|P04,POOL_QUANTITY_CONSERVATION,POOL,NODE-0010/MAT-0004,P04,0.0,0.0,0.0,0.0,1e-05,true
CAP-001-MINIATURE,BASE,POOL_QUANTITY_CONSERVATION|POOL:NODE-0010/MAT-0004|P05,POOL_QUANTITY_CONSERVATION,POOL,NODE-0010/MAT-0004,P05,0.0,0.0,0.0,0.0,1e-05,true
CAP-001-MINIATURE,BASE,POOL_QUANTITY_CONSERVATION|POOL:NODE-0010/MAT-0005|P01,POOL_QUANTITY_CONSERVATION,POOL,NODE-0010/MAT-0005,P01,0.0,0.0,0.0,0.0,1e-05,true
CAP-001-MINIATURE,BASE,POOL_QUANTITY_CONSERVATION|POOL:NODE-0010/MAT-0005|P02,POOL_QUANTITY_CONSERVATION,POOL,NODE-0010/MAT-0005,P02,0.0,0.0,0.0,0.0,1e-05,true
CAP-001-MINIATURE,BASE,POOL_QUANTITY_CONSERVATION|POOL:NODE-0010/MAT-0005|P03,POOL_QUANTITY_CONSERVATION,POOL,NODE-0010/MAT-0005,P03,35.0,35.0,0.0,0.0,1e-05,true
CAP-001-MINIATURE,BASE,POOL_QUANTITY_CONSERVATION|POOL:NODE-0010/MAT-0005|P04,POOL_QUANTITY_CONSERVATION,POOL,NODE-0010/MAT-0005,P04,0.0,0.0,0.0,0.0,1e-05,true
CAP-001-MINIATURE,BASE,POOL_QUANTITY_CONSERVATION|POOL:NODE-0010/MAT-0005|P05,POOL_QUANTITY_CONSERVATION,POOL,NODE-0010/MAT-0005,P05,0.0,0.0,0.0,0.0,1e-05,true
CAP-001-MINIATURE,BASE,POOL_QUANTITY_CONSERVATION|POOL:NODE-0011/MAT-0005|P01,POOL_QUANTITY_CONSERVATION,POOL,NODE-0011/MAT-0005,P01,10.0,10.0,0.0,0.0,1e-05,true
CAP-001-MINIATURE,BASE,POOL_QUANTITY_CONSERVATION|POOL:NODE-0011/MAT-0005|P02,POOL_QUANTITY_CONSERVATION,POOL,NODE-0011/MAT-0005,P02,10.0,10.0,0.0,0.0,1e-05,true
CAP-001-MINIATURE,BASE,POOL_QUANTITY_CONSERVATION|POOL:NODE-0011/MAT-0005|P03,POOL_QUANTITY_CONSERVATION,POOL,NODE-0011/MAT-0005,P03,10.0,10.0,0.0,0.0,1e-05,true
CAP-001-MINIATURE,BASE,POOL_QUANTITY_CONSERVATION|POOL:NODE-0011/MAT-0005|P04,POOL_QUANTITY_CONSERVATION,POOL,NODE-0011/MAT-0005,P04,45.0,45.0,0.0,0.0,1e-05,true
CAP-001-MINIATURE,BASE,POOL_QUANTITY_CONSERVATION|POOL:NODE-0011/MAT-0005|P05,POOL_QUANTITY_CONSERVATION,POOL,NODE-0011/MAT-0005,P05,15.0,15.0,0.0,0.0,1e-05,true
CAP-001-MINIATURE,BASE,POOL_QUANTITY_CONSERVATION|POOL:NODE-0012/MAT-0005|P01,POOL_QUANTITY_CONSERVATION,POOL,NODE-0012/MAT-0005,P01,0.0,0.0,0.0,0.0,1e-05,true
CAP-001-MINIATURE,BASE,POOL_QUANTITY_CONSERVATION|POOL:NODE-0012/MAT-0005|P02,POOL_QUANTITY_CONSERVATION,POOL,NODE-0012/MAT-0005,P02,0.0,0.0,0.0,0.0,1e-05,true
CAP-001-MINIATURE,BASE,POOL_QUANTITY_CONSERVATION|POOL:NODE-0012/MAT-0005|P03,POOL_QUANTITY_CONSERVATION,POOL,NODE-0012/MAT-0005,P03,0.0,0.0,0.0,0.0,1e-05,true
CAP-001-MINIATURE,BASE,POOL_QUANTITY_CONSERVATION|POOL:NODE-0012/MAT-0005|P04,POOL_QUANTITY_CONSERVATION,POOL,NODE-0012/MAT-0005,P04,40.0,40.0,0.0,0.0,1e-05,true
CAP-001-MINIATURE,BASE,POOL_QUANTITY_CONSERVATION|POOL:NODE-0012/MAT-0005|P05,POOL_QUANTITY_CONSERVATION,POOL,NODE-0012/MAT-0005,P05,10.0,10.0,0.0,0.0,1e-05,true
CAP-001-MINIATURE,BASE,POOL_QUANTITY_CONSERVATION|POOL:NODE-0013/MAT-0005|P01,POOL_QUANTITY_CONSERVATION,POOL,NODE-0013/MAT-0005,P01,0.0,0.0,0.0,0.0,1e-05,true
CAP-001-MINIATURE,BASE,POOL_QUANTITY_CONSERVATION|POOL:NODE-0013/MAT-0005|P02,POOL_QUANTITY_CONSERVATION,POOL,NODE-0013/MAT-0005,P02,0.0,0.0,0.0,0.0,1e-05,true
CAP-001-MINIATURE,BASE,POOL_QUANTITY_CONSERVATION|POOL:NODE-0013/MAT-0005|P03,POOL_QUANTITY_CONSERVATION,POOL,NODE-0013/MAT-0005,P03,0.0,0.0,0.0,0.0,1e-05,true
CAP-001-MINIATURE,BASE,POOL_QUANTITY_CONSERVATION|POOL:NODE-0013/MAT-0005|P04,POOL_QUANTITY_CONSERVATION,POOL,NODE-0013/MAT-0005,P04,20.0,20.0,0.0,0.0,1e-05,true
CAP-001-MINIATURE,BASE,POOL_QUANTITY_CONSERVATION|POOL:NODE-0013/MAT-0005|P05,POOL_QUANTITY_CONSERVATION,POOL,NODE-0013/MAT-0005,P05,8.0,8.0,0.0,0.0,1e-05,true
CAP-001-MINIATURE,BASE,POOL_QUANTITY_ROLLFORWARD|POOL:NODE-0001/MAT-0001|P01,POOL_QUANTITY_ROLLFORWARD,POOL,NODE-0001/MAT-0001,P01,100.0,100.0,0.0,0.0,1e-05,true
CAP-001-MINIATURE,BASE,POOL_QUANTITY_ROLLFORWARD|POOL:NODE-0001/MAT-0001|P02,POOL_QUANTITY_ROLLFORWARD,POOL,NODE-0001/MAT-0001,P02,0.0,0.0,0.0,0.0,1e-05,true
CAP-001-MINIATURE,BASE,POOL_QUANTITY_ROLLFORWARD|POOL:NODE-0001/MAT-0001|P03,POOL_QUANTITY_ROLLFORWARD,POOL,NODE-0001/MAT-0001,P03,0.0,0.0,0.0,0.0,1e-05,true
CAP-001-MINIATURE,BASE,POOL_QUANTITY_ROLLFORWARD|POOL:NODE-0001/MAT-0001|P04,POOL_QUANTITY_ROLLFORWARD,POOL,NODE-0001/MAT-0001,P04,0.0,0.0,0.0,0.0,1e-05,true
CAP-001-MINIATURE,BASE,POOL_QUANTITY_ROLLFORWARD|POOL:NODE-0001/MAT-0001|P05,POOL_QUANTITY_ROLLFORWARD,POOL,NODE-0001/MAT-0001,P05,0.0,0.0,0.0,0.0,1e-05,true
CAP-001-MINIATURE,BASE,POOL_QUANTITY_ROLLFORWARD|POOL:NODE-0002/MAT-0002|P01,POOL_QUANTITY_ROLLFORWARD,POOL,NODE-0002/MAT-0002,P01,110.0,110.0,0.0,0.0,1.1e-05,true
CAP-001-MINIATURE,BASE,POOL_QUANTITY_ROLLFORWARD|POOL:NODE-0002/MAT-0002|P02,POOL_QUANTITY_ROLLFORWARD,POOL,NODE-0002/MAT-0002,P02,0.0,0.0,0.0,0.0,1e-05,true
CAP-001-MINIATURE,BASE,POOL_QUANTITY_ROLLFORWARD|POOL:NODE-0002/MAT-0002|P03,POOL_QUANTITY_ROLLFORWARD,POOL,NODE-0002/MAT-0002,P03,0.0,0.0,0.0,0.0,1e-05,true
CAP-001-MINIATURE,BASE,POOL_QUANTITY_ROLLFORWARD|POOL:NODE-0002/MAT-0002|P04,POOL_QUANTITY_ROLLFORWARD,POOL,NODE-0002/MAT-0002,P04,0.0,0.0,0.0,0.0,1e-05,true
CAP-001-MINIATURE,BASE,POOL_QUANTITY_ROLLFORWARD|POOL:NODE-0002/MAT-0002|P05,POOL_QUANTITY_ROLLFORWARD,POOL,NODE-0002/MAT-0002,P05,0.0,0.0,0.0,0.0,1e-05,true
CAP-001-MINIATURE,BASE,POOL_QUANTITY_ROLLFORWARD|POOL:NODE-0003/MAT-0002|P01,POOL_QUANTITY_ROLLFORWARD,POOL,NODE-0003/MAT-0002,P01,100.0,100.0,0.0,0.0,1e-05,true
CAP-001-MINIATURE,BASE,POOL_QUANTITY_ROLLFORWARD|POOL:NODE-0003/MAT-0002|P02,POOL_QUANTITY_ROLLFORWARD,POOL,NODE-0003/MAT-0002,P02,0.0,0.0,0.0,0.0,1e-05,true
CAP-001-MINIATURE,BASE,POOL_QUANTITY_ROLLFORWARD|POOL:NODE-0003/MAT-0002|P03,POOL_QUANTITY_ROLLFORWARD,POOL,NODE-0003/MAT-0002,P03,0.0,0.0,0.0,0.0,1e-05,true
CAP-001-MINIATURE,BASE,POOL_QUANTITY_ROLLFORWARD|POOL:NODE-0003/MAT-0002|P04,POOL_QUANTITY_ROLLFORWARD,POOL,NODE-0003/MAT-0002,P04,0.0,0.0,0.0,0.0,1e-05,true
CAP-001-MINIATURE,BASE,POOL_QUANTITY_ROLLFORWARD|POOL:NODE-0003/MAT-0002|P05,POOL_QUANTITY_ROLLFORWARD,POOL,NODE-0003/MAT-0002,P05,0.0,0.0,0.0,0.0,1e-05,true
CAP-001-MINIATURE,BASE,POOL_QUANTITY_ROLLFORWARD|POOL:NODE-0004/MAT-0001|P01,POOL_QUANTITY_ROLLFORWARD,POOL,NODE-0004/MAT-0001,P01,0.0,0.0,0.0,0.0,1e-05,true
CAP-001-MINIATURE,BASE,POOL_QUANTITY_ROLLFORWARD|POOL:NODE-0004/MAT-0001|P02,POOL_QUANTITY_ROLLFORWARD,POOL,NODE-0004/MAT-0001,P02,60.0,60.0,0.0,0.0,1e-05,true
CAP-001-MINIATURE,BASE,POOL_QUANTITY_ROLLFORWARD|POOL:NODE-0004/MAT-0001|P03,POOL_QUANTITY_ROLLFORWARD,POOL,NODE-0004/MAT-0001,P03,0.0,0.0,0.0,0.0,1e-05,true
CAP-001-MINIATURE,BASE,POOL_QUANTITY_ROLLFORWARD|POOL:NODE-0004/MAT-0001|P04,POOL_QUANTITY_ROLLFORWARD,POOL,NODE-0004/MAT-0001,P04,0.0,0.0,0.0,0.0,1e-05,true
CAP-001-MINIATURE,BASE,POOL_QUANTITY_ROLLFORWARD|POOL:NODE-0004/MAT-0001|P05,POOL_QUANTITY_ROLLFORWARD,POOL,NODE-0004/MAT-0001,P05,0.0,0.0,0.0,0.0,1e-05,true
CAP-001-MINIATURE,BASE,POOL_QUANTITY_ROLLFORWARD|POOL:NODE-0004/MAT-0003|P01,POOL_QUANTITY_ROLLFORWARD,POOL,NODE-0004/MAT-0003,P01,0.0,0.0,0.0,0.0,1e-05,true
CAP-001-MINIATURE,BASE,POOL_QUANTITY_ROLLFORWARD|POOL:NODE-0004/MAT-0003|P02,POOL_QUANTITY_ROLLFORWARD,POOL,NODE-0004/MAT-0003,P02,60.0,60.0,0.0,0.0,1e-05,true
CAP-001-MINIATURE,BASE,POOL_QUANTITY_ROLLFORWARD|POOL:NODE-0004/MAT-0003|P03,POOL_QUANTITY_ROLLFORWARD,POOL,NODE-0004/MAT-0003,P03,0.0,0.0,0.0,0.0,1e-05,true
CAP-001-MINIATURE,BASE,POOL_QUANTITY_ROLLFORWARD|POOL:NODE-0004/MAT-0003|P04,POOL_QUANTITY_ROLLFORWARD,POOL,NODE-0004/MAT-0003,P04,0.0,0.0,0.0,0.0,1e-05,true
CAP-001-MINIATURE,BASE,POOL_QUANTITY_ROLLFORWARD|POOL:NODE-0004/MAT-0003|P05,POOL_QUANTITY_ROLLFORWARD,POOL,NODE-0004/MAT-0003,P05,0.0,0.0,0.0,0.0,1e-05,true
CAP-001-MINIATURE,BASE,POOL_QUANTITY_ROLLFORWARD|POOL:NODE-0005/MAT-0001|P01,POOL_QUANTITY_ROLLFORWARD,POOL,NODE-0005/MAT-0001,P01,0.0,0.0,0.0,0.0,1e-05,true
CAP-001-MINIATURE,BASE,POOL_QUANTITY_ROLLFORWARD|POOL:NODE-0005/MAT-0001|P02,POOL_QUANTITY_ROLLFORWARD,POOL,NODE-0005/MAT-0001,P02,40.0,40.0,0.0,0.0,1e-05,true
CAP-001-MINIATURE,BASE,POOL_QUANTITY_ROLLFORWARD|POOL:NODE-0005/MAT-0001|P03,POOL_QUANTITY_ROLLFORWARD,POOL,NODE-0005/MAT-0001,P03,0.0,0.0,0.0,0.0,1e-05,true
CAP-001-MINIATURE,BASE,POOL_QUANTITY_ROLLFORWARD|POOL:NODE-0005/MAT-0001|P04,POOL_QUANTITY_ROLLFORWARD,POOL,NODE-0005/MAT-0001,P04,0.0,0.0,0.0,0.0,1e-05,true
CAP-001-MINIATURE,BASE,POOL_QUANTITY_ROLLFORWARD|POOL:NODE-0005/MAT-0001|P05,POOL_QUANTITY_ROLLFORWARD,POOL,NODE-0005/MAT-0001,P05,0.0,0.0,0.0,0.0,1e-05,true
CAP-001-MINIATURE,BASE,POOL_QUANTITY_ROLLFORWARD|POOL:NODE-0005/MAT-0003|P01,POOL_QUANTITY_ROLLFORWARD,POOL,NODE-0005/MAT-0003,P01,0.0,0.0,0.0,0.0,1e-05,true
CAP-001-MINIATURE,BASE,POOL_QUANTITY_ROLLFORWARD|POOL:NODE-0005/MAT-0003|P02,POOL_QUANTITY_ROLLFORWARD,POOL,NODE-0005/MAT-0003,P02,40.0,40.0,0.0,0.0,1e-05,true
CAP-001-MINIATURE,BASE,POOL_QUANTITY_ROLLFORWARD|POOL:NODE-0005/MAT-0003|P03,POOL_QUANTITY_ROLLFORWARD,POOL,NODE-0005/MAT-0003,P03,0.0,0.0,0.0,0.0,1e-05,true
CAP-001-MINIATURE,BASE,POOL_QUANTITY_ROLLFORWARD|POOL:NODE-0005/MAT-0003|P04,POOL_QUANTITY_ROLLFORWARD,POOL,NODE-0005/MAT-0003,P04,0.0,0.0,0.0,0.0,1e-05,true
CAP-001-MINIATURE,BASE,POOL_QUANTITY_ROLLFORWARD|POOL:NODE-0005/MAT-0003|P05,POOL_QUANTITY_ROLLFORWARD,POOL,NODE-0005/MAT-0003,P05,0.0,0.0,0.0,0.0,1e-05,true
CAP-001-MINIATURE,BASE,POOL_QUANTITY_ROLLFORWARD|POOL:NODE-0006/MAT-0002|P01,POOL_QUANTITY_ROLLFORWARD,POOL,NODE-0006/MAT-0002,P01,20.0,20.0,0.0,0.0,1e-05,true
CAP-001-MINIATURE,BASE,POOL_QUANTITY_ROLLFORWARD|POOL:NODE-0006/MAT-0002|P02,POOL_QUANTITY_ROLLFORWARD,POOL,NODE-0006/MAT-0002,P02,150.0,150.0,0.0,0.0,1.4999999999999999e-05,true
CAP-001-MINIATURE,BASE,POOL_QUANTITY_ROLLFORWARD|POOL:NODE-0006/MAT-0002|P03,POOL_QUANTITY_ROLLFORWARD,POOL,NODE-0006/MAT-0002,P03,0.0,0.0,0.0,0.0,1e-05,true
CAP-001-MINIATURE,BASE,POOL_QUANTITY_ROLLFORWARD|POOL:NODE-0006/MAT-0002|P04,POOL_QUANTITY_ROLLFORWARD,POOL,NODE-0006/MAT-0002,P04,0.0,0.0,0.0,0.0,1e-05,true
CAP-001-MINIATURE,BASE,POOL_QUANTITY_ROLLFORWARD|POOL:NODE-0006/MAT-0002|P05,POOL_QUANTITY_ROLLFORWARD,POOL,NODE-0006/MAT-0002,P05,0.0,0.0,0.0,0.0,1e-05,true
CAP-001-MINIATURE,BASE,POOL_QUANTITY_ROLLFORWARD|POOL:NODE-0006/MAT-0004|P01,POOL_QUANTITY_ROLLFORWARD,POOL,NODE-0006/MAT-0004,P01,0.0,0.0,0.0,0.0,1e-05,true
CAP-001-MINIATURE,BASE,POOL_QUANTITY_ROLLFORWARD|POOL:NODE-0006/MAT-0004|P02,POOL_QUANTITY_ROLLFORWARD,POOL,NODE-0006/MAT-0004,P02,120.0,120.0,0.0,0.0,1.2e-05,true
CAP-001-MINIATURE,BASE,POOL_QUANTITY_ROLLFORWARD|POOL:NODE-0006/MAT-0004|P03,POOL_QUANTITY_ROLLFORWARD,POOL,NODE-0006/MAT-0004,P03,0.0,0.0,0.0,0.0,1e-05,true
CAP-001-MINIATURE,BASE,POOL_QUANTITY_ROLLFORWARD|POOL:NODE-0006/MAT-0004|P04,POOL_QUANTITY_ROLLFORWARD,POOL,NODE-0006/MAT-0004,P04,0.0,0.0,0.0,0.0,1e-05,true
CAP-001-MINIATURE,BASE,POOL_QUANTITY_ROLLFORWARD|POOL:NODE-0006/MAT-0004|P05,POOL_QUANTITY_ROLLFORWARD,POOL,NODE-0006/MAT-0004,P05,0.0,0.0,0.0,0.0,1e-05,true
CAP-001-MINIATURE,BASE,POOL_QUANTITY_ROLLFORWARD|POOL:NODE-0007/MAT-0002|P01,POOL_QUANTITY_ROLLFORWARD,POOL,NODE-0007/MAT-0002,P01,0.0,0.0,0.0,0.0,1e-05,true
CAP-001-MINIATURE,BASE,POOL_QUANTITY_ROLLFORWARD|POOL:NODE-0007/MAT-0002|P02,POOL_QUANTITY_ROLLFORWARD,POOL,NODE-0007/MAT-0002,P02,50.0,50.0,0.0,0.0,1e-05,true
CAP-001-MINIATURE,BASE,POOL_QUANTITY_ROLLFORWARD|POOL:NODE-0007/MAT-0002|P03,POOL_QUANTITY_ROLLFORWARD,POOL,NODE-0007/MAT-0002,P03,10.0,10.0,0.0,0.0,1e-05,true
CAP-001-MINIATURE,BASE,POOL_QUANTITY_ROLLFORWARD|POOL:NODE-0007/MAT-0002|P04,POOL_QUANTITY_ROLLFORWARD,POOL,NODE-0007/MAT-0002,P04,10.0,10.0,0.0,0.0,1e-05,true
CAP-001-MINIATURE,BASE,POOL_QUANTITY_ROLLFORWARD|POOL:NODE-0007/MAT-0002|P05,POOL_QUANTITY_ROLLFORWARD,POOL,NODE-0007/MAT-0002,P05,10.0,10.0,0.0,0.0,1e-05,true
CAP-001-MINIATURE,BASE,POOL_QUANTITY_ROLLFORWARD|POOL:NODE-0007/MAT-0004|P01,POOL_QUANTITY_ROLLFORWARD,POOL,NODE-0007/MAT-0004,P01,0.0,0.0,0.0,0.0,1e-05,true
CAP-001-MINIATURE,BASE,POOL_QUANTITY_ROLLFORWARD|POOL:NODE-0007/MAT-0004|P02,POOL_QUANTITY_ROLLFORWARD,POOL,NODE-0007/MAT-0004,P02,40.0,40.0,0.0,0.0,1e-05,true
CAP-001-MINIATURE,BASE,POOL_QUANTITY_ROLLFORWARD|POOL:NODE-0007/MAT-0004|P03,POOL_QUANTITY_ROLLFORWARD,POOL,NODE-0007/MAT-0004,P03,0.0,0.0,0.0,0.0,1e-05,true
CAP-001-MINIATURE,BASE,POOL_QUANTITY_ROLLFORWARD|POOL:NODE-0007/MAT-0004|P04,POOL_QUANTITY_ROLLFORWARD,POOL,NODE-0007/MAT-0004,P04,0.0,0.0,0.0,0.0,1e-05,true
CAP-001-MINIATURE,BASE,POOL_QUANTITY_ROLLFORWARD|POOL:NODE-0007/MAT-0004|P05,POOL_QUANTITY_ROLLFORWARD,POOL,NODE-0007/MAT-0004,P05,0.0,0.0,0.0,0.0,1e-05,true
CAP-001-MINIATURE,BASE,POOL_QUANTITY_ROLLFORWARD|POOL:NODE-0008/MAT-0002|P01,POOL_QUANTITY_ROLLFORWARD,POOL,NODE-0008/MAT-0002,P01,0.0,0.0,0.0,0.0,1e-05,true
CAP-001-MINIATURE,BASE,POOL_QUANTITY_ROLLFORWARD|POOL:NODE-0008/MAT-0002|P02,POOL_QUANTITY_ROLLFORWARD,POOL,NODE-0008/MAT-0002,P02,30.0,30.0,0.0,0.0,1e-05,true
CAP-001-MINIATURE,BASE,POOL_QUANTITY_ROLLFORWARD|POOL:NODE-0008/MAT-0002|P03,POOL_QUANTITY_ROLLFORWARD,POOL,NODE-0008/MAT-0002,P03,0.0,0.0,0.0,0.0,1e-05,true
CAP-001-MINIATURE,BASE,POOL_QUANTITY_ROLLFORWARD|POOL:NODE-0008/MAT-0002|P04,POOL_QUANTITY_ROLLFORWARD,POOL,NODE-0008/MAT-0002,P04,0.0,0.0,0.0,0.0,1e-05,true
CAP-001-MINIATURE,BASE,POOL_QUANTITY_ROLLFORWARD|POOL:NODE-0008/MAT-0002|P05,POOL_QUANTITY_ROLLFORWARD,POOL,NODE-0008/MAT-0002,P05,0.0,0.0,0.0,0.0,1e-05,true
CAP-001-MINIATURE,BASE,POOL_QUANTITY_ROLLFORWARD|POOL:NODE-0008/MAT-0004|P01,POOL_QUANTITY_ROLLFORWARD,POOL,NODE-0008/MAT-0004,P01,0.0,0.0,0.0,0.0,1e-05,true
CAP-001-MINIATURE,BASE,POOL_QUANTITY_ROLLFORWARD|POOL:NODE-0008/MAT-0004|P02,POOL_QUANTITY_ROLLFORWARD,POOL,NODE-0008/MAT-0004,P02,30.0,30.0,0.0,0.0,1e-05,true
CAP-001-MINIATURE,BASE,POOL_QUANTITY_ROLLFORWARD|POOL:NODE-0008/MAT-0004|P03,POOL_QUANTITY_ROLLFORWARD,POOL,NODE-0008/MAT-0004,P03,0.0,0.0,0.0,0.0,1e-05,true
CAP-001-MINIATURE,BASE,POOL_QUANTITY_ROLLFORWARD|POOL:NODE-0008/MAT-0004|P04,POOL_QUANTITY_ROLLFORWARD,POOL,NODE-0008/MAT-0004,P04,0.0,0.0,0.0,0.0,1e-05,true
CAP-001-MINIATURE,BASE,POOL_QUANTITY_ROLLFORWARD|POOL:NODE-0008/MAT-0004|P05,POOL_QUANTITY_ROLLFORWARD,POOL,NODE-0008/MAT-0004,P05,0.0,0.0,0.0,0.0,1e-05,true
CAP-001-MINIATURE,BASE,POOL_QUANTITY_ROLLFORWARD|POOL:NODE-0009/MAT-0003|P01,POOL_QUANTITY_ROLLFORWARD,POOL,NODE-0009/MAT-0003,P01,0.0,0.0,0.0,0.0,1e-05,true
CAP-001-MINIATURE,BASE,POOL_QUANTITY_ROLLFORWARD|POOL:NODE-0009/MAT-0003|P02,POOL_QUANTITY_ROLLFORWARD,POOL,NODE-0009/MAT-0003,P02,0.0,0.0,0.0,0.0,1e-05,true
CAP-001-MINIATURE,BASE,POOL_QUANTITY_ROLLFORWARD|POOL:NODE-0009/MAT-0003|P03,POOL_QUANTITY_ROLLFORWARD,POOL,NODE-0009/MAT-0003,P03,60.0,60.0,0.0,0.0,1e-05,true
CAP-001-MINIATURE,BASE,POOL_QUANTITY_ROLLFORWARD|POOL:NODE-0009/MAT-0003|P04,POOL_QUANTITY_ROLLFORWARD,POOL,NODE-0009/MAT-0003,P04,0.0,0.0,0.0,0.0,1e-05,true
CAP-001-MINIATURE,BASE,POOL_QUANTITY_ROLLFORWARD|POOL:NODE-0009/MAT-0003|P05,POOL_QUANTITY_ROLLFORWARD,POOL,NODE-0009/MAT-0003,P05,0.0,0.0,0.0,0.0,1e-05,true
CAP-001-MINIATURE,BASE,POOL_QUANTITY_ROLLFORWARD|POOL:NODE-0009/MAT-0004|P01,POOL_QUANTITY_ROLLFORWARD,POOL,NODE-0009/MAT-0004,P01,0.0,0.0,0.0,0.0,1e-05,true
CAP-001-MINIATURE,BASE,POOL_QUANTITY_ROLLFORWARD|POOL:NODE-0009/MAT-0004|P02,POOL_QUANTITY_ROLLFORWARD,POOL,NODE-0009/MAT-0004,P02,0.0,0.0,0.0,0.0,1e-05,true
CAP-001-MINIATURE,BASE,POOL_QUANTITY_ROLLFORWARD|POOL:NODE-0009/MAT-0004|P03,POOL_QUANTITY_ROLLFORWARD,POOL,NODE-0009/MAT-0004,P03,120.0,120.0,0.0,0.0,1.2e-05,true
CAP-001-MINIATURE,BASE,POOL_QUANTITY_ROLLFORWARD|POOL:NODE-0009/MAT-0004|P04,POOL_QUANTITY_ROLLFORWARD,POOL,NODE-0009/MAT-0004,P04,0.0,0.0,0.0,0.0,1e-05,true
CAP-001-MINIATURE,BASE,POOL_QUANTITY_ROLLFORWARD|POOL:NODE-0009/MAT-0004|P05,POOL_QUANTITY_ROLLFORWARD,POOL,NODE-0009/MAT-0004,P05,0.0,0.0,0.0,0.0,1e-05,true
CAP-001-MINIATURE,BASE,POOL_QUANTITY_ROLLFORWARD|POOL:NODE-0009/MAT-0005|P01,POOL_QUANTITY_ROLLFORWARD,POOL,NODE-0009/MAT-0005,P01,0.0,0.0,0.0,0.0,1e-05,true
CAP-001-MINIATURE,BASE,POOL_QUANTITY_ROLLFORWARD|POOL:NODE-0009/MAT-0005|P02,POOL_QUANTITY_ROLLFORWARD,POOL,NODE-0009/MAT-0005,P02,0.0,0.0,0.0,0.0,1e-05,true
CAP-001-MINIATURE,BASE,POOL_QUANTITY_ROLLFORWARD|POOL:NODE-0009/MAT-0005|P03,POOL_QUANTITY_ROLLFORWARD,POOL,NODE-0009/MAT-0005,P03,60.0,60.0,0.0,0.0,1e-05,true
CAP-001-MINIATURE,BASE,POOL_QUANTITY_ROLLFORWARD|POOL:NODE-0009/MAT-0005|P04,POOL_QUANTITY_ROLLFORWARD,POOL,NODE-0009/MAT-0005,P04,0.0,0.0,0.0,0.0,1e-05,true
CAP-001-MINIATURE,BASE,POOL_QUANTITY_ROLLFORWARD|POOL:NODE-0009/MAT-0005|P05,POOL_QUANTITY_ROLLFORWARD,POOL,NODE-0009/MAT-0005,P05,0.0,0.0,0.0,0.0,1e-05,true
CAP-001-MINIATURE,BASE,POOL_QUANTITY_ROLLFORWARD|POOL:NODE-0010/MAT-0003|P01,POOL_QUANTITY_ROLLFORWARD,POOL,NODE-0010/MAT-0003,P01,0.0,0.0,0.0,0.0,1e-05,true
CAP-001-MINIATURE,BASE,POOL_QUANTITY_ROLLFORWARD|POOL:NODE-0010/MAT-0003|P02,POOL_QUANTITY_ROLLFORWARD,POOL,NODE-0010/MAT-0003,P02,0.0,0.0,0.0,0.0,1e-05,true
CAP-001-MINIATURE,BASE,POOL_QUANTITY_ROLLFORWARD|POOL:NODE-0010/MAT-0003|P03,POOL_QUANTITY_ROLLFORWARD,POOL,NODE-0010/MAT-0003,P03,40.0,40.0,0.0,0.0,1e-05,true
CAP-001-MINIATURE,BASE,POOL_QUANTITY_ROLLFORWARD|POOL:NODE-0010/MAT-0003|P04,POOL_QUANTITY_ROLLFORWARD,POOL,NODE-0010/MAT-0003,P04,5.0,5.0,0.0,0.0,1e-05,true
CAP-001-MINIATURE,BASE,POOL_QUANTITY_ROLLFORWARD|POOL:NODE-0010/MAT-0003|P05,POOL_QUANTITY_ROLLFORWARD,POOL,NODE-0010/MAT-0003,P05,5.0,5.0,0.0,0.0,1e-05,true
CAP-001-MINIATURE,BASE,POOL_QUANTITY_ROLLFORWARD|POOL:NODE-0010/MAT-0004|P01,POOL_QUANTITY_ROLLFORWARD,POOL,NODE-0010/MAT-0004,P01,0.0,0.0,0.0,0.0,1e-05,true
CAP-001-MINIATURE,BASE,POOL_QUANTITY_ROLLFORWARD|POOL:NODE-0010/MAT-0004|P02,POOL_QUANTITY_ROLLFORWARD,POOL,NODE-0010/MAT-0004,P02,0.0,0.0,0.0,0.0,1e-05,true
CAP-001-MINIATURE,BASE,POOL_QUANTITY_ROLLFORWARD|POOL:NODE-0010/MAT-0004|P03,POOL_QUANTITY_ROLLFORWARD,POOL,NODE-0010/MAT-0004,P03,70.0,70.0,0.0,0.0,1e-05,true
CAP-001-MINIATURE,BASE,POOL_QUANTITY_ROLLFORWARD|POOL:NODE-0010/MAT-0004|P04,POOL_QUANTITY_ROLLFORWARD,POOL,NODE-0010/MAT-0004,P04,0.0,0.0,0.0,0.0,1e-05,true
CAP-001-MINIATURE,BASE,POOL_QUANTITY_ROLLFORWARD|POOL:NODE-0010/MAT-0004|P05,POOL_QUANTITY_ROLLFORWARD,POOL,NODE-0010/MAT-0004,P05,0.0,0.0,0.0,0.0,1e-05,true
CAP-001-MINIATURE,BASE,POOL_QUANTITY_ROLLFORWARD|POOL:NODE-0010/MAT-0005|P01,POOL_QUANTITY_ROLLFORWARD,POOL,NODE-0010/MAT-0005,P01,0.0,0.0,0.0,0.0,1e-05,true
CAP-001-MINIATURE,BASE,POOL_QUANTITY_ROLLFORWARD|POOL:NODE-0010/MAT-0005|P02,POOL_QUANTITY_ROLLFORWARD,POOL,NODE-0010/MAT-0005,P02,0.0,0.0,0.0,0.0,1e-05,true
CAP-001-MINIATURE,BASE,POOL_QUANTITY_ROLLFORWARD|POOL:NODE-0010/MAT-0005|P03,POOL_QUANTITY_ROLLFORWARD,POOL,NODE-0010/MAT-0005,P03,35.0,35.0,0.0,0.0,1e-05,true
CAP-001-MINIATURE,BASE,POOL_QUANTITY_ROLLFORWARD|POOL:NODE-0010/MAT-0005|P04,POOL_QUANTITY_ROLLFORWARD,POOL,NODE-0010/MAT-0005,P04,0.0,0.0,0.0,0.0,1e-05,true
CAP-001-MINIATURE,BASE,POOL_QUANTITY_ROLLFORWARD|POOL:NODE-0010/MAT-0005|P05,POOL_QUANTITY_ROLLFORWARD,POOL,NODE-0010/MAT-0005,P05,0.0,0.0,0.0,0.0,1e-05,true
CAP-001-MINIATURE,BASE,POOL_QUANTITY_ROLLFORWARD|POOL:NODE-0011/MAT-0005|P01,POOL_QUANTITY_ROLLFORWARD,POOL,NODE-0011/MAT-0005,P01,10.0,10.0,0.0,0.0,1e-05,true
CAP-001-MINIATURE,BASE,POOL_QUANTITY_ROLLFORWARD|POOL:NODE-0011/MAT-0005|P02,POOL_QUANTITY_ROLLFORWARD,POOL,NODE-0011/MAT-0005,P02,10.0,10.0,0.0,0.0,1e-05,true
CAP-001-MINIATURE,BASE,POOL_QUANTITY_ROLLFORWARD|POOL:NODE-0011/MAT-0005|P03,POOL_QUANTITY_ROLLFORWARD,POOL,NODE-0011/MAT-0005,P03,10.0,10.0,0.0,0.0,1e-05,true
CAP-001-MINIATURE,BASE,POOL_QUANTITY_ROLLFORWARD|POOL:NODE-0011/MAT-0005|P04,POOL_QUANTITY_ROLLFORWARD,POOL,NODE-0011/MAT-0005,P04,45.0,45.0,0.0,0.0,1e-05,true
CAP-001-MINIATURE,BASE,POOL_QUANTITY_ROLLFORWARD|POOL:NODE-0011/MAT-0005|P05,POOL_QUANTITY_ROLLFORWARD,POOL,NODE-0011/MAT-0005,P05,15.0,15.0,0.0,0.0,1e-05,true
CAP-001-MINIATURE,BASE,POOL_QUANTITY_ROLLFORWARD|POOL:NODE-0012/MAT-0005|P01,POOL_QUANTITY_ROLLFORWARD,POOL,NODE-0012/MAT-0005,P01,0.0,0.0,0.0,0.0,1e-05,true
CAP-001-MINIATURE,BASE,POOL_QUANTITY_ROLLFORWARD|POOL:NODE-0012/MAT-0005|P02,POOL_QUANTITY_ROLLFORWARD,POOL,NODE-0012/MAT-0005,P02,0.0,0.0,0.0,0.0,1e-05,true
CAP-001-MINIATURE,BASE,POOL_QUANTITY_ROLLFORWARD|POOL:NODE-0012/MAT-0005|P03,POOL_QUANTITY_ROLLFORWARD,POOL,NODE-0012/MAT-0005,P03,0.0,0.0,0.0,0.0,1e-05,true
CAP-001-MINIATURE,BASE,POOL_QUANTITY_ROLLFORWARD|POOL:NODE-0012/MAT-0005|P04,POOL_QUANTITY_ROLLFORWARD,POOL,NODE-0012/MAT-0005,P04,40.0,40.0,0.0,0.0,1e-05,true
CAP-001-MINIATURE,BASE,POOL_QUANTITY_ROLLFORWARD|POOL:NODE-0012/MAT-0005|P05,POOL_QUANTITY_ROLLFORWARD,POOL,NODE-0012/MAT-0005,P05,10.0,10.0,0.0,0.0,1e-05,true
CAP-001-MINIATURE,BASE,POOL_QUANTITY_ROLLFORWARD|POOL:NODE-0013/MAT-0005|P01,POOL_QUANTITY_ROLLFORWARD,POOL,NODE-0013/MAT-0005,P01,0.0,0.0,0.0,0.0,1e-05,true
CAP-001-MINIATURE,BASE,POOL_QUANTITY_ROLLFORWARD|POOL:NODE-0013/MAT-0005|P02,POOL_QUANTITY_ROLLFORWARD,POOL,NODE-0013/MAT-0005,P02,0.0,0.0,0.0,0.0,1e-05,true
CAP-001-MINIATURE,BASE,POOL_QUANTITY_ROLLFORWARD|POOL:NODE-0013/MAT-0005|P03,POOL_QUANTITY_ROLLFORWARD,POOL,NODE-0013/MAT-0005,P03,0.0,0.0,0.0,0.0,1e-05,true
CAP-001-MINIATURE,BASE,POOL_QUANTITY_ROLLFORWARD|POOL:NODE-0013/MAT-0005|P04,POOL_QUANTITY_ROLLFORWARD,POOL,NODE-0013/MAT-0005,P04,20.0,20.0,0.0,0.0,1e-05,true
CAP-001-MINIATURE,BASE,POOL_QUANTITY_ROLLFORWARD|POOL:NODE-0013/MAT-0005|P05,POOL_QUANTITY_ROLLFORWARD,POOL,NODE-0013/MAT-0005,P05,8.0,8.0,0.0,0.0,1e-05,true
CAP-001-MINIATURE,BASE,POOL_UNIT_COST_BILINEAR|POOL:NODE-0001/MAT-0001|P01,POOL_UNIT_COST_BILINEAR,POOL,NODE-0001/MAT-0001,P01,400.0,400.0,0.0,0.0,0.001,true
CAP-001-MINIATURE,BASE,POOL_UNIT_COST_BILINEAR|POOL:NODE-0001/MAT-0001|P02,POOL_UNIT_COST_BILINEAR,POOL,NODE-0001/MAT-0001,P02,0.0,0.0,0.0,0.0,0.001,true
CAP-001-MINIATURE,BASE,POOL_UNIT_COST_BILINEAR|POOL:NODE-0001/MAT-0001|P03,POOL_UNIT_COST_BILINEAR,POOL,NODE-0001/MAT-0001,P03,0.0,0.0,0.0,0.0,0.001,true
CAP-001-MINIATURE,BASE,POOL_UNIT_COST_BILINEAR|POOL:NODE-0001/MAT-0001|P04,POOL_UNIT_COST_BILINEAR,POOL,NODE-0001/MAT-0001,P04,0.0,0.0,0.0,0.0,0.001,true
CAP-001-MINIATURE,BASE,POOL_UNIT_COST_BILINEAR|POOL:NODE-0001/MAT-0001|P05,POOL_UNIT_COST_BILINEAR,POOL,NODE-0001/MAT-0001,P05,0.0,0.0,0.0,0.0,0.001,true
CAP-001-MINIATURE,BASE,POOL_UNIT_COST_BILINEAR|POOL:NODE-0002/MAT-0002|P01,POOL_UNIT_COST_BILINEAR,POOL,NODE-0002/MAT-0002,P01,220.0,220.0,0.0,0.0,0.001,true
CAP-001-MINIATURE,BASE,POOL_UNIT_COST_BILINEAR|POOL:NODE-0002/MAT-0002|P02,POOL_UNIT_COST_BILINEAR,POOL,NODE-0002/MAT-0002,P02,0.0,0.0,0.0,0.0,0.001,true
CAP-001-MINIATURE,BASE,POOL_UNIT_COST_BILINEAR|POOL:NODE-0002/MAT-0002|P03,POOL_UNIT_COST_BILINEAR,POOL,NODE-0002/MAT-0002,P03,0.0,0.0,0.0,0.0,0.001,true
CAP-001-MINIATURE,BASE,POOL_UNIT_COST_BILINEAR|POOL:NODE-0002/MAT-0002|P04,POOL_UNIT_COST_BILINEAR,POOL,NODE-0002/MAT-0002,P04,0.0,0.0,0.0,0.0,0.001,true
CAP-001-MINIATURE,BASE,POOL_UNIT_COST_BILINEAR|POOL:NODE-0002/MAT-0002|P05,POOL_UNIT_COST_BILINEAR,POOL,NODE-0002/MAT-0002,P05,0.0,0.0,0.0,0.0,0.001,true
CAP-001-MINIATURE,BASE,POOL_UNIT_COST_BILINEAR|POOL:NODE-0003/MAT-0002|P01,POOL_UNIT_COST_BILINEAR,POOL,NODE-0003/MAT-0002,P01,300.0,300.0,0.0,0.0,0.001,true
CAP-001-MINIATURE,BASE,POOL_UNIT_COST_BILINEAR|POOL:NODE-0003/MAT-0002|P02,POOL_UNIT_COST_BILINEAR,POOL,NODE-0003/MAT-0002,P02,0.0,0.0,0.0,0.0,0.001,true
CAP-001-MINIATURE,BASE,POOL_UNIT_COST_BILINEAR|POOL:NODE-0003/MAT-0002|P03,POOL_UNIT_COST_BILINEAR,POOL,NODE-0003/MAT-0002,P03,0.0,0.0,0.0,0.0,0.001,true
CAP-001-MINIATURE,BASE,POOL_UNIT_COST_BILINEAR|POOL:NODE-0003/MAT-0002|P04,POOL_UNIT_COST_BILINEAR,POOL,NODE-0003/MAT-0002,P04,0.0,0.0,0.0,0.0,0.001,true
CAP-001-MINIATURE,BASE,POOL_UNIT_COST_BILINEAR|POOL:NODE-0003/MAT-0002|P05,POOL_UNIT_COST_BILINEAR,POOL,NODE-0003/MAT-0002,P05,0.0,0.0,0.0,0.0,0.001,true
CAP-001-MINIATURE,BASE,POOL_UNIT_COST_BILINEAR|POOL:NODE-0004/MAT-0001|P01,POOL_UNIT_COST_BILINEAR,POOL,NODE-0004/MAT-0001,P01,0.0,0.0,0.0,0.0,0.001,true
CAP-001-MINIATURE,BASE,POOL_UNIT_COST_BILINEAR|POOL:NODE-0004/MAT-0001|P02,POOL_UNIT_COST_BILINEAR,POOL,NODE-0004/MAT-0001,P02,258.0,258.0,0.0,0.0,0.001,true
CAP-001-MINIATURE,BASE,POOL_UNIT_COST_BILINEAR|POOL:NODE-0004/MAT-0001|P03,POOL_UNIT_COST_BILINEAR,POOL,NODE-0004/MAT-0001,P03,0.0,0.0,0.0,0.0,0.001,true
CAP-001-MINIATURE,BASE,POOL_UNIT_COST_BILINEAR|POOL:NODE-0004/MAT-0001|P04,POOL_UNIT_COST_BILINEAR,POOL,NODE-0004/MAT-0001,P04,0.0,0.0,0.0,0.0,0.001,true
CAP-001-MINIATURE,BASE,POOL_UNIT_COST_BILINEAR|POOL:NODE-0004/MAT-0001|P05,POOL_UNIT_COST_BILINEAR,POOL,NODE-0004/MAT-0001,P05,0.0,0.0,0.0,0.0,0.001,true
CAP-001-MINIATURE,BASE,POOL_UNIT_COST_BILINEAR|POOL:NODE-0004/MAT-0003|P01,POOL_UNIT_COST_BILINEAR,POOL,NODE-0004/MAT-0003,P01,0.0,0.0,0.0,0.0,0.001,true
CAP-001-MINIATURE,BASE,POOL_UNIT_COST_BILINEAR|POOL:NODE-0004/MAT-0003|P02,POOL_UNIT_COST_BILINEAR,POOL,NODE-0004/MAT-0003,P02,330.0,330.0,0.0,0.0,0.001,true
CAP-001-MINIATURE,BASE,POOL_UNIT_COST_BILINEAR|POOL:NODE-0004/MAT-0003|P03,POOL_UNIT_COST_BILINEAR,POOL,NODE-0004/MAT-0003,P03,0.0,0.0,0.0,0.0,0.001,true
CAP-001-MINIATURE,BASE,POOL_UNIT_COST_BILINEAR|POOL:NODE-0004/MAT-0003|P04,POOL_UNIT_COST_BILINEAR,POOL,NODE-0004/MAT-0003,P04,0.0,0.0,0.0,0.0,0.001,true
CAP-001-MINIATURE,BASE,POOL_UNIT_COST_BILINEAR|POOL:NODE-0004/MAT-0003|P05,POOL_UNIT_COST_BILINEAR,POOL,NODE-0004/MAT-0003,P05,0.0,0.0,0.0,0.0,0.001,true
CAP-001-MINIATURE,BASE,POOL_UNIT_COST_BILINEAR|POOL:NODE-0005/MAT-0001|P01,POOL_UNIT_COST_BILINEAR,POOL,NODE-0005/MAT-0001,P01,0.0,0.0,0.0,0.0,0.001,true
CAP-001-MINIATURE,BASE,POOL_UNIT_COST_BILINEAR|POOL:NODE-0005/MAT-0001|P02,POOL_UNIT_COST_BILINEAR,POOL,NODE-0005/MAT-0001,P02,174.0,174.0,0.0,0.0,0.001,true
CAP-001-MINIATURE,BASE,POOL_UNIT_COST_BILINEAR|POOL:NODE-0005/MAT-0001|P03,POOL_UNIT_COST_BILINEAR,POOL,NODE-0005/MAT-0001,P03,0.0,0.0,0.0,0.0,0.001,true
CAP-001-MINIATURE,BASE,POOL_UNIT_COST_BILINEAR|POOL:NODE-0005/MAT-0001|P04,POOL_UNIT_COST_BILINEAR,POOL,NODE-0005/MAT-0001,P04,0.0,0.0,0.0,0.0,0.001,true
CAP-001-MINIATURE,BASE,POOL_UNIT_COST_BILINEAR|POOL:NODE-0005/MAT-0001|P05,POOL_UNIT_COST_BILINEAR,POOL,NODE-0005/MAT-0001,P05,0.0,0.0,0.0,0.0,0.001,true
CAP-001-MINIATURE,BASE,POOL_UNIT_COST_BILINEAR|POOL:NODE-0005/MAT-0003|P01,POOL_UNIT_COST_BILINEAR,POOL,NODE-0005/MAT-0003,P01,0.0,0.0,0.0,0.0,0.001,true
CAP-001-MINIATURE,BASE,POOL_UNIT_COST_BILINEAR|POOL:NODE-0005/MAT-0003|P02,POOL_UNIT_COST_BILINEAR,POOL,NODE-0005/MAT-0003,P02,242.0,242.0,0.0,0.0,0.001,true
CAP-001-MINIATURE,BASE,POOL_UNIT_COST_BILINEAR|POOL:NODE-0005/MAT-0003|P03,POOL_UNIT_COST_BILINEAR,POOL,NODE-0005/MAT-0003,P03,0.0,0.0,0.0,0.0,0.001,true
CAP-001-MINIATURE,BASE,POOL_UNIT_COST_BILINEAR|POOL:NODE-0005/MAT-0003|P04,POOL_UNIT_COST_BILINEAR,POOL,NODE-0005/MAT-0003,P04,0.0,0.0,0.0,0.0,0.001,true
CAP-001-MINIATURE,BASE,POOL_UNIT_COST_BILINEAR|POOL:NODE-0005/MAT-0003|P05,POOL_UNIT_COST_BILINEAR,POOL,NODE-0005/MAT-0003,P05,0.0,0.0,0.0,0.0,0.001,true
CAP-001-MINIATURE,BASE,POOL_UNIT_COST_BILINEAR|POOL:NODE-0006/MAT-0002|P01,POOL_UNIT_COST_BILINEAR,POOL,NODE-0006/MAT-0002,P01,48.0,48.0,0.0,0.0,0.001,true
CAP-001-MINIATURE,BASE,POOL_UNIT_COST_BILINEAR|POOL:NODE-0006/MAT-0002|P02,POOL_UNIT_COST_BILINEAR,POOL,NODE-0006/MAT-0002,P02,402.0,402.0,0.0,0.0,0.001,true
CAP-001-MINIATURE,BASE,POOL_UNIT_COST_BILINEAR|POOL:NODE-0006/MAT-0002|P03,POOL_UNIT_COST_BILINEAR,POOL,NODE-0006/MAT-0002,P03,0.0,0.0,0.0,0.0,0.001,true
CAP-001-MINIATURE,BASE,POOL_UNIT_COST_BILINEAR|POOL:NODE-0006/MAT-0002|P04,POOL_UNIT_COST_BILINEAR,POOL,NODE-0006/MAT-0002,P04,0.0,0.0,0.0,0.0,0.001,true
CAP-001-MINIATURE,BASE,POOL_UNIT_COST_BILINEAR|POOL:NODE-0006/MAT-0002|P05,POOL_UNIT_COST_BILINEAR,POOL,NODE-0006/MAT-0002,P05,0.0,0.0,0.0,0.0,0.001,true
CAP-001-MINIATURE,BASE,POOL_UNIT_COST_BILINEAR|POOL:NODE-0006/MAT-0004|P01,POOL_UNIT_COST_BILINEAR,POOL,NODE-0006/MAT-0004,P01,0.0,0.0,0.0,0.0,0.001,true
CAP-001-MINIATURE,BASE,POOL_UNIT_COST_BILINEAR|POOL:NODE-0006/MAT-0004|P02,POOL_UNIT_COST_BILINEAR,POOL,NODE-0006/MAT-0004,P02,540.0,540.0,0.0,0.0,0.001,true
CAP-001-MINIATURE,BASE,POOL_UNIT_COST_BILINEAR|POOL:NODE-0006/MAT-0004|P03,POOL_UNIT_COST_BILINEAR,POOL,NODE-0006/MAT-0004,P03,0.0,0.0,0.0,0.0,0.001,true
CAP-001-MINIATURE,BASE,POOL_UNIT_COST_BILINEAR|POOL:NODE-0006/MAT-0004|P04,POOL_UNIT_COST_BILINEAR,POOL,NODE-0006/MAT-0004,P04,0.0,0.0,0.0,0.0,0.001,true
CAP-001-MINIATURE,BASE,POOL_UNIT_COST_BILINEAR|POOL:NODE-0006/MAT-0004|P05,POOL_UNIT_COST_BILINEAR,POOL,NODE-0006/MAT-0004,P05,0.0,0.0,0.0,0.0,0.001,true
CAP-001-MINIATURE,BASE,POOL_UNIT_COST_BILINEAR|POOL:NODE-0007/MAT-0002|P01,POOL_UNIT_COST_BILINEAR,POOL,NODE-0007/MAT-0002,P01,0.0,0.0,0.0,0.0,0.001,true
CAP-001-MINIATURE,BASE,POOL_UNIT_COST_BILINEAR|POOL:NODE-0007/MAT-0002|P02,POOL_UNIT_COST_BILINEAR,POOL,NODE-0007/MAT-0002,P02,169.0,169.0,0.0,0.0,0.001,true
CAP-001-MINIATURE,BASE,POOL_UNIT_COST_BILINEAR|POOL:NODE-0007/MAT-0002|P03,POOL_UNIT_COST_BILINEAR,POOL,NODE-0007/MAT-0002,P03,33.8,33.8,0.0,0.0,0.001,true
CAP-001-MINIATURE,BASE,POOL_UNIT_COST_BILINEAR|POOL:NODE-0007/MAT-0002|P04,POOL_UNIT_COST_BILINEAR,POOL,NODE-0007/MAT-0002,P04,33.8,33.8,0.0,0.0,0.001,true
CAP-001-MINIATURE,BASE,POOL_UNIT_COST_BILINEAR|POOL:NODE-0007/MAT-0002|P05,POOL_UNIT_COST_BILINEAR,POOL,NODE-0007/MAT-0002,P05,33.8,33.8,0.0,0.0,0.001,true
CAP-001-MINIATURE,BASE,POOL_UNIT_COST_BILINEAR|POOL:NODE-0007/MAT-0004|P01,POOL_UNIT_COST_BILINEAR,POOL,NODE-0007/MAT-0004,P01,0.0,0.0,0.0,0.0,0.001,true
CAP-001-MINIATURE,BASE,POOL_UNIT_COST_BILINEAR|POOL:NODE-0007/MAT-0004|P02,POOL_UNIT_COST_BILINEAR,POOL,NODE-0007/MAT-0004,P02,198.0,198.0,0.0,0.0,0.001,true
CAP-001-MINIATURE,BASE,POOL_UNIT_COST_BILINEAR|POOL:NODE-0007/MAT-0004|P03,POOL_UNIT_COST_BILINEAR,POOL,NODE-0007/MAT-0004,P03,0.0,0.0,0.0,0.0,0.001,true
CAP-001-MINIATURE,BASE,POOL_UNIT_COST_BILINEAR|POOL:NODE-0007/MAT-0004|P04,POOL_UNIT_COST_BILINEAR,POOL,NODE-0007/MAT-0004,P04,0.0,0.0,0.0,0.0,0.001,true
CAP-001-MINIATURE,BASE,POOL_UNIT_COST_BILINEAR|POOL:NODE-0007/MAT-0004|P05,POOL_UNIT_COST_BILINEAR,POOL,NODE-0007/MAT-0004,P05,0.0,0.0,0.0,0.0,0.001,true
CAP-001-MINIATURE,BASE,POOL_UNIT_COST_BILINEAR|POOL:NODE-0008/MAT-0002|P01,POOL_UNIT_COST_BILINEAR,POOL,NODE-0008/MAT-0002,P01,0.0,0.0,0.0,0.0,0.001,true
CAP-001-MINIATURE,BASE,POOL_UNIT_COST_BILINEAR|POOL:NODE-0008/MAT-0002|P02,POOL_UNIT_COST_BILINEAR,POOL,NODE-0008/MAT-0002,P02,72.0,72.0,0.0,0.0,0.001,true
CAP-001-MINIATURE,BASE,POOL_UNIT_COST_BILINEAR|POOL:NODE-0008/MAT-0002|P03,POOL_UNIT_COST_BILINEAR,POOL,NODE-0008/MAT-0002,P03,0.0,0.0,0.0,0.0,0.001,true
CAP-001-MINIATURE,BASE,POOL_UNIT_COST_BILINEAR|POOL:NODE-0008/MAT-0002|P04,POOL_UNIT_COST_BILINEAR,POOL,NODE-0008/MAT-0002,P04,0.0,0.0,0.0,0.0,0.001,true
CAP-001-MINIATURE,BASE,POOL_UNIT_COST_BILINEAR|POOL:NODE-0008/MAT-0002|P05,POOL_UNIT_COST_BILINEAR,POOL,NODE-0008/MAT-0002,P05,0.0,0.0,0.0,0.0,0.001,true
CAP-001-MINIATURE,BASE,POOL_UNIT_COST_BILINEAR|POOL:NODE-0008/MAT-0004|P01,POOL_UNIT_COST_BILINEAR,POOL,NODE-0008/MAT-0004,P01,0.0,0.0,0.0,0.0,0.001,true
CAP-001-MINIATURE,BASE,POOL_UNIT_COST_BILINEAR|POOL:NODE-0008/MAT-0004|P02,POOL_UNIT_COST_BILINEAR,POOL,NODE-0008/MAT-0004,P02,132.0,132.0,0.0,0.0,0.001,true
CAP-001-MINIATURE,BASE,POOL_UNIT_COST_BILINEAR|POOL:NODE-0008/MAT-0004|P03,POOL_UNIT_COST_BILINEAR,POOL,NODE-0008/MAT-0004,P03,0.0,0.0,0.0,0.0,0.001,true
CAP-001-MINIATURE,BASE,POOL_UNIT_COST_BILINEAR|POOL:NODE-0008/MAT-0004|P04,POOL_UNIT_COST_BILINEAR,POOL,NODE-0008/MAT-0004,P04,0.0,0.0,0.0,0.0,0.001,true
CAP-001-MINIATURE,BASE,POOL_UNIT_COST_BILINEAR|POOL:NODE-0008/MAT-0004|P05,POOL_UNIT_COST_BILINEAR,POOL,NODE-0008/MAT-0004,P05,0.0,0.0,0.0,0.0,0.001,true
CAP-001-MINIATURE,BASE,POOL_UNIT_COST_BILINEAR|POOL:NODE-0009/MAT-0003|P01,POOL_UNIT_COST_BILINEAR,POOL,NODE-0009/MAT-0003,P01,0.0,0.0,0.0,0.0,0.001,true
CAP-001-MINIATURE,BASE,POOL_UNIT_COST_BILINEAR|POOL:NODE-0009/MAT-0003|P02,POOL_UNIT_COST_BILINEAR,POOL,NODE-0009/MAT-0003,P02,0.0,0.0,0.0,0.0,0.001,true
CAP-001-MINIATURE,BASE,POOL_UNIT_COST_BILINEAR|POOL:NODE-0009/MAT-0003|P03,POOL_UNIT_COST_BILINEAR,POOL,NODE-0009/MAT-0003,P03,342.0,342.0,0.0,0.0,0.001,true
CAP-001-MINIATURE,BASE,POOL_UNIT_COST_BILINEAR|POOL:NODE-0009/MAT-0003|P04,POOL_UNIT_COST_BILINEAR,POOL,NODE-0009/MAT-0003,P04,0.0,0.0,0.0,0.0,0.001,true
CAP-001-MINIATURE,BASE,POOL_UNIT_COST_BILINEAR|POOL:NODE-0009/MAT-0003|P05,POOL_UNIT_COST_BILINEAR,POOL,NODE-0009/MAT-0003,P05,0.0,0.0,0.0,0.0,0.001,true
CAP-001-MINIATURE,BASE,POOL_UNIT_COST_BILINEAR|POOL:NODE-0009/MAT-0004|P01,POOL_UNIT_COST_BILINEAR,POOL,NODE-0009/MAT-0004,P01,0.0,0.0,0.0,0.0,0.001,true
CAP-001-MINIATURE,BASE,POOL_UNIT_COST_BILINEAR|POOL:NODE-0009/MAT-0004|P02,POOL_UNIT_COST_BILINEAR,POOL,NODE-0009/MAT-0004,P02,0.0,0.0,0.0,0.0,0.001,true
CAP-001-MINIATURE,BASE,POOL_UNIT_COST_BILINEAR|POOL:NODE-0009/MAT-0004|P03,POOL_UNIT_COST_BILINEAR,POOL,NODE-0009/MAT-0004,P03,564.0,564.0,0.0,0.0,0.001,true
CAP-001-MINIATURE,BASE,POOL_UNIT_COST_BILINEAR|POOL:NODE-0009/MAT-0004|P04,POOL_UNIT_COST_BILINEAR,POOL,NODE-0009/MAT-0004,P04,0.0,0.0,0.0,0.0,0.001,true
CAP-001-MINIATURE,BASE,POOL_UNIT_COST_BILINEAR|POOL:NODE-0009/MAT-0004|P05,POOL_UNIT_COST_BILINEAR,POOL,NODE-0009/MAT-0004,P05,0.0,0.0,0.0,0.0,0.001,true
CAP-001-MINIATURE,BASE,POOL_UNIT_COST_BILINEAR|POOL:NODE-0009/MAT-0005|P01,POOL_UNIT_COST_BILINEAR,POOL,NODE-0009/MAT-0005,P01,0.0,0.0,0.0,0.0,0.001,true
CAP-001-MINIATURE,BASE,POOL_UNIT_COST_BILINEAR|POOL:NODE-0009/MAT-0005|P02,POOL_UNIT_COST_BILINEAR,POOL,NODE-0009/MAT-0005,P02,0.0,0.0,0.0,0.0,0.001,true
CAP-001-MINIATURE,BASE,POOL_UNIT_COST_BILINEAR|POOL:NODE-0009/MAT-0005|P03,POOL_UNIT_COST_BILINEAR,POOL,NODE-0009/MAT-0005,P03,1122.0,1122.0,0.0,0.0,0.001,true
CAP-001-MINIATURE,BASE,POOL_UNIT_COST_BILINEAR|POOL:NODE-0009/MAT-0005|P04,POOL_UNIT_COST_BILINEAR,POOL,NODE-0009/MAT-0005,P04,0.0,0.0,0.0,0.0,0.001,true
CAP-001-MINIATURE,BASE,POOL_UNIT_COST_BILINEAR|POOL:NODE-0009/MAT-0005|P05,POOL_UNIT_COST_BILINEAR,POOL,NODE-0009/MAT-0005,P05,0.0,0.0,0.0,0.0,0.001,true
CAP-001-MINIATURE,BASE,POOL_UNIT_COST_BILINEAR|POOL:NODE-0010/MAT-0003|P01,POOL_UNIT_COST_BILINEAR,POOL,NODE-0010/MAT-0003,P01,0.0,0.0,0.0,0.0,0.001,true
CAP-001-MINIATURE,BASE,POOL_UNIT_COST_BILINEAR|POOL:NODE-0010/MAT-0003|P02,POOL_UNIT_COST_BILINEAR,POOL,NODE-0010/MAT-0003,P02,0.0,0.0,0.0,0.0,0.001,true
CAP-001-MINIATURE,BASE,POOL_UNIT_COST_BILINEAR|POOL:NODE-0010/MAT-0003|P03,POOL_UNIT_COST_BILINEAR,POOL,NODE-0010/MAT-0003,P03,256.0,256.0,0.0,0.0,0.001,true
CAP-001-MINIATURE,BASE,POOL_UNIT_COST_BILINEAR|POOL:NODE-0010/MAT-0003|P04,POOL_UNIT_COST_BILINEAR,POOL,NODE-0010/MAT-0003,P04,32.0,32.0,0.0,0.0,0.001,true
CAP-001-MINIATURE,BASE,POOL_UNIT_COST_BILINEAR|POOL:NODE-0010/MAT-0003|P05,POOL_UNIT_COST_BILINEAR,POOL,NODE-0010/MAT-0003,P05,32.0,32.0,0.0,0.0,0.001,true
CAP-001-MINIATURE,BASE,POOL_UNIT_COST_BILINEAR|POOL:NODE-0010/MAT-0004|P01,POOL_UNIT_COST_BILINEAR,POOL,NODE-0010/MAT-0004,P01,0.0,0.0,0.0,0.0,0.001,true
CAP-001-MINIATURE,BASE,POOL_UNIT_COST_BILINEAR|POOL:NODE-0010/MAT-0004|P02,POOL_UNIT_COST_BILINEAR,POOL,NODE-0010/MAT-0004,P02,0.0,0.0,0.0,0.0,0.001,true
CAP-001-MINIATURE,BASE,POOL_UNIT_COST_BILINEAR|POOL:NODE-0010/MAT-0004|P03,POOL_UNIT_COST_BILINEAR,POOL,NODE-0010/MAT-0004,P03,362.0,362.0,0.0,0.0,0.001,true
CAP-001-MINIATURE,BASE,POOL_UNIT_COST_BILINEAR|POOL:NODE-0010/MAT-0004|P04,POOL_UNIT_COST_BILINEAR,POOL,NODE-0010/MAT-0004,P04,0.0,0.0,0.0,0.0,0.001,true
CAP-001-MINIATURE,BASE,POOL_UNIT_COST_BILINEAR|POOL:NODE-0010/MAT-0004|P05,POOL_UNIT_COST_BILINEAR,POOL,NODE-0010/MAT-0004,P05,0.0,0.0,0.0,0.0,0.001,true
CAP-001-MINIATURE,BASE,POOL_UNIT_COST_BILINEAR|POOL:NODE-0010/MAT-0005|P01,POOL_UNIT_COST_BILINEAR,POOL,NODE-0010/MAT-0005,P01,0.0,0.0,0.0,0.0,0.001,true
CAP-001-MINIATURE,BASE,POOL_UNIT_COST_BILINEAR|POOL:NODE-0010/MAT-0005|P02,POOL_UNIT_COST_BILINEAR,POOL,NODE-0010/MAT-0005,P02,0.0,0.0,0.0,0.0,0.001,true
CAP-001-MINIATURE,BASE,POOL_UNIT_COST_BILINEAR|POOL:NODE-0010/MAT-0005|P03,POOL_UNIT_COST_BILINEAR,POOL,NODE-0010/MAT-0005,P03,731.5,731.5,0.0,0.0,0.001,true
CAP-001-MINIATURE,BASE,POOL_UNIT_COST_BILINEAR|POOL:NODE-0010/MAT-0005|P04,POOL_UNIT_COST_BILINEAR,POOL,NODE-0010/MAT-0005,P04,0.0,0.0,0.0,0.0,0.001,true
CAP-001-MINIATURE,BASE,POOL_UNIT_COST_BILINEAR|POOL:NODE-0010/MAT-0005|P05,POOL_UNIT_COST_BILINEAR,POOL,NODE-0010/MAT-0005,P05,0.0,0.0,0.0,0.0,0.001,true
CAP-001-MINIATURE,BASE,POOL_UNIT_COST_BILINEAR|POOL:NODE-0011/MAT-0005|P01,POOL_UNIT_COST_BILINEAR,POOL,NODE-0011/MAT-0005,P01,246.0,246.0,0.0,0.0,0.001,true
CAP-001-MINIATURE,BASE,POOL_UNIT_COST_BILINEAR|POOL:NODE-0011/MAT-0005|P02,POOL_UNIT_COST_BILINEAR,POOL,NODE-0011/MAT-0005,P02,246.0,246.0,0.0,0.0,0.001,true
CAP-001-MINIATURE,BASE,POOL_UNIT_COST_BILINEAR|POOL:NODE-0011/MAT-0005|P03,POOL_UNIT_COST_BILINEAR,POOL,NODE-0011/MAT-0005,P03,246.0,246.0,0.0,0.0,0.001,true
CAP-001-MINIATURE,BASE,POOL_UNIT_COST_BILINEAR|POOL:NODE-0011/MAT-0005|P04,POOL_UNIT_COST_BILINEAR,POOL,NODE-0011/MAT-0005,P04,904.5,904.5000000000001,1.1368683772161603e-13,1.2569025729310782e-16,0.001,true
CAP-001-MINIATURE,BASE,POOL_UNIT_COST_BILINEAR|POOL:NODE-0011/MAT-0005|P05,POOL_UNIT_COST_BILINEAR,POOL,NODE-0011/MAT-0005,P05,301.5,301.5,0.0,0.0,0.001,true
CAP-001-MINIATURE,BASE,POOL_UNIT_COST_BILINEAR|POOL:NODE-0012/MAT-0005|P01,POOL_UNIT_COST_BILINEAR,POOL,NODE-0012/MAT-0005,P01,0.0,0.0,0.0,0.0,0.001,true
CAP-001-MINIATURE,BASE,POOL_UNIT_COST_BILINEAR|POOL:NODE-0012/MAT-0005|P02,POOL_UNIT_COST_BILINEAR,POOL,NODE-0012/MAT-0005,P02,0.0,0.0,0.0,0.0,0.001,true
CAP-001-MINIATURE,BASE,POOL_UNIT_COST_BILINEAR|POOL:NODE-0012/MAT-0005|P03,POOL_UNIT_COST_BILINEAR,POOL,NODE-0012/MAT-0005,P03,0.0,0.0,0.0,0.0,0.001,true
CAP-001-MINIATURE,BASE,POOL_UNIT_COST_BILINEAR|POOL:NODE-0012/MAT-0005|P04,POOL_UNIT_COST_BILINEAR,POOL,NODE-0012/MAT-0005,P04,827.0,827.0,0.0,0.0,0.001,true
CAP-001-MINIATURE,BASE,POOL_UNIT_COST_BILINEAR|POOL:NODE-0012/MAT-0005|P05,POOL_UNIT_COST_BILINEAR,POOL,NODE-0012/MAT-0005,P05,206.75,206.75,0.0,0.0,0.001,true
CAP-001-MINIATURE,BASE,POOL_UNIT_COST_BILINEAR|POOL:NODE-0013/MAT-0005|P01,POOL_UNIT_COST_BILINEAR,POOL,NODE-0013/MAT-0005,P01,0.0,0.0,0.0,0.0,0.001,true
CAP-001-MINIATURE,BASE,POOL_UNIT_COST_BILINEAR|POOL:NODE-0013/MAT-0005|P02,POOL_UNIT_COST_BILINEAR,POOL,NODE-0013/MAT-0005,P02,0.0,0.0,0.0,0.0,0.001,true
CAP-001-MINIATURE,BASE,POOL_UNIT_COST_BILINEAR|POOL:NODE-0013/MAT-0005|P03,POOL_UNIT_COST_BILINEAR,POOL,NODE-0013/MAT-0005,P03,0.0,0.0,0.0,0.0,0.001,true
CAP-001-MINIATURE,BASE,POOL_UNIT_COST_BILINEAR|POOL:NODE-0013/MAT-0005|P04,POOL_UNIT_COST_BILINEAR,POOL,NODE-0013/MAT-0005,P04,442.0,442.0,0.0,0.0,0.001,true
CAP-001-MINIATURE,BASE,POOL_UNIT_COST_BILINEAR|POOL:NODE-0013/MAT-0005|P05,POOL_UNIT_COST_BILINEAR,POOL,NODE-0013/MAT-0005,P05,176.8,176.8,0.0,0.0,0.001,true
CAP-001-MINIATURE,BASE,POOL_VALUE_CONSERVATION|POOL:NODE-0001/MAT-0001|P01,POOL_VALUE_CONSERVATION,POOL,NODE-0001/MAT-0001,P01,400.0,400.0,0.0,0.0,0.001,true
CAP-001-MINIATURE,BASE,POOL_VALUE_CONSERVATION|POOL:NODE-0001/MAT-0001|P02,POOL_VALUE_CONSERVATION,POOL,NODE-0001/MAT-0001,P02,0.0,0.0,0.0,0.0,0.001,true
CAP-001-MINIATURE,BASE,POOL_VALUE_CONSERVATION|POOL:NODE-0001/MAT-0001|P03,POOL_VALUE_CONSERVATION,POOL,NODE-0001/MAT-0001,P03,0.0,0.0,0.0,0.0,0.001,true
CAP-001-MINIATURE,BASE,POOL_VALUE_CONSERVATION|POOL:NODE-0001/MAT-0001|P04,POOL_VALUE_CONSERVATION,POOL,NODE-0001/MAT-0001,P04,0.0,0.0,0.0,0.0,0.001,true
CAP-001-MINIATURE,BASE,POOL_VALUE_CONSERVATION|POOL:NODE-0001/MAT-0001|P05,POOL_VALUE_CONSERVATION,POOL,NODE-0001/MAT-0001,P05,0.0,0.0,0.0,0.0,0.001,true
CAP-001-MINIATURE,BASE,POOL_VALUE_CONSERVATION|POOL:NODE-0002/MAT-0002|P01,POOL_VALUE_CONSERVATION,POOL,NODE-0002/MAT-0002,P01,220.0,220.0,0.0,0.0,0.001,true
CAP-001-MINIATURE,BASE,POOL_VALUE_CONSERVATION|POOL:NODE-0002/MAT-0002|P02,POOL_VALUE_CONSERVATION,POOL,NODE-0002/MAT-0002,P02,0.0,0.0,0.0,0.0,0.001,true
CAP-001-MINIATURE,BASE,POOL_VALUE_CONSERVATION|POOL:NODE-0002/MAT-0002|P03,POOL_VALUE_CONSERVATION,POOL,NODE-0002/MAT-0002,P03,0.0,0.0,0.0,0.0,0.001,true
CAP-001-MINIATURE,BASE,POOL_VALUE_CONSERVATION|POOL:NODE-0002/MAT-0002|P04,POOL_VALUE_CONSERVATION,POOL,NODE-0002/MAT-0002,P04,0.0,0.0,0.0,0.0,0.001,true
CAP-001-MINIATURE,BASE,POOL_VALUE_CONSERVATION|POOL:NODE-0002/MAT-0002|P05,POOL_VALUE_CONSERVATION,POOL,NODE-0002/MAT-0002,P05,0.0,0.0,0.0,0.0,0.001,true
CAP-001-MINIATURE,BASE,POOL_VALUE_CONSERVATION|POOL:NODE-0003/MAT-0002|P01,POOL_VALUE_CONSERVATION,POOL,NODE-0003/MAT-0002,P01,300.0,300.0,0.0,0.0,0.001,true
CAP-001-MINIATURE,BASE,POOL_VALUE_CONSERVATION|POOL:NODE-0003/MAT-0002|P02,POOL_VALUE_CONSERVATION,POOL,NODE-0003/MAT-0002,P02,0.0,0.0,0.0,0.0,0.001,true
CAP-001-MINIATURE,BASE,POOL_VALUE_CONSERVATION|POOL:NODE-0003/MAT-0002|P03,POOL_VALUE_CONSERVATION,POOL,NODE-0003/MAT-0002,P03,0.0,0.0,0.0,0.0,0.001,true
CAP-001-MINIATURE,BASE,POOL_VALUE_CONSERVATION|POOL:NODE-0003/MAT-0002|P04,POOL_VALUE_CONSERVATION,POOL,NODE-0003/MAT-0002,P04,0.0,0.0,0.0,0.0,0.001,true
CAP-001-MINIATURE,BASE,POOL_VALUE_CONSERVATION|POOL:NODE-0003/MAT-0002|P05,POOL_VALUE_CONSERVATION,POOL,NODE-0003/MAT-0002,P05,0.0,0.0,0.0,0.0,0.001,true
CAP-001-MINIATURE,BASE,POOL_VALUE_CONSERVATION|POOL:NODE-0004/MAT-0001|P01,POOL_VALUE_CONSERVATION,POOL,NODE-0004/MAT-0001,P01,0.0,0.0,0.0,0.0,0.001,true
CAP-001-MINIATURE,BASE,POOL_VALUE_CONSERVATION|POOL:NODE-0004/MAT-0001|P02,POOL_VALUE_CONSERVATION,POOL,NODE-0004/MAT-0001,P02,258.0,258.0,0.0,0.0,0.001,true
CAP-001-MINIATURE,BASE,POOL_VALUE_CONSERVATION|POOL:NODE-0004/MAT-0001|P03,POOL_VALUE_CONSERVATION,POOL,NODE-0004/MAT-0001,P03,0.0,0.0,0.0,0.0,0.001,true
CAP-001-MINIATURE,BASE,POOL_VALUE_CONSERVATION|POOL:NODE-0004/MAT-0001|P04,POOL_VALUE_CONSERVATION,POOL,NODE-0004/MAT-0001,P04,0.0,0.0,0.0,0.0,0.001,true
CAP-001-MINIATURE,BASE,POOL_VALUE_CONSERVATION|POOL:NODE-0004/MAT-0001|P05,POOL_VALUE_CONSERVATION,POOL,NODE-0004/MAT-0001,P05,0.0,0.0,0.0,0.0,0.001,true
CAP-001-MINIATURE,BASE,POOL_VALUE_CONSERVATION|POOL:NODE-0004/MAT-0003|P01,POOL_VALUE_CONSERVATION,POOL,NODE-0004/MAT-0003,P01,0.0,0.0,0.0,0.0,0.001,true
CAP-001-MINIATURE,BASE,POOL_VALUE_CONSERVATION|POOL:NODE-0004/MAT-0003|P02,POOL_VALUE_CONSERVATION,POOL,NODE-0004/MAT-0003,P02,330.0,330.0,0.0,0.0,0.001,true
CAP-001-MINIATURE,BASE,POOL_VALUE_CONSERVATION|POOL:NODE-0004/MAT-0003|P03,POOL_VALUE_CONSERVATION,POOL,NODE-0004/MAT-0003,P03,0.0,0.0,0.0,0.0,0.001,true
CAP-001-MINIATURE,BASE,POOL_VALUE_CONSERVATION|POOL:NODE-0004/MAT-0003|P04,POOL_VALUE_CONSERVATION,POOL,NODE-0004/MAT-0003,P04,0.0,0.0,0.0,0.0,0.001,true
CAP-001-MINIATURE,BASE,POOL_VALUE_CONSERVATION|POOL:NODE-0004/MAT-0003|P05,POOL_VALUE_CONSERVATION,POOL,NODE-0004/MAT-0003,P05,0.0,0.0,0.0,0.0,0.001,true
CAP-001-MINIATURE,BASE,POOL_VALUE_CONSERVATION|POOL:NODE-0005/MAT-0001|P01,POOL_VALUE_CONSERVATION,POOL,NODE-0005/MAT-0001,P01,0.0,0.0,0.0,0.0,0.001,true
CAP-001-MINIATURE,BASE,POOL_VALUE_CONSERVATION|POOL:NODE-0005/MAT-0001|P02,POOL_VALUE_CONSERVATION,POOL,NODE-0005/MAT-0001,P02,174.0,174.0,0.0,0.0,0.001,true
CAP-001-MINIATURE,BASE,POOL_VALUE_CONSERVATION|POOL:NODE-0005/MAT-0001|P03,POOL_VALUE_CONSERVATION,POOL,NODE-0005/MAT-0001,P03,0.0,0.0,0.0,0.0,0.001,true
CAP-001-MINIATURE,BASE,POOL_VALUE_CONSERVATION|POOL:NODE-0005/MAT-0001|P04,POOL_VALUE_CONSERVATION,POOL,NODE-0005/MAT-0001,P04,0.0,0.0,0.0,0.0,0.001,true
CAP-001-MINIATURE,BASE,POOL_VALUE_CONSERVATION|POOL:NODE-0005/MAT-0001|P05,POOL_VALUE_CONSERVATION,POOL,NODE-0005/MAT-0001,P05,0.0,0.0,0.0,0.0,0.001,true
CAP-001-MINIATURE,BASE,POOL_VALUE_CONSERVATION|POOL:NODE-0005/MAT-0003|P01,POOL_VALUE_CONSERVATION,POOL,NODE-0005/MAT-0003,P01,0.0,0.0,0.0,0.0,0.001,true
CAP-001-MINIATURE,BASE,POOL_VALUE_CONSERVATION|POOL:NODE-0005/MAT-0003|P02,POOL_VALUE_CONSERVATION,POOL,NODE-0005/MAT-0003,P02,242.0,242.0,0.0,0.0,0.001,true
CAP-001-MINIATURE,BASE,POOL_VALUE_CONSERVATION|POOL:NODE-0005/MAT-0003|P03,POOL_VALUE_CONSERVATION,POOL,NODE-0005/MAT-0003,P03,0.0,0.0,0.0,0.0,0.001,true
CAP-001-MINIATURE,BASE,POOL_VALUE_CONSERVATION|POOL:NODE-0005/MAT-0003|P04,POOL_VALUE_CONSERVATION,POOL,NODE-0005/MAT-0003,P04,0.0,0.0,0.0,0.0,0.001,true
CAP-001-MINIATURE,BASE,POOL_VALUE_CONSERVATION|POOL:NODE-0005/MAT-0003|P05,POOL_VALUE_CONSERVATION,POOL,NODE-0005/MAT-0003,P05,0.0,0.0,0.0,0.0,0.001,true
CAP-001-MINIATURE,BASE,POOL_VALUE_CONSERVATION|POOL:NODE-0006/MAT-0002|P01,POOL_VALUE_CONSERVATION,POOL,NODE-0006/MAT-0002,P01,48.0,48.0,0.0,0.0,0.001,true
CAP-001-MINIATURE,BASE,POOL_VALUE_CONSERVATION|POOL:NODE-0006/MAT-0002|P02,POOL_VALUE_CONSERVATION,POOL,NODE-0006/MAT-0002,P02,402.0,402.0,0.0,0.0,0.001,true
CAP-001-MINIATURE,BASE,POOL_VALUE_CONSERVATION|POOL:NODE-0006/MAT-0002|P03,POOL_VALUE_CONSERVATION,POOL,NODE-0006/MAT-0002,P03,0.0,0.0,0.0,0.0,0.001,true
CAP-001-MINIATURE,BASE,POOL_VALUE_CONSERVATION|POOL:NODE-0006/MAT-0002|P04,POOL_VALUE_CONSERVATION,POOL,NODE-0006/MAT-0002,P04,0.0,0.0,0.0,0.0,0.001,true
CAP-001-MINIATURE,BASE,POOL_VALUE_CONSERVATION|POOL:NODE-0006/MAT-0002|P05,POOL_VALUE_CONSERVATION,POOL,NODE-0006/MAT-0002,P05,0.0,0.0,0.0,0.0,0.001,true
CAP-001-MINIATURE,BASE,POOL_VALUE_CONSERVATION|POOL:NODE-0006/MAT-0004|P01,POOL_VALUE_CONSERVATION,POOL,NODE-0006/MAT-0004,P01,0.0,0.0,0.0,0.0,0.001,true
CAP-001-MINIATURE,BASE,POOL_VALUE_CONSERVATION|POOL:NODE-0006/MAT-0004|P02,POOL_VALUE_CONSERVATION,POOL,NODE-0006/MAT-0004,P02,540.0,540.0,0.0,0.0,0.001,true
CAP-001-MINIATURE,BASE,POOL_VALUE_CONSERVATION|POOL:NODE-0006/MAT-0004|P03,POOL_VALUE_CONSERVATION,POOL,NODE-0006/MAT-0004,P03,0.0,0.0,0.0,0.0,0.001,true
CAP-001-MINIATURE,BASE,POOL_VALUE_CONSERVATION|POOL:NODE-0006/MAT-0004|P04,POOL_VALUE_CONSERVATION,POOL,NODE-0006/MAT-0004,P04,0.0,0.0,0.0,0.0,0.001,true
CAP-001-MINIATURE,BASE,POOL_VALUE_CONSERVATION|POOL:NODE-0006/MAT-0004|P05,POOL_VALUE_CONSERVATION,POOL,NODE-0006/MAT-0004,P05,0.0,0.0,0.0,0.0,0.001,true
CAP-001-MINIATURE,BASE,POOL_VALUE_CONSERVATION|POOL:NODE-0007/MAT-0002|P01,POOL_VALUE_CONSERVATION,POOL,NODE-0007/MAT-0002,P01,0.0,0.0,0.0,0.0,0.001,true
CAP-001-MINIATURE,BASE,POOL_VALUE_CONSERVATION|POOL:NODE-0007/MAT-0002|P02,POOL_VALUE_CONSERVATION,POOL,NODE-0007/MAT-0002,P02,169.0,169.0,0.0,0.0,0.001,true
CAP-001-MINIATURE,BASE,POOL_VALUE_CONSERVATION|POOL:NODE-0007/MAT-0002|P03,POOL_VALUE_CONSERVATION,POOL,NODE-0007/MAT-0002,P03,33.8,33.8,0.0,0.0,0.001,true
CAP-001-MINIATURE,BASE,POOL_VALUE_CONSERVATION|POOL:NODE-0007/MAT-0002|P04,POOL_VALUE_CONSERVATION,POOL,NODE-0007/MAT-0002,P04,33.8,33.8,0.0,0.0,0.001,true
CAP-001-MINIATURE,BASE,POOL_VALUE_CONSERVATION|POOL:NODE-0007/MAT-0002|P05,POOL_VALUE_CONSERVATION,POOL,NODE-0007/MAT-0002,P05,33.8,33.8,0.0,0.0,0.001,true
CAP-001-MINIATURE,BASE,POOL_VALUE_CONSERVATION|POOL:NODE-0007/MAT-0004|P01,POOL_VALUE_CONSERVATION,POOL,NODE-0007/MAT-0004,P01,0.0,0.0,0.0,0.0,0.001,true
CAP-001-MINIATURE,BASE,POOL_VALUE_CONSERVATION|POOL:NODE-0007/MAT-0004|P02,POOL_VALUE_CONSERVATION,POOL,NODE-0007/MAT-0004,P02,198.0,198.0,0.0,0.0,0.001,true
CAP-001-MINIATURE,BASE,POOL_VALUE_CONSERVATION|POOL:NODE-0007/MAT-0004|P03,POOL_VALUE_CONSERVATION,POOL,NODE-0007/MAT-0004,P03,0.0,0.0,0.0,0.0,0.001,true
CAP-001-MINIATURE,BASE,POOL_VALUE_CONSERVATION|POOL:NODE-0007/MAT-0004|P04,POOL_VALUE_CONSERVATION,POOL,NODE-0007/MAT-0004,P04,0.0,0.0,0.0,0.0,0.001,true
CAP-001-MINIATURE,BASE,POOL_VALUE_CONSERVATION|POOL:NODE-0007/MAT-0004|P05,POOL_VALUE_CONSERVATION,POOL,NODE-0007/MAT-0004,P05,0.0,0.0,0.0,0.0,0.001,true
CAP-001-MINIATURE,BASE,POOL_VALUE_CONSERVATION|POOL:NODE-0008/MAT-0002|P01,POOL_VALUE_CONSERVATION,POOL,NODE-0008/MAT-0002,P01,0.0,0.0,0.0,0.0,0.001,true
CAP-001-MINIATURE,BASE,POOL_VALUE_CONSERVATION|POOL:NODE-0008/MAT-0002|P02,POOL_VALUE_CONSERVATION,POOL,NODE-0008/MAT-0002,P02,72.0,72.0,0.0,0.0,0.001,true
CAP-001-MINIATURE,BASE,POOL_VALUE_CONSERVATION|POOL:NODE-0008/MAT-0002|P03,POOL_VALUE_CONSERVATION,POOL,NODE-0008/MAT-0002,P03,0.0,0.0,0.0,0.0,0.001,true
CAP-001-MINIATURE,BASE,POOL_VALUE_CONSERVATION|POOL:NODE-0008/MAT-0002|P04,POOL_VALUE_CONSERVATION,POOL,NODE-0008/MAT-0002,P04,0.0,0.0,0.0,0.0,0.001,true
CAP-001-MINIATURE,BASE,POOL_VALUE_CONSERVATION|POOL:NODE-0008/MAT-0002|P05,POOL_VALUE_CONSERVATION,POOL,NODE-0008/MAT-0002,P05,0.0,0.0,0.0,0.0,0.001,true
CAP-001-MINIATURE,BASE,POOL_VALUE_CONSERVATION|POOL:NODE-0008/MAT-0004|P01,POOL_VALUE_CONSERVATION,POOL,NODE-0008/MAT-0004,P01,0.0,0.0,0.0,0.0,0.001,true
CAP-001-MINIATURE,BASE,POOL_VALUE_CONSERVATION|POOL:NODE-0008/MAT-0004|P02,POOL_VALUE_CONSERVATION,POOL,NODE-0008/MAT-0004,P02,132.0,132.0,0.0,0.0,0.001,true
CAP-001-MINIATURE,BASE,POOL_VALUE_CONSERVATION|POOL:NODE-0008/MAT-0004|P03,POOL_VALUE_CONSERVATION,POOL,NODE-0008/MAT-0004,P03,0.0,0.0,0.0,0.0,0.001,true
CAP-001-MINIATURE,BASE,POOL_VALUE_CONSERVATION|POOL:NODE-0008/MAT-0004|P04,POOL_VALUE_CONSERVATION,POOL,NODE-0008/MAT-0004,P04,0.0,0.0,0.0,0.0,0.001,true
CAP-001-MINIATURE,BASE,POOL_VALUE_CONSERVATION|POOL:NODE-0008/MAT-0004|P05,POOL_VALUE_CONSERVATION,POOL,NODE-0008/MAT-0004,P05,0.0,0.0,0.0,0.0,0.001,true
CAP-001-MINIATURE,BASE,POOL_VALUE_CONSERVATION|POOL:NODE-0009/MAT-0003|P01,POOL_VALUE_CONSERVATION,POOL,NODE-0009/MAT-0003,P01,0.0,0.0,0.0,0.0,0.001,true
CAP-001-MINIATURE,BASE,POOL_VALUE_CONSERVATION|POOL:NODE-0009/MAT-0003|P02,POOL_VALUE_CONSERVATION,POOL,NODE-0009/MAT-0003,P02,0.0,0.0,0.0,0.0,0.001,true
CAP-001-MINIATURE,BASE,POOL_VALUE_CONSERVATION|POOL:NODE-0009/MAT-0003|P03,POOL_VALUE_CONSERVATION,POOL,NODE-0009/MAT-0003,P03,342.0,342.0,0.0,0.0,0.001,true
CAP-001-MINIATURE,BASE,POOL_VALUE_CONSERVATION|POOL:NODE-0009/MAT-0003|P04,POOL_VALUE_CONSERVATION,POOL,NODE-0009/MAT-0003,P04,0.0,0.0,0.0,0.0,0.001,true
CAP-001-MINIATURE,BASE,POOL_VALUE_CONSERVATION|POOL:NODE-0009/MAT-0003|P05,POOL_VALUE_CONSERVATION,POOL,NODE-0009/MAT-0003,P05,0.0,0.0,0.0,0.0,0.001,true
CAP-001-MINIATURE,BASE,POOL_VALUE_CONSERVATION|POOL:NODE-0009/MAT-0004|P01,POOL_VALUE_CONSERVATION,POOL,NODE-0009/MAT-0004,P01,0.0,0.0,0.0,0.0,0.001,true
CAP-001-MINIATURE,BASE,POOL_VALUE_CONSERVATION|POOL:NODE-0009/MAT-0004|P02,POOL_VALUE_CONSERVATION,POOL,NODE-0009/MAT-0004,P02,0.0,0.0,0.0,0.0,0.001,true
CAP-001-MINIATURE,BASE,POOL_VALUE_CONSERVATION|POOL:NODE-0009/MAT-0004|P03,POOL_VALUE_CONSERVATION,POOL,NODE-0009/MAT-0004,P03,564.0,564.0,0.0,0.0,0.001,true
CAP-001-MINIATURE,BASE,POOL_VALUE_CONSERVATION|POOL:NODE-0009/MAT-0004|P04,POOL_VALUE_CONSERVATION,POOL,NODE-0009/MAT-0004,P04,0.0,0.0,0.0,0.0,0.001,true
CAP-001-MINIATURE,BASE,POOL_VALUE_CONSERVATION|POOL:NODE-0009/MAT-0004|P05,POOL_VALUE_CONSERVATION,POOL,NODE-0009/MAT-0004,P05,0.0,0.0,0.0,0.0,0.001,true
CAP-001-MINIATURE,BASE,POOL_VALUE_CONSERVATION|POOL:NODE-0009/MAT-0005|P01,POOL_VALUE_CONSERVATION,POOL,NODE-0009/MAT-0005,P01,0.0,0.0,0.0,0.0,0.001,true
CAP-001-MINIATURE,BASE,POOL_VALUE_CONSERVATION|POOL:NODE-0009/MAT-0005|P02,POOL_VALUE_CONSERVATION,POOL,NODE-0009/MAT-0005,P02,0.0,0.0,0.0,0.0,0.001,true
CAP-001-MINIATURE,BASE,POOL_VALUE_CONSERVATION|POOL:NODE-0009/MAT-0005|P03,POOL_VALUE_CONSERVATION,POOL,NODE-0009/MAT-0005,P03,1122.0,1122.0,0.0,0.0,0.001,true
CAP-001-MINIATURE,BASE,POOL_VALUE_CONSERVATION|POOL:NODE-0009/MAT-0005|P04,POOL_VALUE_CONSERVATION,POOL,NODE-0009/MAT-0005,P04,0.0,0.0,0.0,0.0,0.001,true
CAP-001-MINIATURE,BASE,POOL_VALUE_CONSERVATION|POOL:NODE-0009/MAT-0005|P05,POOL_VALUE_CONSERVATION,POOL,NODE-0009/MAT-0005,P05,0.0,0.0,0.0,0.0,0.001,true
CAP-001-MINIATURE,BASE,POOL_VALUE_CONSERVATION|POOL:NODE-0010/MAT-0003|P01,POOL_VALUE_CONSERVATION,POOL,NODE-0010/MAT-0003,P01,0.0,0.0,0.0,0.0,0.001,true
CAP-001-MINIATURE,BASE,POOL_VALUE_CONSERVATION|POOL:NODE-0010/MAT-0003|P02,POOL_VALUE_CONSERVATION,POOL,NODE-0010/MAT-0003,P02,0.0,0.0,0.0,0.0,0.001,true
CAP-001-MINIATURE,BASE,POOL_VALUE_CONSERVATION|POOL:NODE-0010/MAT-0003|P03,POOL_VALUE_CONSERVATION,POOL,NODE-0010/MAT-0003,P03,256.0,256.0,0.0,0.0,0.001,true
CAP-001-MINIATURE,BASE,POOL_VALUE_CONSERVATION|POOL:NODE-0010/MAT-0003|P04,POOL_VALUE_CONSERVATION,POOL,NODE-0010/MAT-0003,P04,32.0,32.0,0.0,0.0,0.001,true
CAP-001-MINIATURE,BASE,POOL_VALUE_CONSERVATION|POOL:NODE-0010/MAT-0003|P05,POOL_VALUE_CONSERVATION,POOL,NODE-0010/MAT-0003,P05,32.0,32.0,0.0,0.0,0.001,true
CAP-001-MINIATURE,BASE,POOL_VALUE_CONSERVATION|POOL:NODE-0010/MAT-0004|P01,POOL_VALUE_CONSERVATION,POOL,NODE-0010/MAT-0004,P01,0.0,0.0,0.0,0.0,0.001,true
CAP-001-MINIATURE,BASE,POOL_VALUE_CONSERVATION|POOL:NODE-0010/MAT-0004|P02,POOL_VALUE_CONSERVATION,POOL,NODE-0010/MAT-0004,P02,0.0,0.0,0.0,0.0,0.001,true
CAP-001-MINIATURE,BASE,POOL_VALUE_CONSERVATION|POOL:NODE-0010/MAT-0004|P03,POOL_VALUE_CONSERVATION,POOL,NODE-0010/MAT-0004,P03,362.0,362.0,0.0,0.0,0.001,true
CAP-001-MINIATURE,BASE,POOL_VALUE_CONSERVATION|POOL:NODE-0010/MAT-0004|P04,POOL_VALUE_CONSERVATION,POOL,NODE-0010/MAT-0004,P04,0.0,0.0,0.0,0.0,0.001,true
CAP-001-MINIATURE,BASE,POOL_VALUE_CONSERVATION|POOL:NODE-0010/MAT-0004|P05,POOL_VALUE_CONSERVATION,POOL,NODE-0010/MAT-0004,P05,0.0,0.0,0.0,0.0,0.001,true
CAP-001-MINIATURE,BASE,POOL_VALUE_CONSERVATION|POOL:NODE-0010/MAT-0005|P01,POOL_VALUE_CONSERVATION,POOL,NODE-0010/MAT-0005,P01,0.0,0.0,0.0,0.0,0.001,true
CAP-001-MINIATURE,BASE,POOL_VALUE_CONSERVATION|POOL:NODE-0010/MAT-0005|P02,POOL_VALUE_CONSERVATION,POOL,NODE-0010/MAT-0005,P02,0.0,0.0,0.0,0.0,0.001,true
CAP-001-MINIATURE,BASE,POOL_VALUE_CONSERVATION|POOL:NODE-0010/MAT-0005|P03,POOL_VALUE_CONSERVATION,POOL,NODE-0010/MAT-0005,P03,731.5,731.5,0.0,0.0,0.001,true
CAP-001-MINIATURE,BASE,POOL_VALUE_CONSERVATION|POOL:NODE-0010/MAT-0005|P04,POOL_VALUE_CONSERVATION,POOL,NODE-0010/MAT-0005,P04,0.0,0.0,0.0,0.0,0.001,true
CAP-001-MINIATURE,BASE,POOL_VALUE_CONSERVATION|POOL:NODE-0010/MAT-0005|P05,POOL_VALUE_CONSERVATION,POOL,NODE-0010/MAT-0005,P05,0.0,0.0,0.0,0.0,0.001,true
CAP-001-MINIATURE,BASE,POOL_VALUE_CONSERVATION|POOL:NODE-0011/MAT-0005|P01,POOL_VALUE_CONSERVATION,POOL,NODE-0011/MAT-0005,P01,246.0,246.0,0.0,0.0,0.001,true
CAP-001-MINIATURE,BASE,POOL_VALUE_CONSERVATION|POOL:NODE-0011/MAT-0005|P02,POOL_VALUE_CONSERVATION,POOL,NODE-0011/MAT-0005,P02,246.0,246.0,0.0,0.0,0.001,true
CAP-001-MINIATURE,BASE,POOL_VALUE_CONSERVATION|POOL:NODE-0011/MAT-0005|P03,POOL_VALUE_CONSERVATION,POOL,NODE-0011/MAT-0005,P03,246.0,246.0,0.0,0.0,0.001,true
CAP-001-MINIATURE,BASE,POOL_VALUE_CONSERVATION|POOL:NODE-0011/MAT-0005|P04,POOL_VALUE_CONSERVATION,POOL,NODE-0011/MAT-0005,P04,904.5,904.5,0.0,0.0,0.001,true
CAP-001-MINIATURE,BASE,POOL_VALUE_CONSERVATION|POOL:NODE-0011/MAT-0005|P05,POOL_VALUE_CONSERVATION,POOL,NODE-0011/MAT-0005,P05,301.5,301.5,0.0,0.0,0.001,true
CAP-001-MINIATURE,BASE,POOL_VALUE_CONSERVATION|POOL:NODE-0012/MAT-0005|P01,POOL_VALUE_CONSERVATION,POOL,NODE-0012/MAT-0005,P01,0.0,0.0,0.0,0.0,0.001,true
CAP-001-MINIATURE,BASE,POOL_VALUE_CONSERVATION|POOL:NODE-0012/MAT-0005|P02,POOL_VALUE_CONSERVATION,POOL,NODE-0012/MAT-0005,P02,0.0,0.0,0.0,0.0,0.001,true
CAP-001-MINIATURE,BASE,POOL_VALUE_CONSERVATION|POOL:NODE-0012/MAT-0005|P03,POOL_VALUE_CONSERVATION,POOL,NODE-0012/MAT-0005,P03,0.0,0.0,0.0,0.0,0.001,true
CAP-001-MINIATURE,BASE,POOL_VALUE_CONSERVATION|POOL:NODE-0012/MAT-0005|P04,POOL_VALUE_CONSERVATION,POOL,NODE-0012/MAT-0005,P04,827.0,827.0,0.0,0.0,0.001,true
CAP-001-MINIATURE,BASE,POOL_VALUE_CONSERVATION|POOL:NODE-0012/MAT-0005|P05,POOL_VALUE_CONSERVATION,POOL,NODE-0012/MAT-0005,P05,206.75,206.75,0.0,0.0,0.001,true
CAP-001-MINIATURE,BASE,POOL_VALUE_CONSERVATION|POOL:NODE-0013/MAT-0005|P01,POOL_VALUE_CONSERVATION,POOL,NODE-0013/MAT-0005,P01,0.0,0.0,0.0,0.0,0.001,true
CAP-001-MINIATURE,BASE,POOL_VALUE_CONSERVATION|POOL:NODE-0013/MAT-0005|P02,POOL_VALUE_CONSERVATION,POOL,NODE-0013/MAT-0005,P02,0.0,0.0,0.0,0.0,0.001,true
CAP-001-MINIATURE,BASE,POOL_VALUE_CONSERVATION|POOL:NODE-0013/MAT-0005|P03,POOL_VALUE_CONSERVATION,POOL,NODE-0013/MAT-0005,P03,0.0,0.0,0.0,0.0,0.001,true
CAP-001-MINIATURE,BASE,POOL_VALUE_CONSERVATION|POOL:NODE-0013/MAT-0005|P04,POOL_VALUE_CONSERVATION,POOL,NODE-0013/MAT-0005,P04,442.0,442.00000000000006,5.684341886080802e-14,1.2860502004707694e-16,0.001,true
CAP-001-MINIATURE,BASE,POOL_VALUE_CONSERVATION|POOL:NODE-0013/MAT-0005|P05,POOL_VALUE_CONSERVATION,POOL,NODE-0013/MAT-0005,P05,176.8,176.8,0.0,0.0,0.001,true
CAP-001-MINIATURE,BASE,POOL_VALUE_ROLLFORWARD|POOL:NODE-0001/MAT-0001|P01,POOL_VALUE_ROLLFORWARD,POOL,NODE-0001/MAT-0001,P01,400.0,400.0,0.0,0.0,0.001,true
CAP-001-MINIATURE,BASE,POOL_VALUE_ROLLFORWARD|POOL:NODE-0001/MAT-0001|P02,POOL_VALUE_ROLLFORWARD,POOL,NODE-0001/MAT-0001,P02,0.0,0.0,0.0,0.0,0.001,true
CAP-001-MINIATURE,BASE,POOL_VALUE_ROLLFORWARD|POOL:NODE-0001/MAT-0001|P03,POOL_VALUE_ROLLFORWARD,POOL,NODE-0001/MAT-0001,P03,0.0,0.0,0.0,0.0,0.001,true
CAP-001-MINIATURE,BASE,POOL_VALUE_ROLLFORWARD|POOL:NODE-0001/MAT-0001|P04,POOL_VALUE_ROLLFORWARD,POOL,NODE-0001/MAT-0001,P04,0.0,0.0,0.0,0.0,0.001,true
CAP-001-MINIATURE,BASE,POOL_VALUE_ROLLFORWARD|POOL:NODE-0001/MAT-0001|P05,POOL_VALUE_ROLLFORWARD,POOL,NODE-0001/MAT-0001,P05,0.0,0.0,0.0,0.0,0.001,true
CAP-001-MINIATURE,BASE,POOL_VALUE_ROLLFORWARD|POOL:NODE-0002/MAT-0002|P01,POOL_VALUE_ROLLFORWARD,POOL,NODE-0002/MAT-0002,P01,220.0,220.0,0.0,0.0,0.001,true
CAP-001-MINIATURE,BASE,POOL_VALUE_ROLLFORWARD|POOL:NODE-0002/MAT-0002|P02,POOL_VALUE_ROLLFORWARD,POOL,NODE-0002/MAT-0002,P02,0.0,0.0,0.0,0.0,0.001,true
CAP-001-MINIATURE,BASE,POOL_VALUE_ROLLFORWARD|POOL:NODE-0002/MAT-0002|P03,POOL_VALUE_ROLLFORWARD,POOL,NODE-0002/MAT-0002,P03,0.0,0.0,0.0,0.0,0.001,true
CAP-001-MINIATURE,BASE,POOL_VALUE_ROLLFORWARD|POOL:NODE-0002/MAT-0002|P04,POOL_VALUE_ROLLFORWARD,POOL,NODE-0002/MAT-0002,P04,0.0,0.0,0.0,0.0,0.001,true
CAP-001-MINIATURE,BASE,POOL_VALUE_ROLLFORWARD|POOL:NODE-0002/MAT-0002|P05,POOL_VALUE_ROLLFORWARD,POOL,NODE-0002/MAT-0002,P05,0.0,0.0,0.0,0.0,0.001,true
CAP-001-MINIATURE,BASE,POOL_VALUE_ROLLFORWARD|POOL:NODE-0003/MAT-0002|P01,POOL_VALUE_ROLLFORWARD,POOL,NODE-0003/MAT-0002,P01,300.0,300.0,0.0,0.0,0.001,true
CAP-001-MINIATURE,BASE,POOL_VALUE_ROLLFORWARD|POOL:NODE-0003/MAT-0002|P02,POOL_VALUE_ROLLFORWARD,POOL,NODE-0003/MAT-0002,P02,0.0,0.0,0.0,0.0,0.001,true
CAP-001-MINIATURE,BASE,POOL_VALUE_ROLLFORWARD|POOL:NODE-0003/MAT-0002|P03,POOL_VALUE_ROLLFORWARD,POOL,NODE-0003/MAT-0002,P03,0.0,0.0,0.0,0.0,0.001,true
CAP-001-MINIATURE,BASE,POOL_VALUE_ROLLFORWARD|POOL:NODE-0003/MAT-0002|P04,POOL_VALUE_ROLLFORWARD,POOL,NODE-0003/MAT-0002,P04,0.0,0.0,0.0,0.0,0.001,true
CAP-001-MINIATURE,BASE,POOL_VALUE_ROLLFORWARD|POOL:NODE-0003/MAT-0002|P05,POOL_VALUE_ROLLFORWARD,POOL,NODE-0003/MAT-0002,P05,0.0,0.0,0.0,0.0,0.001,true
CAP-001-MINIATURE,BASE,POOL_VALUE_ROLLFORWARD|POOL:NODE-0004/MAT-0001|P01,POOL_VALUE_ROLLFORWARD,POOL,NODE-0004/MAT-0001,P01,0.0,0.0,0.0,0.0,0.001,true
CAP-001-MINIATURE,BASE,POOL_VALUE_ROLLFORWARD|POOL:NODE-0004/MAT-0001|P02,POOL_VALUE_ROLLFORWARD,POOL,NODE-0004/MAT-0001,P02,258.0,258.0,0.0,0.0,0.001,true
CAP-001-MINIATURE,BASE,POOL_VALUE_ROLLFORWARD|POOL:NODE-0004/MAT-0001|P03,POOL_VALUE_ROLLFORWARD,POOL,NODE-0004/MAT-0001,P03,0.0,0.0,0.0,0.0,0.001,true
CAP-001-MINIATURE,BASE,POOL_VALUE_ROLLFORWARD|POOL:NODE-0004/MAT-0001|P04,POOL_VALUE_ROLLFORWARD,POOL,NODE-0004/MAT-0001,P04,0.0,0.0,0.0,0.0,0.001,true
CAP-001-MINIATURE,BASE,POOL_VALUE_ROLLFORWARD|POOL:NODE-0004/MAT-0001|P05,POOL_VALUE_ROLLFORWARD,POOL,NODE-0004/MAT-0001,P05,0.0,0.0,0.0,0.0,0.001,true
CAP-001-MINIATURE,BASE,POOL_VALUE_ROLLFORWARD|POOL:NODE-0004/MAT-0003|P01,POOL_VALUE_ROLLFORWARD,POOL,NODE-0004/MAT-0003,P01,0.0,0.0,0.0,0.0,0.001,true
CAP-001-MINIATURE,BASE,POOL_VALUE_ROLLFORWARD|POOL:NODE-0004/MAT-0003|P02,POOL_VALUE_ROLLFORWARD,POOL,NODE-0004/MAT-0003,P02,330.0,330.0,0.0,0.0,0.001,true
CAP-001-MINIATURE,BASE,POOL_VALUE_ROLLFORWARD|POOL:NODE-0004/MAT-0003|P03,POOL_VALUE_ROLLFORWARD,POOL,NODE-0004/MAT-0003,P03,0.0,0.0,0.0,0.0,0.001,true
CAP-001-MINIATURE,BASE,POOL_VALUE_ROLLFORWARD|POOL:NODE-0004/MAT-0003|P04,POOL_VALUE_ROLLFORWARD,POOL,NODE-0004/MAT-0003,P04,0.0,0.0,0.0,0.0,0.001,true
CAP-001-MINIATURE,BASE,POOL_VALUE_ROLLFORWARD|POOL:NODE-0004/MAT-0003|P05,POOL_VALUE_ROLLFORWARD,POOL,NODE-0004/MAT-0003,P05,0.0,0.0,0.0,0.0,0.001,true
CAP-001-MINIATURE,BASE,POOL_VALUE_ROLLFORWARD|POOL:NODE-0005/MAT-0001|P01,POOL_VALUE_ROLLFORWARD,POOL,NODE-0005/MAT-0001,P01,0.0,0.0,0.0,0.0,0.001,true
CAP-001-MINIATURE,BASE,POOL_VALUE_ROLLFORWARD|POOL:NODE-0005/MAT-0001|P02,POOL_VALUE_ROLLFORWARD,POOL,NODE-0005/MAT-0001,P02,174.0,174.0,0.0,0.0,0.001,true
CAP-001-MINIATURE,BASE,POOL_VALUE_ROLLFORWARD|POOL:NODE-0005/MAT-0001|P03,POOL_VALUE_ROLLFORWARD,POOL,NODE-0005/MAT-0001,P03,0.0,0.0,0.0,0.0,0.001,true
CAP-001-MINIATURE,BASE,POOL_VALUE_ROLLFORWARD|POOL:NODE-0005/MAT-0001|P04,POOL_VALUE_ROLLFORWARD,POOL,NODE-0005/MAT-0001,P04,0.0,0.0,0.0,0.0,0.001,true
CAP-001-MINIATURE,BASE,POOL_VALUE_ROLLFORWARD|POOL:NODE-0005/MAT-0001|P05,POOL_VALUE_ROLLFORWARD,POOL,NODE-0005/MAT-0001,P05,0.0,0.0,0.0,0.0,0.001,true
CAP-001-MINIATURE,BASE,POOL_VALUE_ROLLFORWARD|POOL:NODE-0005/MAT-0003|P01,POOL_VALUE_ROLLFORWARD,POOL,NODE-0005/MAT-0003,P01,0.0,0.0,0.0,0.0,0.001,true
CAP-001-MINIATURE,BASE,POOL_VALUE_ROLLFORWARD|POOL:NODE-0005/MAT-0003|P02,POOL_VALUE_ROLLFORWARD,POOL,NODE-0005/MAT-0003,P02,242.0,242.0,0.0,0.0,0.001,true
CAP-001-MINIATURE,BASE,POOL_VALUE_ROLLFORWARD|POOL:NODE-0005/MAT-0003|P03,POOL_VALUE_ROLLFORWARD,POOL,NODE-0005/MAT-0003,P03,0.0,0.0,0.0,0.0,0.001,true
CAP-001-MINIATURE,BASE,POOL_VALUE_ROLLFORWARD|POOL:NODE-0005/MAT-0003|P04,POOL_VALUE_ROLLFORWARD,POOL,NODE-0005/MAT-0003,P04,0.0,0.0,0.0,0.0,0.001,true
CAP-001-MINIATURE,BASE,POOL_VALUE_ROLLFORWARD|POOL:NODE-0005/MAT-0003|P05,POOL_VALUE_ROLLFORWARD,POOL,NODE-0005/MAT-0003,P05,0.0,0.0,0.0,0.0,0.001,true
CAP-001-MINIATURE,BASE,POOL_VALUE_ROLLFORWARD|POOL:NODE-0006/MAT-0002|P01,POOL_VALUE_ROLLFORWARD,POOL,NODE-0006/MAT-0002,P01,48.0,48.0,0.0,0.0,0.001,true
CAP-001-MINIATURE,BASE,POOL_VALUE_ROLLFORWARD|POOL:NODE-0006/MAT-0002|P02,POOL_VALUE_ROLLFORWARD,POOL,NODE-0006/MAT-0002,P02,402.0,402.0,0.0,0.0,0.001,true
CAP-001-MINIATURE,BASE,POOL_VALUE_ROLLFORWARD|POOL:NODE-0006/MAT-0002|P03,POOL_VALUE_ROLLFORWARD,POOL,NODE-0006/MAT-0002,P03,0.0,0.0,0.0,0.0,0.001,true
CAP-001-MINIATURE,BASE,POOL_VALUE_ROLLFORWARD|POOL:NODE-0006/MAT-0002|P04,POOL_VALUE_ROLLFORWARD,POOL,NODE-0006/MAT-0002,P04,0.0,0.0,0.0,0.0,0.001,true
CAP-001-MINIATURE,BASE,POOL_VALUE_ROLLFORWARD|POOL:NODE-0006/MAT-0002|P05,POOL_VALUE_ROLLFORWARD,POOL,NODE-0006/MAT-0002,P05,0.0,0.0,0.0,0.0,0.001,true
CAP-001-MINIATURE,BASE,POOL_VALUE_ROLLFORWARD|POOL:NODE-0006/MAT-0004|P01,POOL_VALUE_ROLLFORWARD,POOL,NODE-0006/MAT-0004,P01,0.0,0.0,0.0,0.0,0.001,true
CAP-001-MINIATURE,BASE,POOL_VALUE_ROLLFORWARD|POOL:NODE-0006/MAT-0004|P02,POOL_VALUE_ROLLFORWARD,POOL,NODE-0006/MAT-0004,P02,540.0,540.0,0.0,0.0,0.001,true
CAP-001-MINIATURE,BASE,POOL_VALUE_ROLLFORWARD|POOL:NODE-0006/MAT-0004|P03,POOL_VALUE_ROLLFORWARD,POOL,NODE-0006/MAT-0004,P03,0.0,0.0,0.0,0.0,0.001,true
CAP-001-MINIATURE,BASE,POOL_VALUE_ROLLFORWARD|POOL:NODE-0006/MAT-0004|P04,POOL_VALUE_ROLLFORWARD,POOL,NODE-0006/MAT-0004,P04,0.0,0.0,0.0,0.0,0.001,true
CAP-001-MINIATURE,BASE,POOL_VALUE_ROLLFORWARD|POOL:NODE-0006/MAT-0004|P05,POOL_VALUE_ROLLFORWARD,POOL,NODE-0006/MAT-0004,P05,0.0,0.0,0.0,0.0,0.001,true
CAP-001-MINIATURE,BASE,POOL_VALUE_ROLLFORWARD|POOL:NODE-0007/MAT-0002|P01,POOL_VALUE_ROLLFORWARD,POOL,NODE-0007/MAT-0002,P01,0.0,0.0,0.0,0.0,0.001,true
CAP-001-MINIATURE,BASE,POOL_VALUE_ROLLFORWARD|POOL:NODE-0007/MAT-0002|P02,POOL_VALUE_ROLLFORWARD,POOL,NODE-0007/MAT-0002,P02,169.0,169.0,0.0,0.0,0.001,true
CAP-001-MINIATURE,BASE,POOL_VALUE_ROLLFORWARD|POOL:NODE-0007/MAT-0002|P03,POOL_VALUE_ROLLFORWARD,POOL,NODE-0007/MAT-0002,P03,33.8,33.8,0.0,0.0,0.001,true
CAP-001-MINIATURE,BASE,POOL_VALUE_ROLLFORWARD|POOL:NODE-0007/MAT-0002|P04,POOL_VALUE_ROLLFORWARD,POOL,NODE-0007/MAT-0002,P04,33.8,33.8,0.0,0.0,0.001,true
CAP-001-MINIATURE,BASE,POOL_VALUE_ROLLFORWARD|POOL:NODE-0007/MAT-0002|P05,POOL_VALUE_ROLLFORWARD,POOL,NODE-0007/MAT-0002,P05,33.8,33.8,0.0,0.0,0.001,true
CAP-001-MINIATURE,BASE,POOL_VALUE_ROLLFORWARD|POOL:NODE-0007/MAT-0004|P01,POOL_VALUE_ROLLFORWARD,POOL,NODE-0007/MAT-0004,P01,0.0,0.0,0.0,0.0,0.001,true
CAP-001-MINIATURE,BASE,POOL_VALUE_ROLLFORWARD|POOL:NODE-0007/MAT-0004|P02,POOL_VALUE_ROLLFORWARD,POOL,NODE-0007/MAT-0004,P02,198.0,198.0,0.0,0.0,0.001,true
CAP-001-MINIATURE,BASE,POOL_VALUE_ROLLFORWARD|POOL:NODE-0007/MAT-0004|P03,POOL_VALUE_ROLLFORWARD,POOL,NODE-0007/MAT-0004,P03,0.0,0.0,0.0,0.0,0.001,true
CAP-001-MINIATURE,BASE,POOL_VALUE_ROLLFORWARD|POOL:NODE-0007/MAT-0004|P04,POOL_VALUE_ROLLFORWARD,POOL,NODE-0007/MAT-0004,P04,0.0,0.0,0.0,0.0,0.001,true
CAP-001-MINIATURE,BASE,POOL_VALUE_ROLLFORWARD|POOL:NODE-0007/MAT-0004|P05,POOL_VALUE_ROLLFORWARD,POOL,NODE-0007/MAT-0004,P05,0.0,0.0,0.0,0.0,0.001,true
CAP-001-MINIATURE,BASE,POOL_VALUE_ROLLFORWARD|POOL:NODE-0008/MAT-0002|P01,POOL_VALUE_ROLLFORWARD,POOL,NODE-0008/MAT-0002,P01,0.0,0.0,0.0,0.0,0.001,true
CAP-001-MINIATURE,BASE,POOL_VALUE_ROLLFORWARD|POOL:NODE-0008/MAT-0002|P02,POOL_VALUE_ROLLFORWARD,POOL,NODE-0008/MAT-0002,P02,72.0,72.0,0.0,0.0,0.001,true
CAP-001-MINIATURE,BASE,POOL_VALUE_ROLLFORWARD|POOL:NODE-0008/MAT-0002|P03,POOL_VALUE_ROLLFORWARD,POOL,NODE-0008/MAT-0002,P03,0.0,0.0,0.0,0.0,0.001,true
CAP-001-MINIATURE,BASE,POOL_VALUE_ROLLFORWARD|POOL:NODE-0008/MAT-0002|P04,POOL_VALUE_ROLLFORWARD,POOL,NODE-0008/MAT-0002,P04,0.0,0.0,0.0,0.0,0.001,true
CAP-001-MINIATURE,BASE,POOL_VALUE_ROLLFORWARD|POOL:NODE-0008/MAT-0002|P05,POOL_VALUE_ROLLFORWARD,POOL,NODE-0008/MAT-0002,P05,0.0,0.0,0.0,0.0,0.001,true
CAP-001-MINIATURE,BASE,POOL_VALUE_ROLLFORWARD|POOL:NODE-0008/MAT-0004|P01,POOL_VALUE_ROLLFORWARD,POOL,NODE-0008/MAT-0004,P01,0.0,0.0,0.0,0.0,0.001,true
CAP-001-MINIATURE,BASE,POOL_VALUE_ROLLFORWARD|POOL:NODE-0008/MAT-0004|P02,POOL_VALUE_ROLLFORWARD,POOL,NODE-0008/MAT-0004,P02,132.0,132.0,0.0,0.0,0.001,true
CAP-001-MINIATURE,BASE,POOL_VALUE_ROLLFORWARD|POOL:NODE-0008/MAT-0004|P03,POOL_VALUE_ROLLFORWARD,POOL,NODE-0008/MAT-0004,P03,0.0,0.0,0.0,0.0,0.001,true
CAP-001-MINIATURE,BASE,POOL_VALUE_ROLLFORWARD|POOL:NODE-0008/MAT-0004|P04,POOL_VALUE_ROLLFORWARD,POOL,NODE-0008/MAT-0004,P04,0.0,0.0,0.0,0.0,0.001,true
CAP-001-MINIATURE,BASE,POOL_VALUE_ROLLFORWARD|POOL:NODE-0008/MAT-0004|P05,POOL_VALUE_ROLLFORWARD,POOL,NODE-0008/MAT-0004,P05,0.0,0.0,0.0,0.0,0.001,true
CAP-001-MINIATURE,BASE,POOL_VALUE_ROLLFORWARD|POOL:NODE-0009/MAT-0003|P01,POOL_VALUE_ROLLFORWARD,POOL,NODE-0009/MAT-0003,P01,0.0,0.0,0.0,0.0,0.001,true
CAP-001-MINIATURE,BASE,POOL_VALUE_ROLLFORWARD|POOL:NODE-0009/MAT-0003|P02,POOL_VALUE_ROLLFORWARD,POOL,NODE-0009/MAT-0003,P02,0.0,0.0,0.0,0.0,0.001,true
CAP-001-MINIATURE,BASE,POOL_VALUE_ROLLFORWARD|POOL:NODE-0009/MAT-0003|P03,POOL_VALUE_ROLLFORWARD,POOL,NODE-0009/MAT-0003,P03,342.0,342.0,0.0,0.0,0.001,true
CAP-001-MINIATURE,BASE,POOL_VALUE_ROLLFORWARD|POOL:NODE-0009/MAT-0003|P04,POOL_VALUE_ROLLFORWARD,POOL,NODE-0009/MAT-0003,P04,0.0,0.0,0.0,0.0,0.001,true
CAP-001-MINIATURE,BASE,POOL_VALUE_ROLLFORWARD|POOL:NODE-0009/MAT-0003|P05,POOL_VALUE_ROLLFORWARD,POOL,NODE-0009/MAT-0003,P05,0.0,0.0,0.0,0.0,0.001,true
CAP-001-MINIATURE,BASE,POOL_VALUE_ROLLFORWARD|POOL:NODE-0009/MAT-0004|P01,POOL_VALUE_ROLLFORWARD,POOL,NODE-0009/MAT-0004,P01,0.0,0.0,0.0,0.0,0.001,true
CAP-001-MINIATURE,BASE,POOL_VALUE_ROLLFORWARD|POOL:NODE-0009/MAT-0004|P02,POOL_VALUE_ROLLFORWARD,POOL,NODE-0009/MAT-0004,P02,0.0,0.0,0.0,0.0,0.001,true
CAP-001-MINIATURE,BASE,POOL_VALUE_ROLLFORWARD|POOL:NODE-0009/MAT-0004|P03,POOL_VALUE_ROLLFORWARD,POOL,NODE-0009/MAT-0004,P03,564.0,564.0,0.0,0.0,0.001,true
CAP-001-MINIATURE,BASE,POOL_VALUE_ROLLFORWARD|POOL:NODE-0009/MAT-0004|P04,POOL_VALUE_ROLLFORWARD,POOL,NODE-0009/MAT-0004,P04,0.0,0.0,0.0,0.0,0.001,true
CAP-001-MINIATURE,BASE,POOL_VALUE_ROLLFORWARD|POOL:NODE-0009/MAT-0004|P05,POOL_VALUE_ROLLFORWARD,POOL,NODE-0009/MAT-0004,P05,0.0,0.0,0.0,0.0,0.001,true
CAP-001-MINIATURE,BASE,POOL_VALUE_ROLLFORWARD|POOL:NODE-0009/MAT-0005|P01,POOL_VALUE_ROLLFORWARD,POOL,NODE-0009/MAT-0005,P01,0.0,0.0,0.0,0.0,0.001,true
CAP-001-MINIATURE,BASE,POOL_VALUE_ROLLFORWARD|POOL:NODE-0009/MAT-0005|P02,POOL_VALUE_ROLLFORWARD,POOL,NODE-0009/MAT-0005,P02,0.0,0.0,0.0,0.0,0.001,true
CAP-001-MINIATURE,BASE,POOL_VALUE_ROLLFORWARD|POOL:NODE-0009/MAT-0005|P03,POOL_VALUE_ROLLFORWARD,POOL,NODE-0009/MAT-0005,P03,1122.0,1122.0,0.0,0.0,0.001,true
CAP-001-MINIATURE,BASE,POOL_VALUE_ROLLFORWARD|POOL:NODE-0009/MAT-0005|P04,POOL_VALUE_ROLLFORWARD,POOL,NODE-0009/MAT-0005,P04,0.0,0.0,0.0,0.0,0.001,true
CAP-001-MINIATURE,BASE,POOL_VALUE_ROLLFORWARD|POOL:NODE-0009/MAT-0005|P05,POOL_VALUE_ROLLFORWARD,POOL,NODE-0009/MAT-0005,P05,0.0,0.0,0.0,0.0,0.001,true
CAP-001-MINIATURE,BASE,POOL_VALUE_ROLLFORWARD|POOL:NODE-0010/MAT-0003|P01,POOL_VALUE_ROLLFORWARD,POOL,NODE-0010/MAT-0003,P01,0.0,0.0,0.0,0.0,0.001,true
CAP-001-MINIATURE,BASE,POOL_VALUE_ROLLFORWARD|POOL:NODE-0010/MAT-0003|P02,POOL_VALUE_ROLLFORWARD,POOL,NODE-0010/MAT-0003,P02,0.0,0.0,0.0,0.0,0.001,true
CAP-001-MINIATURE,BASE,POOL_VALUE_ROLLFORWARD|POOL:NODE-0010/MAT-0003|P03,POOL_VALUE_ROLLFORWARD,POOL,NODE-0010/MAT-0003,P03,256.0,256.0,0.0,0.0,0.001,true
CAP-001-MINIATURE,BASE,POOL_VALUE_ROLLFORWARD|POOL:NODE-0010/MAT-0003|P04,POOL_VALUE_ROLLFORWARD,POOL,NODE-0010/MAT-0003,P04,32.0,32.0,0.0,0.0,0.001,true
CAP-001-MINIATURE,BASE,POOL_VALUE_ROLLFORWARD|POOL:NODE-0010/MAT-0003|P05,POOL_VALUE_ROLLFORWARD,POOL,NODE-0010/MAT-0003,P05,32.0,32.0,0.0,0.0,0.001,true
CAP-001-MINIATURE,BASE,POOL_VALUE_ROLLFORWARD|POOL:NODE-0010/MAT-0004|P01,POOL_VALUE_ROLLFORWARD,POOL,NODE-0010/MAT-0004,P01,0.0,0.0,0.0,0.0,0.001,true
CAP-001-MINIATURE,BASE,POOL_VALUE_ROLLFORWARD|POOL:NODE-0010/MAT-0004|P02,POOL_VALUE_ROLLFORWARD,POOL,NODE-0010/MAT-0004,P02,0.0,0.0,0.0,0.0,0.001,true
CAP-001-MINIATURE,BASE,POOL_VALUE_ROLLFORWARD|POOL:NODE-0010/MAT-0004|P03,POOL_VALUE_ROLLFORWARD,POOL,NODE-0010/MAT-0004,P03,362.0,362.0,0.0,0.0,0.001,true
CAP-001-MINIATURE,BASE,POOL_VALUE_ROLLFORWARD|POOL:NODE-0010/MAT-0004|P04,POOL_VALUE_ROLLFORWARD,POOL,NODE-0010/MAT-0004,P04,0.0,0.0,0.0,0.0,0.001,true
CAP-001-MINIATURE,BASE,POOL_VALUE_ROLLFORWARD|POOL:NODE-0010/MAT-0004|P05,POOL_VALUE_ROLLFORWARD,POOL,NODE-0010/MAT-0004,P05,0.0,0.0,0.0,0.0,0.001,true
CAP-001-MINIATURE,BASE,POOL_VALUE_ROLLFORWARD|POOL:NODE-0010/MAT-0005|P01,POOL_VALUE_ROLLFORWARD,POOL,NODE-0010/MAT-0005,P01,0.0,0.0,0.0,0.0,0.001,true
CAP-001-MINIATURE,BASE,POOL_VALUE_ROLLFORWARD|POOL:NODE-0010/MAT-0005|P02,POOL_VALUE_ROLLFORWARD,POOL,NODE-0010/MAT-0005,P02,0.0,0.0,0.0,0.0,0.001,true
CAP-001-MINIATURE,BASE,POOL_VALUE_ROLLFORWARD|POOL:NODE-0010/MAT-0005|P03,POOL_VALUE_ROLLFORWARD,POOL,NODE-0010/MAT-0005,P03,731.5,731.5,0.0,0.0,0.001,true
CAP-001-MINIATURE,BASE,POOL_VALUE_ROLLFORWARD|POOL:NODE-0010/MAT-0005|P04,POOL_VALUE_ROLLFORWARD,POOL,NODE-0010/MAT-0005,P04,0.0,0.0,0.0,0.0,0.001,true
CAP-001-MINIATURE,BASE,POOL_VALUE_ROLLFORWARD|POOL:NODE-0010/MAT-0005|P05,POOL_VALUE_ROLLFORWARD,POOL,NODE-0010/MAT-0005,P05,0.0,0.0,0.0,0.0,0.001,true
CAP-001-MINIATURE,BASE,POOL_VALUE_ROLLFORWARD|POOL:NODE-0011/MAT-0005|P01,POOL_VALUE_ROLLFORWARD,POOL,NODE-0011/MAT-0005,P01,246.0,246.0,0.0,0.0,0.001,true
CAP-001-MINIATURE,BASE,POOL_VALUE_ROLLFORWARD|POOL:NODE-0011/MAT-0005|P02,POOL_VALUE_ROLLFORWARD,POOL,NODE-0011/MAT-0005,P02,246.0,246.0,0.0,0.0,0.001,true
CAP-001-MINIATURE,BASE,POOL_VALUE_ROLLFORWARD|POOL:NODE-0011/MAT-0005|P03,POOL_VALUE_ROLLFORWARD,POOL,NODE-0011/MAT-0005,P03,246.0,246.0,0.0,0.0,0.001,true
CAP-001-MINIATURE,BASE,POOL_VALUE_ROLLFORWARD|POOL:NODE-0011/MAT-0005|P04,POOL_VALUE_ROLLFORWARD,POOL,NODE-0011/MAT-0005,P04,904.5,904.5,0.0,0.0,0.001,true
CAP-001-MINIATURE,BASE,POOL_VALUE_ROLLFORWARD|POOL:NODE-0011/MAT-0005|P05,POOL_VALUE_ROLLFORWARD,POOL,NODE-0011/MAT-0005,P05,301.5,301.5,0.0,0.0,0.001,true
CAP-001-MINIATURE,BASE,POOL_VALUE_ROLLFORWARD|POOL:NODE-0012/MAT-0005|P01,POOL_VALUE_ROLLFORWARD,POOL,NODE-0012/MAT-0005,P01,0.0,0.0,0.0,0.0,0.001,true
CAP-001-MINIATURE,BASE,POOL_VALUE_ROLLFORWARD|POOL:NODE-0012/MAT-0005|P02,POOL_VALUE_ROLLFORWARD,POOL,NODE-0012/MAT-0005,P02,0.0,0.0,0.0,0.0,0.001,true
CAP-001-MINIATURE,BASE,POOL_VALUE_ROLLFORWARD|POOL:NODE-0012/MAT-0005|P03,POOL_VALUE_ROLLFORWARD,POOL,NODE-0012/MAT-0005,P03,0.0,0.0,0.0,0.0,0.001,true
CAP-001-MINIATURE,BASE,POOL_VALUE_ROLLFORWARD|POOL:NODE-0012/MAT-0005|P04,POOL_VALUE_ROLLFORWARD,POOL,NODE-0012/MAT-0005,P04,827.0,827.0,0.0,0.0,0.001,true
CAP-001-MINIATURE,BASE,POOL_VALUE_ROLLFORWARD|POOL:NODE-0012/MAT-0005|P05,POOL_VALUE_ROLLFORWARD,POOL,NODE-0012/MAT-0005,P05,206.75,206.75,0.0,0.0,0.001,true
CAP-001-MINIATURE,BASE,POOL_VALUE_ROLLFORWARD|POOL:NODE-0013/MAT-0005|P01,POOL_VALUE_ROLLFORWARD,POOL,NODE-0013/MAT-0005,P01,0.0,0.0,0.0,0.0,0.001,true
CAP-001-MINIATURE,BASE,POOL_VALUE_ROLLFORWARD|POOL:NODE-0013/MAT-0005|P02,POOL_VALUE_ROLLFORWARD,POOL,NODE-0013/MAT-0005,P02,0.0,0.0,0.0,0.0,0.001,true
CAP-001-MINIATURE,BASE,POOL_VALUE_ROLLFORWARD|POOL:NODE-0013/MAT-0005|P03,POOL_VALUE_ROLLFORWARD,POOL,NODE-0013/MAT-0005,P03,0.0,0.0,0.0,0.0,0.001,true
CAP-001-MINIATURE,BASE,POOL_VALUE_ROLLFORWARD|POOL:NODE-0013/MAT-0005|P04,POOL_VALUE_ROLLFORWARD,POOL,NODE-0013/MAT-0005,P04,442.0,442.0,0.0,0.0,0.001,true
CAP-001-MINIATURE,BASE,POOL_VALUE_ROLLFORWARD|POOL:NODE-0013/MAT-0005|P05,POOL_VALUE_ROLLFORWARD,POOL,NODE-0013/MAT-0005,P05,176.8,176.8,0.0,0.0,0.001,true
CAP-001-MINIATURE,BASE,RECEIPT_VALUE|SHIPMENT:LANE-00001|P02,RECEIPT_VALUE,SHIPMENT,LANE-00001,P02,258.0,258.0,0.0,0.0,0.001,true
CAP-001-MINIATURE,BASE,RECEIPT_VALUE|SHIPMENT:LANE-00002|P02,RECEIPT_VALUE,SHIPMENT,LANE-00002,P02,174.0,174.0,0.0,0.0,0.001,true
CAP-001-MINIATURE,BASE,RECEIPT_VALUE|SHIPMENT:LANE-00003|P02,RECEIPT_VALUE,SHIPMENT,LANE-00003,P02,182.0,182.0,0.0,0.0,0.001,true
CAP-001-MINIATURE,BASE,RECEIPT_VALUE|SHIPMENT:LANE-00004|P02,RECEIPT_VALUE,SHIPMENT,LANE-00004,P02,72.0,72.0,0.0,0.0,0.001,true
CAP-001-MINIATURE,BASE,RECEIPT_VALUE|SHIPMENT:LANE-00005|P02,RECEIPT_VALUE,SHIPMENT,LANE-00005,P02,172.0,172.0,0.0,0.0,0.001,true
CAP-001-MINIATURE,BASE,RECEIPT_VALUE|SHIPMENT:LANE-00006|P02,RECEIPT_VALUE,SHIPMENT,LANE-00006,P02,169.0,169.0,0.0,0.0,0.001,true
CAP-001-MINIATURE,BASE,RECEIPT_VALUE|SHIPMENT:LANE-00007|P03,RECEIPT_VALUE,SHIPMENT,LANE-00007,P03,342.0,342.0,0.0,0.0,0.001,true
CAP-001-MINIATURE,BASE,RECEIPT_VALUE|SHIPMENT:LANE-00008|P03,RECEIPT_VALUE,SHIPMENT,LANE-00008,P03,256.0,256.0,0.0,0.0,0.001,true
CAP-001-MINIATURE,BASE,RECEIPT_VALUE|SHIPMENT:LANE-00009|P03,RECEIPT_VALUE,SHIPMENT,LANE-00009,P03,564.0,564.0,0.0,0.0,0.001,true
CAP-001-MINIATURE,BASE,RECEIPT_VALUE|SHIPMENT:LANE-00010|P03,RECEIPT_VALUE,SHIPMENT,LANE-00010,P03,214.0,214.0,0.0,0.0,0.001,true
CAP-001-MINIATURE,BASE,RECEIPT_VALUE|SHIPMENT:LANE-00011|P03,RECEIPT_VALUE,SHIPMENT,LANE-00011,P03,148.0,148.0,0.0,0.0,0.001,true
CAP-001-MINIATURE,BASE,RECEIPT_VALUE|SHIPMENT:LANE-00012|P04,RECEIPT_VALUE,SHIPMENT,LANE-00012,P04,658.5,658.5,0.0,0.0,0.001,true
CAP-001-MINIATURE,BASE,RECEIPT_VALUE|SHIPMENT:LANE-00013|P04,RECEIPT_VALUE,SHIPMENT,LANE-00013,P04,491.5,491.5,0.0,0.0,0.001,true
CAP-001-MINIATURE,BASE,RECEIPT_VALUE|SHIPMENT:LANE-00014|P04,RECEIPT_VALUE,SHIPMENT,LANE-00014,P04,335.5,335.5,0.0,0.0,0.001,true
CAP-001-MINIATURE,BASE,RECEIPT_VALUE|SHIPMENT:LANE-00015|P04,RECEIPT_VALUE,SHIPMENT,LANE-00015,P04,442.0,442.0,0.0,0.0,0.001,true
CAP-001-MINIATURE,BASE,STAGE_2_VALUE|RUN:CAP-001-MINIATURE|ALL,STAGE_2_VALUE,RUN,CAP-001-MINIATURE,,2239.3,2239.3,0.0,0.0,0.001,true
CAP-001-MINIATURE,BASE,TRANSFORMATION_VALUE|TRANSFORMATION:RCP-00001|P02,TRANSFORMATION_VALUE,TRANSFORMATION,RCP-00001,P02,330.0,330.0,0.0,0.0,0.001,true
CAP-001-MINIATURE,BASE,TRANSFORMATION_VALUE|TRANSFORMATION:RCP-00002|P02,TRANSFORMATION_VALUE,TRANSFORMATION,RCP-00002,P02,242.0,242.0,0.0,0.0,0.001,true
CAP-001-MINIATURE,BASE,TRANSFORMATION_VALUE|TRANSFORMATION:RCP-00003|P02,TRANSFORMATION_VALUE,TRANSFORMATION,RCP-00003,P02,540.0,540.0,0.0,0.0,0.001,true
CAP-001-MINIATURE,BASE,TRANSFORMATION_VALUE|TRANSFORMATION:RCP-00004|P02,TRANSFORMATION_VALUE,TRANSFORMATION,RCP-00004,P02,198.0,198.0,0.0,0.0,0.001,true
CAP-001-MINIATURE,BASE,TRANSFORMATION_VALUE|TRANSFORMATION:RCP-00005|P02,TRANSFORMATION_VALUE,TRANSFORMATION,RCP-00005,P02,132.0,132.0,0.0,0.0,0.001,true
CAP-001-MINIATURE,BASE,TRANSFORMATION_VALUE|TRANSFORMATION:RCP-00006|P03,TRANSFORMATION_VALUE,TRANSFORMATION,RCP-00006,P03,1122.0,1122.0,0.0,0.0,0.001,true
CAP-001-MINIATURE,BASE,TRANSFORMATION_VALUE|TRANSFORMATION:RCP-00007|P03,TRANSFORMATION_VALUE,TRANSFORMATION,RCP-00007,P03,731.5,731.5,0.0,0.0,0.001,true
CAP-001-MINIATURE,BASE,ZERO_POOL_VALUE|POOL:NODE-0001/MAT-0001|P02,ZERO_POOL_VALUE,POOL,NODE-0001/MAT-0001,P02,0.0,0.0,0.0,0.0,0.001,true
CAP-001-MINIATURE,BASE,ZERO_POOL_VALUE|POOL:NODE-0001/MAT-0001|P03,ZERO_POOL_VALUE,POOL,NODE-0001/MAT-0001,P03,0.0,0.0,0.0,0.0,0.001,true
CAP-001-MINIATURE,BASE,ZERO_POOL_VALUE|POOL:NODE-0001/MAT-0001|P04,ZERO_POOL_VALUE,POOL,NODE-0001/MAT-0001,P04,0.0,0.0,0.0,0.0,0.001,true
CAP-001-MINIATURE,BASE,ZERO_POOL_VALUE|POOL:NODE-0001/MAT-0001|P05,ZERO_POOL_VALUE,POOL,NODE-0001/MAT-0001,P05,0.0,0.0,0.0,0.0,0.001,true
CAP-001-MINIATURE,BASE,ZERO_POOL_VALUE|POOL:NODE-0002/MAT-0002|P02,ZERO_POOL_VALUE,POOL,NODE-0002/MAT-0002,P02,0.0,0.0,0.0,0.0,0.001,true
CAP-001-MINIATURE,BASE,ZERO_POOL_VALUE|POOL:NODE-0002/MAT-0002|P03,ZERO_POOL_VALUE,POOL,NODE-0002/MAT-0002,P03,0.0,0.0,0.0,0.0,0.001,true
CAP-001-MINIATURE,BASE,ZERO_POOL_VALUE|POOL:NODE-0002/MAT-0002|P04,ZERO_POOL_VALUE,POOL,NODE-0002/MAT-0002,P04,0.0,0.0,0.0,0.0,0.001,true
CAP-001-MINIATURE,BASE,ZERO_POOL_VALUE|POOL:NODE-0002/MAT-0002|P05,ZERO_POOL_VALUE,POOL,NODE-0002/MAT-0002,P05,0.0,0.0,0.0,0.0,0.001,true
CAP-001-MINIATURE,BASE,ZERO_POOL_VALUE|POOL:NODE-0003/MAT-0002|P02,ZERO_POOL_VALUE,POOL,NODE-0003/MAT-0002,P02,0.0,0.0,0.0,0.0,0.001,true
CAP-001-MINIATURE,BASE,ZERO_POOL_VALUE|POOL:NODE-0003/MAT-0002|P03,ZERO_POOL_VALUE,POOL,NODE-0003/MAT-0002,P03,0.0,0.0,0.0,0.0,0.001,true
CAP-001-MINIATURE,BASE,ZERO_POOL_VALUE|POOL:NODE-0003/MAT-0002|P04,ZERO_POOL_VALUE,POOL,NODE-0003/MAT-0002,P04,0.0,0.0,0.0,0.0,0.001,true
CAP-001-MINIATURE,BASE,ZERO_POOL_VALUE|POOL:NODE-0003/MAT-0002|P05,ZERO_POOL_VALUE,POOL,NODE-0003/MAT-0002,P05,0.0,0.0,0.0,0.0,0.001,true
CAP-001-MINIATURE,BASE,ZERO_POOL_VALUE|POOL:NODE-0004/MAT-0001|P01,ZERO_POOL_VALUE,POOL,NODE-0004/MAT-0001,P01,0.0,0.0,0.0,0.0,0.001,true
CAP-001-MINIATURE,BASE,ZERO_POOL_VALUE|POOL:NODE-0004/MAT-0001|P03,ZERO_POOL_VALUE,POOL,NODE-0004/MAT-0001,P03,0.0,0.0,0.0,0.0,0.001,true
CAP-001-MINIATURE,BASE,ZERO_POOL_VALUE|POOL:NODE-0004/MAT-0001|P04,ZERO_POOL_VALUE,POOL,NODE-0004/MAT-0001,P04,0.0,0.0,0.0,0.0,0.001,true
CAP-001-MINIATURE,BASE,ZERO_POOL_VALUE|POOL:NODE-0004/MAT-0001|P05,ZERO_POOL_VALUE,POOL,NODE-0004/MAT-0001,P05,0.0,0.0,0.0,0.0,0.001,true
CAP-001-MINIATURE,BASE,ZERO_POOL_VALUE|POOL:NODE-0004/MAT-0003|P01,ZERO_POOL_VALUE,POOL,NODE-0004/MAT-0003,P01,0.0,0.0,0.0,0.0,0.001,true
CAP-001-MINIATURE,BASE,ZERO_POOL_VALUE|POOL:NODE-0004/MAT-0003|P03,ZERO_POOL_VALUE,POOL,NODE-0004/MAT-0003,P03,0.0,0.0,0.0,0.0,0.001,true
CAP-001-MINIATURE,BASE,ZERO_POOL_VALUE|POOL:NODE-0004/MAT-0003|P04,ZERO_POOL_VALUE,POOL,NODE-0004/MAT-0003,P04,0.0,0.0,0.0,0.0,0.001,true
CAP-001-MINIATURE,BASE,ZERO_POOL_VALUE|POOL:NODE-0004/MAT-0003|P05,ZERO_POOL_VALUE,POOL,NODE-0004/MAT-0003,P05,0.0,0.0,0.0,0.0,0.001,true
CAP-001-MINIATURE,BASE,ZERO_POOL_VALUE|POOL:NODE-0005/MAT-0001|P01,ZERO_POOL_VALUE,POOL,NODE-0005/MAT-0001,P01,0.0,0.0,0.0,0.0,0.001,true
CAP-001-MINIATURE,BASE,ZERO_POOL_VALUE|POOL:NODE-0005/MAT-0001|P03,ZERO_POOL_VALUE,POOL,NODE-0005/MAT-0001,P03,0.0,0.0,0.0,0.0,0.001,true
CAP-001-MINIATURE,BASE,ZERO_POOL_VALUE|POOL:NODE-0005/MAT-0001|P04,ZERO_POOL_VALUE,POOL,NODE-0005/MAT-0001,P04,0.0,0.0,0.0,0.0,0.001,true
CAP-001-MINIATURE,BASE,ZERO_POOL_VALUE|POOL:NODE-0005/MAT-0001|P05,ZERO_POOL_VALUE,POOL,NODE-0005/MAT-0001,P05,0.0,0.0,0.0,0.0,0.001,true
CAP-001-MINIATURE,BASE,ZERO_POOL_VALUE|POOL:NODE-0005/MAT-0003|P01,ZERO_POOL_VALUE,POOL,NODE-0005/MAT-0003,P01,0.0,0.0,0.0,0.0,0.001,true
CAP-001-MINIATURE,BASE,ZERO_POOL_VALUE|POOL:NODE-0005/MAT-0003|P03,ZERO_POOL_VALUE,POOL,NODE-0005/MAT-0003,P03,0.0,0.0,0.0,0.0,0.001,true
CAP-001-MINIATURE,BASE,ZERO_POOL_VALUE|POOL:NODE-0005/MAT-0003|P04,ZERO_POOL_VALUE,POOL,NODE-0005/MAT-0003,P04,0.0,0.0,0.0,0.0,0.001,true
CAP-001-MINIATURE,BASE,ZERO_POOL_VALUE|POOL:NODE-0005/MAT-0003|P05,ZERO_POOL_VALUE,POOL,NODE-0005/MAT-0003,P05,0.0,0.0,0.0,0.0,0.001,true
CAP-001-MINIATURE,BASE,ZERO_POOL_VALUE|POOL:NODE-0006/MAT-0002|P03,ZERO_POOL_VALUE,POOL,NODE-0006/MAT-0002,P03,0.0,0.0,0.0,0.0,0.001,true
CAP-001-MINIATURE,BASE,ZERO_POOL_VALUE|POOL:NODE-0006/MAT-0002|P04,ZERO_POOL_VALUE,POOL,NODE-0006/MAT-0002,P04,0.0,0.0,0.0,0.0,0.001,true
CAP-001-MINIATURE,BASE,ZERO_POOL_VALUE|POOL:NODE-0006/MAT-0002|P05,ZERO_POOL_VALUE,POOL,NODE-0006/MAT-0002,P05,0.0,0.0,0.0,0.0,0.001,true
CAP-001-MINIATURE,BASE,ZERO_POOL_VALUE|POOL:NODE-0006/MAT-0004|P01,ZERO_POOL_VALUE,POOL,NODE-0006/MAT-0004,P01,0.0,0.0,0.0,0.0,0.001,true
CAP-001-MINIATURE,BASE,ZERO_POOL_VALUE|POOL:NODE-0006/MAT-0004|P03,ZERO_POOL_VALUE,POOL,NODE-0006/MAT-0004,P03,0.0,0.0,0.0,0.0,0.001,true
CAP-001-MINIATURE,BASE,ZERO_POOL_VALUE|POOL:NODE-0006/MAT-0004|P04,ZERO_POOL_VALUE,POOL,NODE-0006/MAT-0004,P04,0.0,0.0,0.0,0.0,0.001,true
CAP-001-MINIATURE,BASE,ZERO_POOL_VALUE|POOL:NODE-0006/MAT-0004|P05,ZERO_POOL_VALUE,POOL,NODE-0006/MAT-0004,P05,0.0,0.0,0.0,0.0,0.001,true
CAP-001-MINIATURE,BASE,ZERO_POOL_VALUE|POOL:NODE-0007/MAT-0002|P01,ZERO_POOL_VALUE,POOL,NODE-0007/MAT-0002,P01,0.0,0.0,0.0,0.0,0.001,true
CAP-001-MINIATURE,BASE,ZERO_POOL_VALUE|POOL:NODE-0007/MAT-0004|P01,ZERO_POOL_VALUE,POOL,NODE-0007/MAT-0004,P01,0.0,0.0,0.0,0.0,0.001,true
CAP-001-MINIATURE,BASE,ZERO_POOL_VALUE|POOL:NODE-0007/MAT-0004|P03,ZERO_POOL_VALUE,POOL,NODE-0007/MAT-0004,P03,0.0,0.0,0.0,0.0,0.001,true
CAP-001-MINIATURE,BASE,ZERO_POOL_VALUE|POOL:NODE-0007/MAT-0004|P04,ZERO_POOL_VALUE,POOL,NODE-0007/MAT-0004,P04,0.0,0.0,0.0,0.0,0.001,true
CAP-001-MINIATURE,BASE,ZERO_POOL_VALUE|POOL:NODE-0007/MAT-0004|P05,ZERO_POOL_VALUE,POOL,NODE-0007/MAT-0004,P05,0.0,0.0,0.0,0.0,0.001,true
CAP-001-MINIATURE,BASE,ZERO_POOL_VALUE|POOL:NODE-0008/MAT-0002|P01,ZERO_POOL_VALUE,POOL,NODE-0008/MAT-0002,P01,0.0,0.0,0.0,0.0,0.001,true
CAP-001-MINIATURE,BASE,ZERO_POOL_VALUE|POOL:NODE-0008/MAT-0002|P03,ZERO_POOL_VALUE,POOL,NODE-0008/MAT-0002,P03,0.0,0.0,0.0,0.0,0.001,true
CAP-001-MINIATURE,BASE,ZERO_POOL_VALUE|POOL:NODE-0008/MAT-0002|P04,ZERO_POOL_VALUE,POOL,NODE-0008/MAT-0002,P04,0.0,0.0,0.0,0.0,0.001,true
CAP-001-MINIATURE,BASE,ZERO_POOL_VALUE|POOL:NODE-0008/MAT-0002|P05,ZERO_POOL_VALUE,POOL,NODE-0008/MAT-0002,P05,0.0,0.0,0.0,0.0,0.001,true
CAP-001-MINIATURE,BASE,ZERO_POOL_VALUE|POOL:NODE-0008/MAT-0004|P01,ZERO_POOL_VALUE,POOL,NODE-0008/MAT-0004,P01,0.0,0.0,0.0,0.0,0.001,true
CAP-001-MINIATURE,BASE,ZERO_POOL_VALUE|POOL:NODE-0008/MAT-0004|P03,ZERO_POOL_VALUE,POOL,NODE-0008/MAT-0004,P03,0.0,0.0,0.0,0.0,0.001,true
CAP-001-MINIATURE,BASE,ZERO_POOL_VALUE|POOL:NODE-0008/MAT-0004|P04,ZERO_POOL_VALUE,POOL,NODE-0008/MAT-0004,P04,0.0,0.0,0.0,0.0,0.001,true
CAP-001-MINIATURE,BASE,ZERO_POOL_VALUE|POOL:NODE-0008/MAT-0004|P05,ZERO_POOL_VALUE,POOL,NODE-0008/MAT-0004,P05,0.0,0.0,0.0,0.0,0.001,true
CAP-001-MINIATURE,BASE,ZERO_POOL_VALUE|POOL:NODE-0009/MAT-0003|P01,ZERO_POOL_VALUE,POOL,NODE-0009/MAT-0003,P01,0.0,0.0,0.0,0.0,0.001,true
CAP-001-MINIATURE,BASE,ZERO_POOL_VALUE|POOL:NODE-0009/MAT-0003|P02,ZERO_POOL_VALUE,POOL,NODE-0009/MAT-0003,P02,0.0,0.0,0.0,0.0,0.001,true
CAP-001-MINIATURE,BASE,ZERO_POOL_VALUE|POOL:NODE-0009/MAT-0003|P04,ZERO_POOL_VALUE,POOL,NODE-0009/MAT-0003,P04,0.0,0.0,0.0,0.0,0.001,true
CAP-001-MINIATURE,BASE,ZERO_POOL_VALUE|POOL:NODE-0009/MAT-0003|P05,ZERO_POOL_VALUE,POOL,NODE-0009/MAT-0003,P05,0.0,0.0,0.0,0.0,0.001,true
CAP-001-MINIATURE,BASE,ZERO_POOL_VALUE|POOL:NODE-0009/MAT-0004|P01,ZERO_POOL_VALUE,POOL,NODE-0009/MAT-0004,P01,0.0,0.0,0.0,0.0,0.001,true
CAP-001-MINIATURE,BASE,ZERO_POOL_VALUE|POOL:NODE-0009/MAT-0004|P02,ZERO_POOL_VALUE,POOL,NODE-0009/MAT-0004,P02,0.0,0.0,0.0,0.0,0.001,true
CAP-001-MINIATURE,BASE,ZERO_POOL_VALUE|POOL:NODE-0009/MAT-0004|P04,ZERO_POOL_VALUE,POOL,NODE-0009/MAT-0004,P04,0.0,0.0,0.0,0.0,0.001,true
CAP-001-MINIATURE,BASE,ZERO_POOL_VALUE|POOL:NODE-0009/MAT-0004|P05,ZERO_POOL_VALUE,POOL,NODE-0009/MAT-0004,P05,0.0,0.0,0.0,0.0,0.001,true
CAP-001-MINIATURE,BASE,ZERO_POOL_VALUE|POOL:NODE-0009/MAT-0005|P01,ZERO_POOL_VALUE,POOL,NODE-0009/MAT-0005,P01,0.0,0.0,0.0,0.0,0.001,true
CAP-001-MINIATURE,BASE,ZERO_POOL_VALUE|POOL:NODE-0009/MAT-0005|P02,ZERO_POOL_VALUE,POOL,NODE-0009/MAT-0005,P02,0.0,0.0,0.0,0.0,0.001,true
CAP-001-MINIATURE,BASE,ZERO_POOL_VALUE|POOL:NODE-0009/MAT-0005|P04,ZERO_POOL_VALUE,POOL,NODE-0009/MAT-0005,P04,0.0,0.0,0.0,0.0,0.001,true
CAP-001-MINIATURE,BASE,ZERO_POOL_VALUE|POOL:NODE-0009/MAT-0005|P05,ZERO_POOL_VALUE,POOL,NODE-0009/MAT-0005,P05,0.0,0.0,0.0,0.0,0.001,true
CAP-001-MINIATURE,BASE,ZERO_POOL_VALUE|POOL:NODE-0010/MAT-0003|P01,ZERO_POOL_VALUE,POOL,NODE-0010/MAT-0003,P01,0.0,0.0,0.0,0.0,0.001,true
CAP-001-MINIATURE,BASE,ZERO_POOL_VALUE|POOL:NODE-0010/MAT-0003|P02,ZERO_POOL_VALUE,POOL,NODE-0010/MAT-0003,P02,0.0,0.0,0.0,0.0,0.001,true
CAP-001-MINIATURE,BASE,ZERO_POOL_VALUE|POOL:NODE-0010/MAT-0004|P01,ZERO_POOL_VALUE,POOL,NODE-0010/MAT-0004,P01,0.0,0.0,0.0,0.0,0.001,true
CAP-001-MINIATURE,BASE,ZERO_POOL_VALUE|POOL:NODE-0010/MAT-0004|P02,ZERO_POOL_VALUE,POOL,NODE-0010/MAT-0004,P02,0.0,0.0,0.0,0.0,0.001,true
CAP-001-MINIATURE,BASE,ZERO_POOL_VALUE|POOL:NODE-0010/MAT-0004|P04,ZERO_POOL_VALUE,POOL,NODE-0010/MAT-0004,P04,0.0,0.0,0.0,0.0,0.001,true
CAP-001-MINIATURE,BASE,ZERO_POOL_VALUE|POOL:NODE-0010/MAT-0004|P05,ZERO_POOL_VALUE,POOL,NODE-0010/MAT-0004,P05,0.0,0.0,0.0,0.0,0.001,true
CAP-001-MINIATURE,BASE,ZERO_POOL_VALUE|POOL:NODE-0010/MAT-0005|P01,ZERO_POOL_VALUE,POOL,NODE-0010/MAT-0005,P01,0.0,0.0,0.0,0.0,0.001,true
CAP-001-MINIATURE,BASE,ZERO_POOL_VALUE|POOL:NODE-0010/MAT-0005|P02,ZERO_POOL_VALUE,POOL,NODE-0010/MAT-0005,P02,0.0,0.0,0.0,0.0,0.001,true
CAP-001-MINIATURE,BASE,ZERO_POOL_VALUE|POOL:NODE-0010/MAT-0005|P04,ZERO_POOL_VALUE,POOL,NODE-0010/MAT-0005,P04,0.0,0.0,0.0,0.0,0.001,true
CAP-001-MINIATURE,BASE,ZERO_POOL_VALUE|POOL:NODE-0010/MAT-0005|P05,ZERO_POOL_VALUE,POOL,NODE-0010/MAT-0005,P05,0.0,0.0,0.0,0.0,0.001,true
CAP-001-MINIATURE,BASE,ZERO_POOL_VALUE|POOL:NODE-0012/MAT-0005|P01,ZERO_POOL_VALUE,POOL,NODE-0012/MAT-0005,P01,0.0,0.0,0.0,0.0,0.001,true
CAP-001-MINIATURE,BASE,ZERO_POOL_VALUE|POOL:NODE-0012/MAT-0005|P02,ZERO_POOL_VALUE,POOL,NODE-0012/MAT-0005,P02,0.0,0.0,0.0,0.0,0.001,true
CAP-001-MINIATURE,BASE,ZERO_POOL_VALUE|POOL:NODE-0012/MAT-0005|P03,ZERO_POOL_VALUE,POOL,NODE-0012/MAT-0005,P03,0.0,0.0,0.0,0.0,0.001,true
CAP-001-MINIATURE,BASE,ZERO_POOL_VALUE|POOL:NODE-0013/MAT-0005|P01,ZERO_POOL_VALUE,POOL,NODE-0013/MAT-0005,P01,0.0,0.0,0.0,0.0,0.001,true
CAP-001-MINIATURE,BASE,ZERO_POOL_VALUE|POOL:NODE-0013/MAT-0005|P02,ZERO_POOL_VALUE,POOL,NODE-0013/MAT-0005,P02,0.0,0.0,0.0,0.0,0.001,true
CAP-001-MINIATURE,BASE,ZERO_POOL_VALUE|POOL:NODE-0013/MAT-0005|P03,ZERO_POOL_VALUE,POOL,NODE-0013/MAT-0005,P03,0.0,0.0,0.0,0.0,0.001,true
