node_id,material_id,month,ordered_quantity,received_quantity,on_time_quantity,accepted_quantity,average_actual_lead_time_days,lead_time_std_days,quality_incident_count,source_completeness_flag
NODE-0001,MAT-0001,2024-07-01,1220.84,1189.14,1127.01,1147.02,22.47,2.24,1,COMPLETE
NODE-0001,MAT-0001,2024-08-01,1260.23,1234.72,1164.16,1184.75,23.42,2.24,1,COMPLETE
NODE-0001,MAT-0001,2024-09-01,1271.85,1204.27,1119.2,1155.04,24.14,2.24,1,COMPLETE
NODE-0001,MAT-0001,2024-10-01,1254.42,1136.0,1034.42,1094.8,24.44,2.24,1,COMPLETE
NODE-0001,MAT-0001,2024-11-01,1209.87,1081.49,963.72,1048.09,24.27,2.24,0,COMPLETE
NODE-0001,MAT-0001,2024-12-01,1143.09,1054.52,923.45,1023.23,23.65,2.24,0,COMPLETE
NODE-0001,MAT-0001,2025-01-01,1061.44,1024.45,889.38,989.88,22.75,2.24,0,COMPLETE
NODE-0001,MAT-0001,2025-02-01,973.91,956.96,832.84,919.29,21.77,2.24,1,COMPLETE
NODE-0001,MAT-0001,2025-03-01,890.13,853.47,752.42,818.17,20.97,2.24,1,PARTIAL
NODE-0001,MAT-0001,2025-04-01,819.33,750.23,674.7,721.8,20.53,2.24,1,PARTIAL
NODE-0001,MAT-0001,2025-05-01,769.29,686.85,631.28,664.76,20.57,2.24,0,PARTIAL
NODE-0001,MAT-0001,2025-06-01,745.54,679.4,635.99,659.41,21.07,2.24,0,PARTIAL
NODE-0001,MAT-0001,2025-07-01,750.68,716.21,677.65,693.14,21.91,2.24,0,PARTIAL
NODE-0001,MAT-0001,2025-08-01,784.14,769.92,728.97,740.71,22.89,2.24,1,PARTIAL
NODE-0001,MAT-0001,2025-09-01,842.25,816.21,765.54,782.45,23.77,2.24,1,PARTIAL
NODE-0001,MAT-0001,2025-10-01,918.61,852.01,785.23,818.51,24.33,2.24,1,PARTIAL
NODE-0001,MAT-0001,2025-11-01,1004.81,899.65,811.42,869.33,24.43,2.24,0,PARTIAL
NODE-0001,MAT-0001,2025-12-01,1091.35,984.59,870.06,955.4,24.05,2.24,0,PARTIAL
NODE-0001,MAT-0001,2026-01-01,1168.73,1100.61,958.97,1066.58,23.28,2.24,0,COMPLETE
NODE-0001,MAT-0001,2026-02-01,1228.41,1200.91,1042.23,1157.29,22.32,2.24,1,COMPLETE
NODE-0001,MAT-0001,2026-03-01,1263.82,1234.58,1079.26,1184.09,21.39,2.24,1,COMPLETE
NODE-0001,MAT-0001,2026-04-01,1271.07,1195.01,1062.04,1146.68,20.72,2.24,1,COMPLETE
NODE-0001,MAT-0001,2026-05-01,1249.37,1125.98,1022.31,1086.15,20.49,2.24,1,COMPLETE
NODE-0001,MAT-0001,2026-06-01,1201.09,1076.05,997.59,1043.39,20.73,2.24,0,COMPLETE
NODE-0001,MAT-0001,2026-07-01,1131.55,1051.25,989.76,1019.73,21.4,2.24,0,COMPLETE
NODE-0001,MAT-0001,2026-08-01,1048.42,1017.16,963.93,981.94,22.34,2.24,0,COMPLETE
NODE-0001,MAT-0001,2026-09-01,960.83,943.08,890.31,905.36,23.3,2.24,1,COMPLETE
NODE-0001,MAT-0001,2026-10-01,878.44,836.81,779.53,802.37,24.06,2.24,1,COMPLETE
NODE-0001,MAT-0001,2026-11-01,810.31,737.41,673.42,710.09,24.43,2.24,1,COMPLETE
NODE-0001,MAT-0001,2026-12-01,763.94,682.16,609.55,660.71,24.32,2.24,0,COMPLETE
NODE-0001,MAT-0008,2024-07-01,1194.65,976.15,776.32,941.24,7.23,1.1,1,COMPLETE
NODE-0001,MAT-0008,2024-08-01,1245.47,1032.81,816.32,990.65,7.53,1.1,1,COMPLETE
NODE-0001,MAT-0008,2024-09-01,1270.14,1017.36,790.38,975.42,7.77,1.1,1,COMPLETE
NODE-0001,MAT-0008,2024-10-01,1265.95,959.94,727.74,924.8,7.86,1.1,1,COMPLETE
NODE-0001,MAT-0008,2024-11-01,1233.37,913.19,674.52,884.67,7.81,1.1,0,COMPLETE
NODE-0001,MAT-0008,2024-12-01,1175.97,898.2,649.61,871.24,7.61,1.1,0,COMPLETE
NODE-0001,MAT-0008,2025-01-01,1100.09,887.71,635.32,857.44,7.32,1.1,0,COMPLETE
NODE-0001,MAT-0008,2025-02-01,1014.07,841.85,604.3,808.43,7.0,1.1,1,COMPLETE
NODE-0001,MAT-0008,2025-03-01,927.37,753.16,549.16,721.75,6.75,1.1,1,COMPLETE
NODE-0001,MAT-0008,2025-04-01,849.56,653.66,488.19,628.67,6.61,1.1,1,COMPLETE
NODE-0001,MAT-0008,2025-05-01,789.19,585.0,448.48,565.99,6.62,1.1,0,COMPLETE
NODE-0001,MAT-0008,2025-06-01,752.9,567.39,444.62,550.5,6.78,1.1,0,COMPLETE
NODE-0001,MAT-0008,2025-07-01,744.7,592.08,469.93,572.81,7.05,1.1,0,COMPLETE
NODE-0001,MAT-0008,2025-08-01,765.48,633.46,503.19,609.21,7.37,1.1,1,COMPLETE
NODE-0001,MAT-0008,2025-09-01,812.97,667.57,524.34,639.73,7.65,1.1,1,COMPLETE
NODE-0001,MAT-0008,2025-10-01,881.92,689.49,530.32,662.14,7.83,1.1,1,COMPLETE
NODE-0001,MAT-0008,2025-11-01,964.75,719.37,539.14,694.88,7.86,1.1,0,COMPLETE
NODE-0001,MAT-0008,2025-12-01,1052.34,784.98,573.98,761.43,7.74,1.1,0,COMPLETE
NODE-0001,MAT-0008,2026-01-01,1135.05,888.06,638.37,860.3,7.49,1.1,0,COMPLETE
NODE-0001,MAT-0008,2026-02-01,1203.78,988.92,707.47,952.66,7.18,1.1,1,COMPLETE
NODE-0001,MAT-0008,2026-03-01,1250.95,1034.94,746.93,992.25,6.88,1.1,1,COMPLETE
NODE-0001,MAT-0008,2026-04-01,1271.38,1010.09,743.69,968.89,6.67,1.1,1,COMPLETE
NODE-0001,MAT-0008,2026-05-01,1262.81,951.13,718.54,917.17,6.59,1.1,1,COMPLETE
NODE-0001,MAT-0008,2026-06-01,1226.19,909.1,704.2,881.2,6.67,1.1,0,COMPLETE
NODE-0001,MAT-0008,2026-07-01,1165.55,897.43,708.11,870.21,6.89,1.1,0,COMPLETE
NODE-0001,MAT-0008,2026-08-01,1087.57,883.77,702.77,852.86,7.19,1.1,0,COMPLETE
NODE-0001,MAT-0008,2026-09-01,1000.83,830.82,657.66,797.3,7.5,1.1,1,COMPLETE
NODE-0001,MAT-0008,2026-10-01,914.87,737.78,574.79,707.16,7.74,1.1,1,COMPLETE
NODE-0001,MAT-0008,2026-11-01,839.17,640.52,487.28,616.57,7.86,1.1,1,COMPLETE
NODE-0001,MAT-0008,2026-12-01,782.06,579.01,429.09,560.61,7.82,1.1,0,COMPLETE
NODE-0002,MAT-0002,2024-07-01,1201.37,1027.03,854.41,983.8,8.97,1.25,1,COMPLETE
NODE-0002,MAT-0002,2024-08-01,1249.53,1081.49,894.42,1030.51,9.34,1.25,1,COMPLETE
NODE-0002,MAT-0002,2024-09-01,1271.11,1062.73,864.57,1012.2,9.63,1.25,1,COMPLETE
NODE-0002,MAT-0002,2024-10-01,1263.72,1002.91,797.07,959.85,9.75,1.25,1,COMPLETE
NODE-0002,MAT-0002,2024-11-01,1228.18,954.53,740.03,918.69,9.68,1.25,1,COMPLETE
NODE-0002,MAT-0002,2024-12-01,1168.4,936.93,711.96,902.89,9.44,1.25,1,COMPLETE
NODE-0002,MAT-0002,2025-01-01,1090.96,921.88,693.55,884.62,9.08,1.25,1,COMPLETE
NODE-0002,MAT-0002,2025-02-01,1004.39,870.71,656.92,830.63,8.69,1.25,1,COMPLETE
NODE-0002,MAT-0002,2025-03-01,918.22,778.14,595.88,740.76,8.37,1.25,1,COMPLETE
NODE-0002,MAT-0002,2025-04-01,841.93,677.35,530.7,647.16,8.19,1.25,1,COMPLETE
NODE-0002,MAT-0002,2025-05-01,783.92,609.58,489.66,585.91,8.21,1.25,1,COMPLETE
NODE-0002,MAT-0002,2025-06-01,750.58,594.04,487.27,572.6,8.41,1.25,1,COMPLETE
NODE-0002,MAT-0002,2025-07-01,745.58,621.29,515.88,597.14,8.74,1.25,1,COMPLETE
NODE-0002,MAT-0002,2025-08-01,769.47,665.37,552.91,635.68,9.14,1.25,1,COMPLETE
NODE-0002,MAT-0002,2025-09-01,819.62,702.23,577.29,668.5,9.48,1.25,1,COMPLETE
NODE-0002,MAT-0002,2025-10-01,890.5,727.37,586.1,693.91,9.71,1.25,1,COMPLETE
NODE-0002,MAT-0002,2025-11-01,974.32,761.47,598.59,730.73,9.75,1.25,1,COMPLETE
NODE-0002,MAT-0002,2025-12-01,1061.85,831.85,638.73,801.64,9.6,1.25,1,COMPLETE
NODE-0002,MAT-0002,2026-01-01,1143.45,938.4,708.95,903.13,9.29,1.25,1,COMPLETE
NODE-0002,MAT-0002,2026-02-01,1210.14,1039.63,781.84,994.94,8.91,1.25,1,COMPLETE
NODE-0002,MAT-0002,2026-03-01,1254.57,1083.13,821.4,1031.6,8.53,1.25,1,COMPLETE
NODE-0002,MAT-0002,2026-04-01,1271.86,1055.02,815.42,1005.31,8.27,1.25,1,COMPLETE
NODE-0002,MAT-0002,2026-05-01,1260.11,993.84,787.22,952.06,8.17,1.25,1,COMPLETE
NODE-0002,MAT-0002,2026-06-01,1220.6,950.16,770.82,914.99,8.27,1.25,1,COMPLETE
NODE-0002,MAT-0002,2026-07-01,1157.69,935.6,772.5,901.3,8.54,1.25,1,COMPLETE
NODE-0002,MAT-0002,2026-08-01,1078.3,917.13,762.9,879.26,8.91,1.25,1,COMPLETE
NODE-0002,MAT-0002,2026-09-01,991.16,858.95,711.4,818.87,9.3,1.25,1,COMPLETE
NODE-0002,MAT-0002,2026-10-01,905.89,762.39,621.9,725.93,9.6,1.25,1,COMPLETE
NODE-0002,MAT-0002,2026-11-01,831.85,664.23,529.65,635.19,9.75,1.25,1,COMPLETE
NODE-0002,MAT-0002,2026-12-01,777.21,603.84,469.62,580.83,9.7,1.25,1,COMPLETE
NODE-0002,MAT-0009,2024-07-01,1201.45,1027.65,855.38,998.52,22.04,3.07,0,COMPLETE
NODE-0002,MAT-0009,2024-08-01,1249.58,1082.07,895.38,1045.94,22.98,3.07,0,COMPLETE
NODE-0002,MAT-0009,2024-09-01,1271.12,1063.28,865.48,1027.34,23.68,3.07,0,COMPLETE
NODE-0002,MAT-0009,2024-10-01,1263.69,1003.43,797.92,974.13,23.98,3.07,0,COMPLETE
NODE-0002,MAT-0009,2024-11-01,1228.11,955.03,740.84,932.29,23.81,3.07,0,COMPLETE
NODE-0002,MAT-0009,2024-12-01,1168.31,937.4,712.72,916.22,23.21,3.07,0,COMPLETE
NODE-0002,MAT-0009,2025-01-01,1090.85,922.28,694.26,897.69,22.32,3.07,0,COMPLETE
NODE-0002,MAT-0009,2025-02-01,1004.28,871.05,657.57,842.93,21.36,3.07,0,COMPLETE
NODE-0002,MAT-0009,2025-03-01,918.11,778.43,596.45,751.75,20.57,3.07,0,COMPLETE
NODE-0002,MAT-0009,2025-04-01,841.84,677.63,531.22,656.75,20.14,3.07,0,COMPLETE
NODE-0002,MAT-0009,2025-05-01,783.86,609.88,490.17,594.58,20.18,3.07,0,COMPLETE
NODE-0002,MAT-0009,2025-06-01,750.56,594.36,487.8,581.08,20.67,3.07,0,COMPLETE
NODE-0002,MAT-0009,2025-07-01,745.59,621.65,516.45,606.03,21.5,3.07,0,COMPLETE
NODE-0002,MAT-0009,2025-08-01,769.52,665.75,553.53,645.2,22.46,3.07,0,COMPLETE
NODE-0002,MAT-0009,2025-09-01,819.7,702.65,577.95,678.56,23.32,3.07,0,COMPLETE
NODE-0002,MAT-0009,2025-10-01,890.6,727.83,586.8,704.36,23.87,3.07,0,COMPLETE
NODE-0002,MAT-0009,2025-11-01,974.43,761.98,599.33,741.7,23.97,3.07,0,COMPLETE
NODE-0002,MAT-0009,2025-12-01,1061.96,832.42,639.54,813.63,23.6,3.07,0,COMPLETE
NODE-0002,MAT-0009,2026-01-01,1143.55,939.02,709.82,916.63,22.85,3.07,0,COMPLETE
NODE-0002,MAT-0009,2026-02-01,1210.21,1040.25,782.76,1009.82,21.9,3.07,0,COMPLETE
NODE-0002,MAT-0009,2026-03-01,1254.61,1083.71,822.32,1047.05,20.99,3.07,0,COMPLETE
NODE-0002,MAT-0009,2026-04-01,1271.87,1055.56,816.31,1020.34,20.33,3.07,0,COMPLETE
NODE-0002,MAT-0009,2026-05-01,1260.07,994.35,788.07,966.22,20.1,3.07,0,COMPLETE
NODE-0002,MAT-0009,2026-06-01,1220.53,950.65,771.64,928.53,20.34,3.07,0,COMPLETE
NODE-0002,MAT-0009,2026-07-01,1157.59,936.05,773.29,914.61,21.0,3.07,0,COMPLETE
NODE-0002,MAT-0009,2026-08-01,1078.18,917.53,763.64,892.25,21.92,3.07,0,COMPLETE
NODE-0002,MAT-0009,2026-09-01,991.05,859.29,712.06,831.0,22.86,3.07,0,COMPLETE
NODE-0002,MAT-0009,2026-10-01,905.78,762.68,622.48,736.69,23.61,3.07,0,COMPLETE
NODE-0002,MAT-0009,2026-11-01,831.77,664.51,530.17,644.6,23.97,3.07,0,COMPLETE
NODE-0002,MAT-0009,2026-12-01,777.15,604.14,470.12,589.42,23.86,3.07,0,COMPLETE
NODE-0003,MAT-0003,2024-07-01,1200.41,1019.66,842.87,1003.24,6.08,0.86,0,COMPLETE
NODE-0003,MAT-0003,2024-08-01,1248.97,1074.45,882.9,1051.72,6.34,0.86,0,COMPLETE
NODE-0003,MAT-0003,2024-09-01,1270.99,1056.18,853.64,1033.41,6.53,0.86,0,COMPLETE
NODE-0003,MAT-0003,2024-10-01,1264.06,996.72,786.86,979.83,6.61,0.86,0,COMPLETE
NODE-0003,MAT-0003,2024-11-01,1228.95,948.59,730.39,937.62,6.57,0.86,0,COMPLETE
NODE-0003,MAT-0003,2024-12-01,1169.51,931.38,702.8,921.74,6.4,0.86,0,COMPLETE
NODE-0003,MAT-0003,2025-01-01,1092.29,916.98,685.01,903.76,6.15,0.86,0,COMPLETE
NODE-0003,MAT-0003,2025-02-01,1005.79,866.58,649.21,849.21,5.89,0.86,0,COMPLETE
NODE-0003,MAT-0003,2025-03-01,919.54,774.56,589.03,757.49,5.67,0.86,0,COMPLETE
NODE-0003,MAT-0003,2025-04-01,843.02,673.94,524.46,661.43,5.55,0.86,0,COMPLETE
NODE-0003,MAT-0003,2025-05-01,784.67,606.03,483.59,598.25,5.56,0.86,0,COMPLETE
NODE-0003,MAT-0003,2025-06-01,750.9,590.17,480.98,584.21,5.7,0.86,0,COMPLETE
NODE-0003,MAT-0003,2025-07-01,745.43,617.05,509.08,609.1,5.93,0.86,0,COMPLETE
NODE-0003,MAT-0003,2025-08-01,768.87,660.72,545.55,648.41,6.19,0.86,0,COMPLETE
NODE-0003,MAT-0003,2025-09-01,818.64,697.18,569.44,681.81,6.43,0.86,0,COMPLETE
NODE-0003,MAT-0003,2025-10-01,889.25,721.84,577.83,707.4,6.58,0.86,0,COMPLETE
NODE-0003,MAT-0003,2025-11-01,972.93,755.33,589.76,744.47,6.61,0.86,0,COMPLETE
NODE-0003,MAT-0003,2025-12-01,1060.48,825.03,629.12,816.5,6.51,0.86,0,COMPLETE
NODE-0003,MAT-0003,2026-01-01,1142.24,931.09,698.48,920.29,6.3,0.86,0,COMPLETE
NODE-0003,MAT-0003,2026-02-01,1209.23,1032.28,770.84,1014.74,6.04,0.86,0,COMPLETE
NODE-0003,MAT-0003,2026-03-01,1254.07,1076.16,810.42,1052.94,5.79,0.86,0,COMPLETE
NODE-0003,MAT-0003,2026-04-01,1271.82,1048.53,804.86,1026.39,5.61,0.86,0,COMPLETE
NODE-0003,MAT-0003,2026-05-01,1260.52,987.69,777.11,971.84,5.54,0.86,0,COMPLETE
NODE-0003,MAT-0003,2026-06-01,1221.43,944.25,761.03,933.85,5.61,0.86,0,COMPLETE
NODE-0003,MAT-0003,2026-07-01,1158.84,930.12,763.05,920.2,5.79,0.86,0,COMPLETE
NODE-0003,MAT-0003,2026-08-01,1079.64,912.36,754.1,898.39,6.04,0.86,0,COMPLETE
NODE-0003,MAT-0003,2026-09-01,992.56,854.93,703.54,837.25,6.3,0.86,0,COMPLETE
NODE-0003,MAT-0003,2026-10-01,907.18,758.86,615.0,742.29,6.51,0.86,0,COMPLETE
NODE-0003,MAT-0003,2026-11-01,832.9,660.82,523.43,649.11,6.61,0.86,0,COMPLETE
NODE-0003,MAT-0003,2026-12-01,777.89,600.25,463.65,592.98,6.58,0.86,0,COMPLETE
NODE-0003,MAT-0010,2024-07-01,1214.22,1131.2,1025.4,1074.82,9.71,1.11,1,COMPLETE
NODE-0003,MAT-0010,2024-08-01,1256.8,1180.27,1064.11,1115.49,10.12,1.11,1,COMPLETE
NODE-0003,MAT-0010,2024-09-01,1271.99,1154.2,1025.03,1090.38,10.43,1.11,1,COMPLETE
NODE-0003,MAT-0010,2024-10-01,1258.12,1089.08,946.74,1033.88,10.57,1.11,1,COMPLETE
NODE-0003,MAT-0010,2024-11-01,1216.72,1036.93,881.21,989.96,10.49,1.11,1,COMPLETE
NODE-0003,MAT-0010,2024-12-01,1152.34,1013.48,845.68,968.8,10.22,1.11,1,COMPLETE
NODE-0003,MAT-0010,2025-01-01,1072.07,988.85,817.65,941.22,9.83,1.11,1,COMPLETE
NODE-0003,MAT-0010,2025-02-01,984.74,927.07,768.56,877.21,9.41,1.11,1,COMPLETE
NODE-0003,MAT-0010,2025-03-01,899.98,827.22,695.14,781.08,9.06,1.11,1,COMPLETE
NODE-0003,MAT-0010,2025-04-01,827.11,724.57,621.71,686.66,8.87,1.11,1,COMPLETE
NODE-0003,MAT-0010,2025-05-01,774.15,659.34,578.78,628.63,8.89,1.11,1,COMPLETE
NODE-0003,MAT-0010,2025-06-01,746.93,648.74,580.5,620.3,9.11,1.11,1,COMPLETE
NODE-0003,MAT-0010,2025-07-01,748.46,681.89,617.03,650.1,9.47,1.11,1,COMPLETE
NODE-0003,MAT-0010,2025-08-01,778.56,731.98,662.84,693.65,9.9,1.11,1,COMPLETE
NODE-0003,MAT-0010,2025-09-01,833.91,774.8,694.71,731.58,10.27,1.11,1,COMPLETE
NODE-0003,MAT-0010,2025-10-01,908.43,806.73,710.19,763.37,10.51,1.11,1,COMPLETE
NODE-0003,MAT-0010,2025-11-01,993.92,849.52,731.14,808.65,10.56,1.11,1,COMPLETE
NODE-0003,MAT-0010,2025-12-01,1080.95,929.39,782.91,888.43,10.4,1.11,1,COMPLETE
NODE-0003,MAT-0010,2026-01-01,1159.95,1042.31,865.15,995.06,10.06,1.11,1,COMPLETE
NODE-0003,MAT-0010,2026-02-01,1222.22,1143.31,945.05,1085.3,9.65,1.11,1,COMPLETE
NODE-0003,MAT-0010,2026-03-01,1260.91,1180.81,983.51,1115.49,9.25,1.11,1,COMPLETE
NODE-0003,MAT-0010,2026-04-01,1271.76,1145.51,970.77,1082.67,8.96,1.11,1,COMPLETE
NODE-0003,MAT-0010,2026-05-01,1253.57,1079.42,935.48,1025.68,8.85,1.11,1,COMPLETE
NODE-0003,MAT-0010,2026-06-01,1208.35,1031.9,914.06,985.7,8.96,1.11,1,COMPLETE
NODE-0003,MAT-0010,2026-07-01,1141.07,1010.92,910.06,966.03,9.25,1.11,1,COMPLETE
NODE-0003,MAT-0010,2026-08-01,1059.15,982.46,890.49,934.28,9.65,1.11,1,COMPLETE
NODE-0003,MAT-0010,2026-09-01,971.59,913.91,825.06,864.18,10.07,1.11,1,COMPLETE
NODE-0003,MAT-0010,2026-10-01,888.04,810.85,721.87,765.78,10.4,1.11,1,COMPLETE
NODE-0003,MAT-0010,2026-11-01,817.7,711.6,620.47,674.98,10.56,1.11,1,COMPLETE
NODE-0003,MAT-0010,2026-12-01,768.3,654.23,557.59,624.23,10.51,1.11,1,COMPLETE
NODE-0004,MAT-0004,2024-07-01,1200.72,1022.03,846.58,999.96,23.44,3.3,0,COMPLETE
NODE-0004,MAT-0004,2024-08-01,1249.15,1076.72,886.6,1048.02,24.43,3.3,0,COMPLETE
NODE-0004,MAT-0004,2024-09-01,1271.03,1058.29,857.16,1029.66,25.18,3.3,0,COMPLETE
NODE-0004,MAT-0004,2024-10-01,1263.95,998.71,790.14,976.3,25.5,3.3,0,COMPLETE
NODE-0004,MAT-0004,2024-11-01,1228.7,950.5,733.49,934.29,25.32,3.3,0,COMPLETE
NODE-0004,MAT-0004,2024-12-01,1169.15,933.17,705.74,918.38,24.68,3.3,0,COMPLETE
NODE-0004,MAT-0004,2025-01-01,1091.86,918.56,687.76,900.26,23.73,3.3,0,COMPLETE
NODE-0004,MAT-0004,2025-02-01,1005.34,867.91,651.69,845.75,22.72,3.3,0,COMPLETE
NODE-0004,MAT-0004,2025-03-01,919.11,775.71,591.24,754.35,21.88,3.3,0,COMPLETE
NODE-0004,MAT-0004,2025-04-01,842.67,675.04,526.46,658.79,21.42,3.3,0,COMPLETE
NODE-0004,MAT-0004,2025-05-01,784.43,607.17,485.54,596.04,21.46,3.3,0,COMPLETE
NODE-0004,MAT-0004,2025-06-01,750.8,591.42,483.0,582.19,21.98,3.3,0,COMPLETE
NODE-0004,MAT-0004,2025-07-01,745.48,618.41,511.27,607.05,22.86,3.3,0,COMPLETE
NODE-0004,MAT-0004,2025-08-01,769.06,662.21,547.91,646.24,23.89,3.3,0,COMPLETE
NODE-0004,MAT-0004,2025-09-01,818.95,698.8,571.96,679.56,24.8,3.3,0,COMPLETE
NODE-0004,MAT-0004,2025-10-01,889.65,723.62,580.48,705.17,25.38,3.3,0,COMPLETE
NODE-0004,MAT-0004,2025-11-01,973.38,757.31,592.6,742.26,25.49,3.3,0,COMPLETE
NODE-0004,MAT-0004,2025-12-01,1060.92,827.22,632.21,814.13,25.09,3.3,0,COMPLETE
NODE-0004,MAT-0004,2026-01-01,1142.63,933.45,701.84,917.49,24.29,3.3,0,COMPLETE
NODE-0004,MAT-0004,2026-02-01,1209.52,1034.65,774.38,1011.37,23.29,3.3,0,COMPLETE
NODE-0004,MAT-0004,2026-03-01,1254.23,1078.41,813.95,1049.21,22.32,3.3,0,COMPLETE
NODE-0004,MAT-0004,2026-04-01,1271.83,1050.62,808.25,1022.65,21.62,3.3,0,COMPLETE
NODE-0004,MAT-0004,2026-05-01,1260.39,989.67,780.36,968.35,21.37,3.3,0,COMPLETE
NODE-0004,MAT-0004,2026-06-01,1221.16,946.16,764.18,930.53,21.63,3.3,0,COMPLETE
NODE-0004,MAT-0004,2026-07-01,1158.47,931.89,766.09,916.82,22.33,3.3,0,COMPLETE
NODE-0004,MAT-0004,2026-08-01,1079.21,913.9,756.93,894.88,23.3,3.3,0,COMPLETE
NODE-0004,MAT-0004,2026-09-01,992.11,856.23,706.07,833.82,24.31,3.3,0,COMPLETE
NODE-0004,MAT-0004,2026-10-01,906.76,760.0,617.22,739.22,25.1,3.3,0,COMPLETE
NODE-0004,MAT-0004,2026-11-01,832.56,661.92,525.43,646.55,25.49,3.3,0,COMPLETE
NODE-0004,MAT-0004,2026-12-01,777.67,601.41,465.57,590.81,25.38,3.3,0,COMPLETE
NODE-0004,MAT-0011,2024-07-01,1226.78,1226.78,1210.55,1212.84,9.24,0.8,0,COMPLETE
NODE-0004,MAT-0011,2024-08-01,1263.08,1263.08,1240.19,1242.35,9.63,0.8,0,COMPLETE
NODE-0004,MAT-0011,2024-09-01,1271.3,1251.17,1211.61,1230.12,9.93,0.8,0,COMPLETE
NODE-0004,MAT-0011,2024-10-01,1250.54,1179.78,1120.32,1165.37,10.06,0.8,0,COMPLETE
NODE-0004,MAT-0011,2024-11-01,1203.08,1122.88,1044.43,1115.22,9.98,0.8,0,COMPLETE
NODE-0004,MAT-0011,2024-12-01,1134.14,1092.41,999.26,1086.28,9.73,0.8,0,COMPLETE
NODE-0004,MAT-0011,2025-01-01,1051.31,1051.31,953.73,1041.13,9.36,0.8,0,COMPLETE
NODE-0004,MAT-0011,2025-02-01,963.72,963.72,876.33,948.97,8.96,0.8,0,COMPLETE
NODE-0004,MAT-0011,2025-03-01,881.0,877.72,808.05,862.53,8.63,0.8,0,COMPLETE
NODE-0004,MAT-0011,2025-04-01,812.27,774.23,726.5,763.52,8.45,0.8,0,COMPLETE
NODE-0004,MAT-0011,2025-05-01,765.07,712.88,683.03,707.11,8.46,0.8,0,COMPLETE
NODE-0004,MAT-0011,2025-06-01,744.63,708.7,691.07,704.9,8.67,0.8,0,COMPLETE
NODE-0004,MAT-0011,2025-07-01,753.17,749.2,738.1,743.1,9.02,0.8,0,COMPLETE
NODE-0004,MAT-0011,2025-08-01,789.77,789.77,778.59,778.81,9.42,0.8,0,COMPLETE
NODE-0004,MAT-0011,2025-09-01,850.39,850.39,830.78,835.68,9.78,0.8,0,COMPLETE
NODE-0004,MAT-0011,2025-10-01,928.37,895.71,860.46,882.04,10.01,0.8,0,COMPLETE
NODE-0004,MAT-0011,2025-11-01,1015.11,947.92,891.95,938.79,10.05,0.8,0,COMPLETE
NODE-0004,MAT-0011,2025-12-01,1101.06,1037.53,957.33,1031.73,9.89,0.8,0,COMPLETE
NODE-0004,MAT-0011,2026-01-01,1176.78,1156.17,1052.49,1148.24,9.58,0.8,0,COMPLETE
NODE-0004,MAT-0011,2026-02-01,1233.91,1233.91,1119.02,1218.78,9.18,0.8,0,COMPLETE
NODE-0004,MAT-0011,2026-03-01,1266.17,1266.17,1156.28,1244.85,8.8,0.8,0,COMPLETE
NODE-0004,MAT-0011,2026-04-01,1270.01,1241.34,1151.66,1221.0,8.53,0.8,0,COMPLETE
NODE-0004,MAT-0011,2026-05-01,1245.01,1169.39,1107.36,1156.17,8.43,0.8,0,COMPLETE
NODE-0004,MAT-0011,2026-06-01,1193.92,1117.02,1079.16,1110.0,8.53,0.8,0,COMPLETE
NODE-0004,MAT-0011,2026-07-01,1122.36,1088.45,1067.25,1081.99,8.81,0.8,0,COMPLETE
NODE-0004,MAT-0011,2026-08-01,1038.21,1038.21,1024.39,1027.23,9.19,0.8,0,COMPLETE
NODE-0004,MAT-0011,2026-09-01,950.73,950.73,934.64,935.58,9.59,0.8,0,COMPLETE
NODE-0004,MAT-0011,2026-10-01,869.56,860.84,835.51,846.12,9.9,0.8,0,COMPLETE
NODE-0004,MAT-0011,2026-11-01,803.63,761.6,725.23,751.71,10.05,0.8,0,COMPLETE
NODE-0004,MAT-0011,2026-12-01,760.2,708.63,660.86,703.4,10.01,0.8,0,COMPLETE
NODE-0005,MAT-0005,2024-07-01,1219.9,1180.67,1111.86,1152.08,9.04,0.92,0,COMPLETE
NODE-0005,MAT-0005,2024-08-01,1259.76,1226.78,1149.28,1190.88,9.42,0.92,0,COMPLETE
NODE-0005,MAT-0005,2024-09-01,1271.9,1196.98,1105.21,1161.47,9.71,0.92,0,COMPLETE
NODE-0005,MAT-0005,2024-10-01,1254.99,1129.18,1021.4,1100.88,9.83,0.92,0,COMPLETE
NODE-0005,MAT-0005,2024-11-01,1210.89,1075.03,951.48,1053.88,9.76,0.92,0,COMPLETE
NODE-0005,MAT-0005,2024-12-01,1144.46,1048.58,911.93,1029.23,9.51,0.92,0,COMPLETE
NODE-0005,MAT-0005,2025-01-01,1063.0,1019.31,878.77,996.34,9.15,0.92,0,COMPLETE
NODE-0005,MAT-0005,2025-02-01,975.49,952.65,823.34,925.83,8.76,0.92,0,COMPLETE
NODE-0005,MAT-0005,2025-03-01,891.56,849.67,743.95,824.06,8.43,0.92,0,COMPLETE
NODE-0005,MAT-0005,2025-04-01,820.44,746.5,666.84,726.58,8.26,0.92,0,COMPLETE
NODE-0005,MAT-0005,2025-05-01,769.98,682.83,623.47,668.52,8.27,0.92,0,COMPLETE
NODE-0005,MAT-0005,2025-06-01,745.71,674.9,627.7,662.61,8.47,0.92,0,COMPLETE
NODE-0005,MAT-0005,2025-07-01,750.32,711.16,668.58,696.23,8.81,0.92,0,COMPLETE
NODE-0005,MAT-0005,2025-08-01,783.3,764.33,719.07,743.89,9.21,0.92,0,COMPLETE
NODE-0005,MAT-0005,2025-09-01,841.02,810.11,754.92,785.68,9.56,0.92,0,COMPLETE
NODE-0005,MAT-0005,2025-10-01,917.11,845.33,773.98,821.57,9.78,0.92,0,COMPLETE
NODE-0005,MAT-0005,2025-11-01,1003.21,892.26,799.38,872.2,9.83,0.92,0,COMPLETE
NODE-0005,MAT-0005,2025-12-01,1089.84,976.47,856.99,958.47,9.67,0.92,0,COMPLETE
NODE-0005,MAT-0005,2026-01-01,1167.46,1092.06,944.93,1070.54,9.37,0.92,0,COMPLETE
NODE-0005,MAT-0005,2026-02-01,1227.53,1192.49,1027.73,1162.54,8.98,0.92,0,COMPLETE
NODE-0005,MAT-0005,2026-03-01,1263.42,1226.74,1065.0,1190.32,8.6,0.92,0,COMPLETE
NODE-0005,MAT-0005,2026-04-01,1271.2,1187.8,1048.47,1153.08,8.34,0.92,0,COMPLETE
NODE-0005,MAT-0005,2026-05-01,1250.01,1119.21,1009.42,1092.17,8.24,0.92,0,COMPLETE
NODE-0005,MAT-0005,2026-06-01,1202.17,1069.65,985.2,1049.18,8.34,0.92,0,COMPLETE
NODE-0005,MAT-0005,2026-07-01,1132.96,1045.42,977.96,1025.79,8.61,0.92,0,COMPLETE
NODE-0005,MAT-0005,2026-08-01,1049.99,1012.16,953.08,988.45,8.98,0.92,0,COMPLETE
NODE-0005,MAT-0005,2026-09-01,962.4,938.87,880.68,911.84,9.37,0.92,0,COMPLETE
NODE-0005,MAT-0005,2026-10-01,879.83,833.05,771.01,808.1,9.68,0.92,0,COMPLETE
NODE-0005,MAT-0005,2026-11-01,811.37,733.66,665.57,714.7,9.83,0.92,0,COMPLETE
NODE-0005,MAT-0005,2026-12-01,764.55,678.07,601.81,664.36,9.78,0.92,0,COMPLETE
NODE-0005,MAT-0012,2024-07-01,1194.23,972.98,771.57,918.94,19.33,2.96,1,COMPLETE
NODE-0005,MAT-0012,2024-08-01,1245.2,1029.76,811.55,967.37,20.15,2.96,1,COMPLETE
NODE-0005,MAT-0012,2024-09-01,1270.07,1014.51,785.85,952.63,20.77,2.96,1,COMPLETE
NODE-0005,MAT-0012,2024-10-01,1266.08,957.24,723.51,903.26,21.03,2.96,1,COMPLETE
NODE-0005,MAT-0012,2024-11-01,1233.68,910.59,670.51,864.14,20.88,2.96,1,COMPLETE
NODE-0005,MAT-0012,2024-12-01,1176.44,895.76,645.79,851.15,20.35,2.96,1,COMPLETE
NODE-0005,MAT-0012,2025-01-01,1100.65,885.54,631.74,837.84,19.57,2.96,1,COMPLETE
NODE-0005,MAT-0012,2025-02-01,1014.67,840.03,601.07,790.05,18.73,2.96,1,COMPLETE
NODE-0005,MAT-0012,2025-03-01,927.95,751.58,546.28,705.37,18.04,2.96,1,PARTIAL
NODE-0005,MAT-0012,2025-04-01,850.04,652.17,485.58,614.33,17.66,2.96,1,PARTIAL
NODE-0005,MAT-0012,2025-05-01,789.53,583.47,445.97,552.96,17.7,2.96,1,PARTIAL
NODE-0005,MAT-0012,2025-06-01,753.06,565.73,442.03,537.7,18.13,2.96,1,PARTIAL
NODE-0005,MAT-0012,2025-07-01,744.66,590.27,467.14,559.38,18.86,2.96,1,PARTIAL
NODE-0005,MAT-0012,2025-08-01,765.25,631.48,500.17,594.81,19.7,2.96,1,PARTIAL
NODE-0005,MAT-0012,2025-09-01,812.56,665.43,521.13,624.51,20.45,2.96,1,PARTIAL
NODE-0005,MAT-0012,2025-10-01,881.39,687.15,526.95,646.3,20.93,2.96,1,PARTIAL
NODE-0005,MAT-0012,2025-11-01,964.15,716.76,535.55,678.19,21.02,2.96,1,PARTIAL
NODE-0005,MAT-0012,2025-12-01,1051.75,782.07,570.06,743.14,20.69,2.96,1,PARTIAL
NODE-0005,MAT-0012,2026-01-01,1134.52,884.93,634.1,839.76,20.04,2.96,1,COMPLETE
NODE-0005,MAT-0012,2026-02-01,1203.37,985.75,702.95,930.11,19.2,2.96,1,COMPLETE
NODE-0005,MAT-0012,2026-03-01,1250.71,1031.92,742.4,968.95,18.4,2.96,1,COMPLETE
NODE-0005,MAT-0012,2026-04-01,1271.34,1007.27,739.31,946.27,17.83,2.96,1,COMPLETE
NODE-0005,MAT-0012,2026-05-01,1262.97,948.45,714.35,895.82,17.63,2.96,1,COMPLETE
NODE-0005,MAT-0012,2026-06-01,1226.53,906.52,700.13,860.77,17.84,2.96,1,COMPLETE
NODE-0005,MAT-0012,2026-07-01,1166.04,895.02,704.16,850.17,18.42,2.96,1,COMPLETE
NODE-0005,MAT-0012,2026-08-01,1088.15,881.66,699.07,833.38,19.22,2.96,1,COMPLETE
NODE-0005,MAT-0012,2026-09-01,1001.43,829.04,654.35,779.2,20.05,2.96,1,COMPLETE
NODE-0005,MAT-0012,2026-10-01,915.44,736.22,571.89,691.1,20.7,2.96,1,COMPLETE
NODE-0005,MAT-0012,2026-11-01,839.64,639.03,484.68,602.5,21.02,2.96,1,COMPLETE
NODE-0005,MAT-0012,2026-12-01,782.37,577.45,426.62,547.68,20.93,2.96,1,COMPLETE
NODE-0006,MAT-0001,2024-07-01,1205.69,1061.03,908.57,1033.86,23.28,3.05,0,COMPLETE
NODE-0006,MAT-0001,2024-08-01,1252.06,1113.86,948.36,1079.71,24.27,3.05,0,COMPLETE
NODE-0006,MAT-0001,2024-09-01,1271.56,1092.79,915.68,1058.85,25.01,3.05,0,COMPLETE
NODE-0006,MAT-0001,2024-10-01,1262.04,1031.29,844.78,1004.02,25.33,3.05,0,COMPLETE
NODE-0006,MAT-0001,2024-11-01,1224.56,981.75,785.08,961.07,25.15,3.05,0,COMPLETE
NODE-0006,MAT-0001,2024-12-01,1163.24,962.32,754.72,943.21,24.51,3.05,0,COMPLETE
NODE-0006,MAT-0001,2025-01-01,1084.83,944.16,733.35,921.57,23.57,3.05,0,COMPLETE
NODE-0006,MAT-0001,2025-02-01,997.96,889.49,692.79,863.21,22.56,3.05,0,COMPLETE
NODE-0006,MAT-0001,2025-03-01,912.19,794.44,627.75,769.39,21.73,3.05,0,COMPLETE
NODE-0006,MAT-0001,2025-04-01,836.97,692.93,559.81,673.48,21.28,3.05,0,COMPLETE
NODE-0006,MAT-0001,2025-05-01,780.59,625.89,518.02,611.9,21.31,3.05,0,COMPLETE
NODE-0006,MAT-0001,2025-06-01,749.23,611.85,516.81,599.86,21.84,3.05,0,COMPLETE
NODE-0006,MAT-0001,2025-07-01,746.36,640.94,547.82,626.59,22.71,3.05,0,COMPLETE
NODE-0006,MAT-0001,2025-08-01,772.3,686.9,587.56,667.58,23.73,3.05,0,COMPLETE
NODE-0006,MAT-0001,2025-09-01,824.18,725.66,614.25,702.77,24.63,3.05,0,COMPLETE
NODE-0006,MAT-0001,2025-10-01,896.3,752.99,625.12,730.77,25.21,3.05,0,COMPLETE
NODE-0006,MAT-0001,2025-11-01,980.72,789.92,640.23,771.06,25.32,3.05,0,COMPLETE
NODE-0006,MAT-0001,2025-12-01,1068.13,863.45,684.05,846.32,24.93,3.05,0,COMPLETE
NODE-0006,MAT-0001,2026-01-01,1148.93,972.19,758.18,951.68,24.13,3.05,0,COMPLETE
NODE-0006,MAT-0001,2026-02-01,1214.22,1073.49,833.49,1045.04,23.13,3.05,0,COMPLETE
NODE-0006,MAT-0001,2026-03-01,1256.8,1115.15,872.89,1080.49,22.17,3.05,0,COMPLETE
NODE-0006,MAT-0001,2026-04-01,1271.99,1084.77,864.88,1051.55,21.48,3.05,0,COMPLETE
NODE-0006,MAT-0001,2026-05-01,1258.12,1022.04,834.49,995.93,21.23,3.05,0,COMPLETE
NODE-0006,MAT-0001,2026-06-01,1216.72,977.17,816.57,957.12,21.49,3.05,0,COMPLETE
NODE-0006,MAT-0001,2026-07-01,1152.34,960.59,816.57,941.21,22.18,3.05,0,COMPLETE
NODE-0006,MAT-0001,2026-08-01,1072.07,938.88,803.9,915.59,23.15,3.05,0,COMPLETE
NODE-0006,MAT-0001,2026-09-01,984.74,877.27,747.97,850.79,24.15,3.05,0,COMPLETE
NODE-0006,MAT-0001,2026-10-01,899.98,778.48,654.01,754.08,24.94,3.05,0,COMPLETE
NODE-0006,MAT-0001,2026-11-01,827.11,679.85,558.69,661.33,25.32,3.05,0,COMPLETE
NODE-0006,MAT-0001,2026-12-01,774.15,620.34,497.58,606.92,25.21,3.05,0,COMPLETE
NODE-0006,MAT-0006,2024-07-01,1205.02,1055.64,899.89,1004.02,19.58,2.59,1,COMPLETE
NODE-0006,MAT-0006,2024-08-01,1251.67,1108.74,939.72,1048.92,20.41,2.59,1,COMPLETE
NODE-0006,MAT-0006,2024-09-01,1271.5,1088.04,907.5,1028.9,21.04,2.59,1,COMPLETE
NODE-0006,MAT-0006,2024-10-01,1262.32,1026.82,837.15,975.73,21.31,2.59,1,COMPLETE
NODE-0006,MAT-0006,2024-11-01,1225.14,977.46,777.88,934.1,21.15,2.59,1,COMPLETE
NODE-0006,MAT-0006,2024-12-01,1164.06,958.32,747.89,916.97,20.62,2.59,1,COMPLETE
NODE-0006,MAT-0006,2025-01-01,1085.8,940.66,727.0,896.24,19.83,2.59,1,COMPLETE
NODE-0006,MAT-0006,2025-02-01,998.97,886.54,687.07,839.69,18.98,2.59,1,COMPLETE
NODE-0006,MAT-0006,2025-03-01,913.14,791.88,622.66,748.45,18.28,2.59,1,COMPLETE
NODE-0006,MAT-0006,2025-04-01,837.75,690.48,555.16,655.0,17.89,2.59,1,COMPLETE
NODE-0006,MAT-0006,2025-05-01,781.1,623.31,513.48,594.86,17.93,2.59,1,COMPLETE
NODE-0006,MAT-0006,2025-06-01,749.44,609.03,512.07,582.9,18.36,2.59,1,COMPLETE
NODE-0006,MAT-0006,2025-07-01,746.23,637.82,542.7,608.68,19.1,2.59,1,COMPLETE
NODE-0006,MAT-0006,2025-08-01,771.84,683.48,582.0,648.33,19.95,2.59,1,COMPLETE
NODE-0006,MAT-0006,2025-09-01,823.45,721.94,608.31,682.34,20.72,2.59,1,COMPLETE
NODE-0006,MAT-0006,2025-10-01,895.38,748.91,618.84,709.37,21.2,2.59,1,COMPLETE
NODE-0006,MAT-0006,2025-11-01,979.7,785.4,633.53,748.35,21.29,2.59,1,COMPLETE
NODE-0006,MAT-0006,2025-12-01,1067.14,858.43,676.76,821.4,20.96,2.59,1,COMPLETE
NODE-0006,MAT-0006,2026-01-01,1148.07,966.83,750.27,923.91,20.3,2.59,1,COMPLETE
NODE-0006,MAT-0006,2026-02-01,1213.58,1068.13,825.21,1014.94,19.45,2.59,1,COMPLETE
NODE-0006,MAT-0006,2026-03-01,1256.46,1110.09,864.64,1049.72,18.64,2.59,1,COMPLETE
NODE-0006,MAT-0006,2026-04-01,1271.98,1080.07,856.97,1021.83,18.06,2.59,1,COMPLETE
NODE-0006,MAT-0006,2026-05-01,1258.45,1017.59,826.93,967.88,17.86,2.59,1,COMPLETE
NODE-0006,MAT-0006,2026-06-01,1217.34,972.92,809.26,930.28,18.07,2.59,1,COMPLETE
NODE-0006,MAT-0006,2026-07-01,1153.19,956.66,809.54,915.07,18.66,2.59,1,COMPLETE
NODE-0006,MAT-0006,2026-08-01,1073.06,935.47,797.36,890.46,19.47,2.59,1,COMPLETE
NODE-0006,MAT-0006,2026-09-01,985.76,874.39,742.14,827.63,20.31,2.59,1,COMPLETE
NODE-0006,MAT-0006,2026-10-01,900.91,775.95,648.89,733.55,20.97,2.59,1,COMPLETE
NODE-0006,MAT-0006,2026-11-01,827.85,677.39,554.05,643.16,21.29,2.59,1,COMPLETE
NODE-0006,MAT-0006,2026-12-01,774.62,617.73,493.11,589.98,21.2,2.59,1,COMPLETE
NODE-0007,MAT-0002,2024-07-01,1221.02,1190.72,1129.84,1171.07,10.78,1.07,0,COMPLETE
NODE-0007,MAT-0002,2024-08-01,1260.32,1236.2,1166.94,1209.56,11.24,1.07,0,COMPLETE
NODE-0007,MAT-0002,2024-09-01,1271.84,1205.62,1121.81,1179.15,11.58,1.07,0,COMPLETE
NODE-0007,MAT-0002,2024-10-01,1254.32,1137.26,1036.85,1117.54,11.73,1.07,0,COMPLETE
NODE-0007,MAT-0002,2024-11-01,1209.68,1082.69,966.01,1069.74,11.65,1.07,0,COMPLETE
NODE-0007,MAT-0002,2024-12-01,1142.84,1055.62,925.6,1044.28,11.35,1.07,0,COMPLETE
NODE-0007,MAT-0002,2025-01-01,1061.15,1025.4,891.36,1010.2,10.92,1.07,0,COMPLETE
NODE-0007,MAT-0002,2025-02-01,973.62,957.76,834.61,938.18,10.45,1.07,0,COMPLETE
NODE-0007,MAT-0002,2025-03-01,889.86,854.17,754.0,835.01,10.06,1.07,0,COMPLETE
NODE-0007,MAT-0002,2025-04-01,819.12,750.92,676.16,736.68,9.85,1.07,0,COMPLETE
NODE-0007,MAT-0002,2025-05-01,769.17,687.59,632.74,678.49,9.87,1.07,0,COMPLETE
NODE-0007,MAT-0002,2025-06-01,745.51,680.24,637.53,673.1,10.11,1.07,0,COMPLETE
NODE-0007,MAT-0002,2025-07-01,750.74,717.15,679.34,707.62,10.52,1.07,0,COMPLETE
NODE-0007,MAT-0002,2025-08-01,784.3,770.96,730.82,756.3,10.99,1.07,0,COMPLETE
NODE-0007,MAT-0002,2025-09-01,842.48,817.35,767.52,799.01,11.41,1.07,0,COMPLETE
NODE-0007,MAT-0002,2025-10-01,918.89,853.26,787.33,835.85,11.67,1.07,0,COMPLETE
NODE-0007,MAT-0002,2025-11-01,1005.1,901.02,813.67,887.71,11.72,1.07,0,COMPLETE
NODE-0007,MAT-0002,2025-12-01,1091.64,986.1,872.5,975.52,11.54,1.07,0,COMPLETE
NODE-0007,MAT-0002,2026-01-01,1168.96,1102.2,961.59,1088.98,11.17,1.07,0,COMPLETE
NODE-0007,MAT-0002,2026-02-01,1228.57,1202.47,1044.93,1181.55,10.71,1.07,0,COMPLETE
NODE-0007,MAT-0002,2026-03-01,1263.89,1236.04,1081.92,1208.87,10.26,1.07,0,COMPLETE
NODE-0007,MAT-0002,2026-04-01,1271.05,1196.34,1064.57,1170.6,9.95,1.07,0,COMPLETE
NODE-0007,MAT-0002,2026-05-01,1249.25,1127.23,1024.71,1108.69,9.83,1.07,0,COMPLETE
NODE-0007,MAT-0002,2026-06-01,1200.89,1077.23,999.9,1064.93,9.95,1.07,0,COMPLETE
NODE-0007,MAT-0002,2026-07-01,1131.29,1052.33,991.96,1040.69,10.27,1.07,0,COMPLETE
NODE-0007,MAT-0002,2026-08-01,1048.12,1018.09,965.95,1002.1,10.72,1.07,0,COMPLETE
NODE-0007,MAT-0002,2026-09-01,960.54,943.86,892.11,923.97,11.18,1.07,0,COMPLETE
NODE-0007,MAT-0002,2026-10-01,878.18,837.51,781.12,818.89,11.55,1.07,0,COMPLETE
NODE-0007,MAT-0002,2026-11-01,810.11,738.11,674.89,724.73,11.72,1.07,0,COMPLETE
NODE-0007,MAT-0002,2026-12-01,763.83,682.92,610.99,674.37,11.67,1.07,0,COMPLETE
NODE-0007,MAT-0007,2024-07-01,1215.03,1138.1,1037.26,1074.88,15.8,1.77,1,COMPLETE
NODE-0007,MAT-0007,2024-08-01,1257.23,1186.78,1075.82,1114.86,16.47,1.77,1,COMPLETE
NODE-0007,MAT-0007,2024-09-01,1272.0,1160.2,1036.07,1089.42,16.97,1.77,1,COMPLETE
NODE-0007,MAT-0007,2024-10-01,1257.7,1094.71,957.03,1032.97,17.19,1.77,1,COMPLETE
NODE-0007,MAT-0007,2024-11-01,1215.92,1042.29,890.9,989.12,17.06,1.77,1,COMPLETE
NODE-0007,MAT-0007,2024-12-01,1151.25,1018.43,854.82,967.72,16.63,1.77,1,COMPLETE
NODE-0007,MAT-0007,2025-01-01,1070.8,993.15,826.1,939.64,15.99,1.77,1,COMPLETE
NODE-0007,MAT-0007,2025-02-01,983.45,930.68,776.13,875.32,15.31,1.77,1,COMPLETE
NODE-0007,MAT-0007,2025-03-01,898.79,830.39,701.89,779.33,14.74,1.77,1,COMPLETE
NODE-0007,MAT-0007,2025-04-01,826.16,727.65,627.93,685.43,14.43,1.77,1,COMPLETE
NODE-0007,MAT-0007,2025-05-01,773.55,662.62,584.92,627.97,14.46,1.77,1,COMPLETE
NODE-0007,MAT-0007,2025-06-01,746.74,652.38,586.98,620.05,14.81,1.77,1,COMPLETE
NODE-0007,MAT-0007,2025-07-01,748.7,685.96,624.09,650.06,15.41,1.77,1,COMPLETE
NODE-0007,MAT-0007,2025-08-01,779.2,736.47,670.53,693.7,16.1,1.77,1,COMPLETE
NODE-0007,MAT-0007,2025-09-01,834.89,779.69,702.94,731.75,16.71,1.77,1,COMPLETE
NODE-0007,MAT-0007,2025-10-01,909.64,812.08,718.9,763.8,17.1,1.77,1,COMPLETE
NODE-0007,MAT-0007,2025-11-01,995.21,855.45,740.46,809.41,17.18,1.77,1,COMPLETE
NODE-0007,MAT-0007,2025-12-01,1082.2,935.93,793.03,889.34,16.91,1.77,1,COMPLETE
NODE-0007,MAT-0007,2026-01-01,1161.01,1049.24,876.07,995.68,16.37,1.77,1,COMPLETE
NODE-0007,MAT-0007,2026-02-01,1222.98,1150.18,956.39,1085.25,15.69,1.77,1,COMPLETE
NODE-0007,MAT-0007,2026-03-01,1261.28,1187.23,994.71,1114.78,15.04,1.77,1,COMPLETE
NODE-0007,MAT-0007,2026-04-01,1271.7,1151.44,981.46,1081.7,14.57,1.77,1,COMPLETE
NODE-0007,MAT-0007,2026-05-01,1253.09,1085.01,945.67,1024.79,14.4,1.77,1,COMPLETE
NODE-0007,MAT-0007,2026-06-01,1207.5,1037.2,923.87,984.85,14.58,1.77,1,COMPLETE
NODE-0007,MAT-0007,2026-07-01,1139.95,1015.79,919.44,964.88,15.05,1.77,1,COMPLETE
NODE-0007,MAT-0007,2026-08-01,1057.87,986.66,899.15,932.63,15.7,1.77,1,COMPLETE
NODE-0007,MAT-0007,2026-09-01,970.3,917.44,832.76,862.28,16.38,1.77,1,COMPLETE
NODE-0007,MAT-0007,2026-10-01,886.88,813.98,728.67,764.09,16.92,1.77,1,COMPLETE
NODE-0007,MAT-0007,2026-11-01,816.8,714.69,626.69,673.83,17.18,1.77,1,COMPLETE
NODE-0007,MAT-0007,2026-12-01,767.76,657.56,563.66,623.65,17.1,1.77,1,COMPLETE
NODE-0008,MAT-0003,2024-07-01,1220.36,1184.82,1119.27,1178.99,20.22,2.04,0,COMPLETE
NODE-0008,MAT-0003,2024-08-01,1259.99,1230.67,1156.56,1218.4,21.07,2.04,0,COMPLETE
NODE-0008,MAT-0003,2024-09-01,1271.88,1200.55,1112.06,1188.09,21.72,2.04,0,COMPLETE
NODE-0008,MAT-0003,2024-10-01,1254.71,1132.52,1027.77,1125.99,22.0,2.04,0,COMPLETE
NODE-0008,MAT-0003,2024-11-01,1210.39,1078.2,957.47,1077.79,21.84,2.04,0,COMPLETE
NODE-0008,MAT-0003,2024-12-01,1143.79,1051.49,917.57,1051.49,21.29,2.04,0,COMPLETE
NODE-0008,MAT-0003,2025-01-01,1062.24,1021.83,883.96,1018.52,20.47,2.04,0,COMPLETE
NODE-0008,MAT-0003,2025-02-01,974.71,954.76,827.99,946.3,19.59,2.04,0,COMPLETE
NODE-0008,MAT-0003,2025-03-01,890.86,851.53,748.1,842.29,18.87,2.04,0,COMPLETE
NODE-0008,MAT-0003,2025-04-01,819.89,748.33,670.68,742.79,18.47,2.04,0,COMPLETE
NODE-0008,MAT-0003,2025-05-01,769.64,684.79,627.29,683.66,18.51,2.04,0,COMPLETE
NODE-0008,MAT-0003,2025-06-01,745.63,677.1,631.75,677.1,18.96,2.04,0,COMPLETE
NODE-0008,MAT-0003,2025-07-01,750.5,713.63,673.01,712.41,19.72,2.04,0,COMPLETE
NODE-0008,MAT-0003,2025-08-01,783.71,767.06,723.91,761.35,20.6,2.04,0,COMPLETE
NODE-0008,MAT-0003,2025-09-01,841.62,813.1,760.11,804.26,21.39,2.04,0,COMPLETE
NODE-0008,MAT-0003,2025-10-01,917.84,848.6,779.48,841.12,21.89,2.04,0,COMPLETE
NODE-0008,MAT-0003,2025-11-01,1003.99,895.88,805.26,893.01,21.98,2.04,0,COMPLETE
NODE-0008,MAT-0003,2025-12-01,1090.58,980.45,863.38,980.45,21.64,2.04,0,COMPLETE
NODE-0008,MAT-0003,2026-01-01,1168.08,1096.25,951.79,1095.79,20.95,2.04,0,COMPLETE
NODE-0008,MAT-0003,2026-02-01,1227.96,1196.61,1034.82,1189.64,20.08,2.04,0,COMPLETE
NODE-0008,MAT-0003,2026-03-01,1263.62,1230.58,1071.97,1217.78,19.25,2.04,0,COMPLETE
NODE-0008,MAT-0003,2026-04-01,1271.14,1191.33,1055.11,1179.49,18.65,2.04,0,COMPLETE
NODE-0008,MAT-0003,2026-05-01,1249.69,1122.53,1015.72,1117.06,18.43,2.04,0,COMPLETE
NODE-0008,MAT-0003,2026-06-01,1201.64,1072.78,991.26,1072.78,18.66,2.04,0,COMPLETE
NODE-0008,MAT-0003,2026-07-01,1132.27,1048.28,983.74,1048.28,19.26,2.04,0,COMPLETE
NODE-0008,MAT-0003,2026-08-01,1049.22,1014.61,958.39,1010.42,20.1,2.04,0,COMPLETE
NODE-0008,MAT-0003,2026-09-01,961.63,940.93,885.39,932.0,20.97,2.04,0,COMPLETE
NODE-0008,MAT-0003,2026-10-01,879.14,834.9,775.18,826.0,21.65,2.04,0,COMPLETE
NODE-0008,MAT-0003,2026-11-01,810.85,735.5,669.41,730.68,21.99,2.04,0,COMPLETE
NODE-0008,MAT-0003,2026-12-01,764.25,680.07,605.59,679.43,21.89,2.04,0,COMPLETE
NODE-0008,MAT-0008,2024-07-01,1219.48,1176.92,1105.19,1149.52,24.32,2.5,0,COMPLETE
NODE-0008,MAT-0008,2024-08-01,1259.54,1223.26,1142.72,1188.61,25.34,2.5,0,COMPLETE
NODE-0008,MAT-0008,2024-09-01,1271.92,1193.75,1099.04,1159.45,26.12,2.5,0,COMPLETE
NODE-0008,MAT-0008,2024-10-01,1255.24,1126.16,1015.66,1098.98,26.46,2.5,0,COMPLETE
NODE-0008,MAT-0008,2024-11-01,1211.34,1072.16,946.08,1052.07,26.27,2.5,0,COMPLETE
NODE-0008,MAT-0008,2024-12-01,1145.06,1045.95,906.85,1027.62,25.6,2.5,0,COMPLETE
NODE-0008,MAT-0008,2025-01-01,1063.69,1017.03,874.09,995.06,24.62,2.5,0,COMPLETE
NODE-0008,MAT-0008,2025-02-01,976.19,950.73,819.15,924.85,23.56,2.5,0,COMPLETE
NODE-0008,MAT-0008,2025-03-01,892.19,847.99,740.21,823.21,22.69,2.5,0,COMPLETE
NODE-0008,MAT-0008,2025-04-01,820.94,744.85,663.37,725.66,22.22,2.5,0,COMPLETE
NODE-0008,MAT-0008,2025-05-01,770.28,681.05,620.02,667.41,22.26,2.5,0,COMPLETE
NODE-0008,MAT-0008,2025-06-01,745.79,672.91,624.06,661.28,22.8,2.5,0,COMPLETE
NODE-0008,MAT-0008,2025-07-01,750.17,708.93,664.59,694.7,23.72,2.5,0,COMPLETE
NODE-0008,MAT-0008,2025-08-01,782.93,761.86,714.71,742.2,24.78,2.5,0,COMPLETE
NODE-0008,MAT-0008,2025-09-01,840.47,807.41,750.25,783.81,25.72,2.5,0,COMPLETE
NODE-0008,MAT-0008,2025-10-01,916.45,842.39,769.03,819.49,26.33,2.5,0,COMPLETE
NODE-0008,MAT-0008,2025-11-01,1002.51,889.0,794.08,869.84,26.44,2.5,0,COMPLETE
NODE-0008,MAT-0008,2025-12-01,1089.17,972.89,851.25,955.85,26.03,2.5,0,COMPLETE
NODE-0008,MAT-0008,2026-01-01,1166.9,1088.28,938.76,1067.85,25.2,2.5,0,COMPLETE
NODE-0008,MAT-0008,2026-02-01,1227.13,1188.76,1021.34,1160.01,24.15,2.5,0,COMPLETE
NODE-0008,MAT-0008,2026-03-01,1263.24,1223.27,1058.72,1188.09,23.15,2.5,0,COMPLETE
NODE-0008,MAT-0008,2026-04-01,1271.26,1184.61,1042.49,1151.09,22.43,2.5,0,COMPLETE
NODE-0008,MAT-0008,2026-05-01,1250.29,1116.22,1003.73,1090.29,22.17,2.5,0,COMPLETE
NODE-0008,MAT-0008,2026-06-01,1202.65,1066.81,979.74,1047.39,22.44,2.5,0,COMPLETE
NODE-0008,MAT-0008,2026-07-01,1133.58,1042.83,972.76,1024.22,23.16,2.5,0,COMPLETE
NODE-0008,MAT-0008,2026-08-01,1050.68,1009.93,948.29,987.22,24.17,2.5,0,COMPLETE
NODE-0008,MAT-0008,2026-09-01,963.09,937.0,876.43,910.9,25.22,2.5,0,COMPLETE
NODE-0008,MAT-0008,2026-10-01,880.44,831.39,767.24,807.26,26.04,2.5,0,COMPLETE
NODE-0008,MAT-0008,2026-11-01,811.84,731.99,662.1,713.76,26.44,2.5,0,COMPLETE
NODE-0008,MAT-0008,2026-12-01,764.83,676.27,598.4,663.21,26.32,2.5,0,COMPLETE
NODE-0009,MAT-0004,2024-07-01,1220.44,1185.46,1120.42,1162.35,13.4,1.35,0,COMPLETE
NODE-0009,MAT-0004,2024-08-01,1260.03,1231.27,1157.69,1201.05,13.97,1.35,0,COMPLETE
NODE-0009,MAT-0004,2024-09-01,1271.87,1201.11,1113.12,1171.14,14.4,1.35,0,COMPLETE
NODE-0009,MAT-0004,2024-10-01,1254.67,1133.04,1028.76,1109.99,14.58,1.35,0,COMPLETE
NODE-0009,MAT-0004,2024-11-01,1210.31,1078.69,958.4,1062.56,14.48,1.35,0,COMPLETE
NODE-0009,MAT-0004,2024-12-01,1143.68,1051.95,918.44,1037.49,14.11,1.35,0,COMPLETE
NODE-0009,MAT-0004,2025-01-01,1062.12,1022.22,884.77,1004.01,13.57,1.35,0,COMPLETE
NODE-0009,MAT-0004,2025-02-01,974.59,955.09,828.71,932.7,12.99,1.35,0,COMPLETE
NODE-0009,MAT-0004,2025-03-01,890.75,851.82,748.74,830.16,12.51,1.35,0,COMPLETE
NODE-0009,MAT-0004,2025-04-01,819.81,748.61,671.28,732.17,12.25,1.35,0,COMPLETE
NODE-0009,MAT-0004,2025-05-01,769.59,685.1,627.88,673.98,12.27,1.35,0,COMPLETE
NODE-0009,MAT-0004,2025-06-01,745.61,677.45,632.38,668.3,12.57,1.35,0,COMPLETE
NODE-0009,MAT-0004,2025-07-01,750.52,714.01,673.7,702.39,13.07,1.35,0,COMPLETE
NODE-0009,MAT-0004,2025-08-01,783.78,767.49,724.66,750.59,13.66,1.35,0,COMPLETE
NODE-0009,MAT-0004,2025-09-01,841.71,813.56,760.92,792.86,14.18,1.35,0,COMPLETE
NODE-0009,MAT-0004,2025-10-01,917.96,849.11,780.33,829.24,14.51,1.35,0,COMPLETE
NODE-0009,MAT-0004,2025-11-01,1004.11,896.44,806.18,880.51,14.58,1.35,0,COMPLETE
NODE-0009,MAT-0004,2025-12-01,1090.7,981.07,864.37,967.6,14.35,1.35,0,COMPLETE
NODE-0009,MAT-0004,2026-01-01,1168.18,1096.9,952.86,1080.45,13.89,1.35,0,COMPLETE
NODE-0009,MAT-0004,2026-02-01,1228.03,1197.25,1035.92,1172.83,13.32,1.35,0,COMPLETE
NODE-0009,MAT-0004,2026-03-01,1263.65,1231.18,1073.06,1200.43,12.76,1.35,0,COMPLETE
NODE-0009,MAT-0004,2026-04-01,1271.13,1191.88,1056.14,1162.66,12.36,1.35,0,COMPLETE
NODE-0009,MAT-0004,2026-05-01,1249.65,1123.04,1016.7,1101.21,12.22,1.35,0,COMPLETE
NODE-0009,MAT-0004,2026-06-01,1201.56,1073.27,992.2,1057.79,12.37,1.35,0,COMPLETE
NODE-0009,MAT-0004,2026-07-01,1132.16,1048.72,984.63,1033.97,12.77,1.35,0,COMPLETE
NODE-0009,MAT-0004,2026-08-01,1049.1,1014.99,959.22,996.01,13.33,1.35,0,COMPLETE
NODE-0009,MAT-0004,2026-09-01,961.51,941.25,886.13,918.6,13.9,1.35,0,COMPLETE
NODE-0009,MAT-0004,2026-10-01,879.04,835.18,775.83,814.11,14.36,1.35,0,COMPLETE
NODE-0009,MAT-0004,2026-11-01,810.77,735.78,670.01,720.24,14.58,1.35,0,COMPLETE
NODE-0009,MAT-0004,2026-12-01,764.2,680.38,606.18,669.83,14.51,1.35,0,COMPLETE
NODE-0010,MAT-0005,2024-07-01,1227.08,1227.08,1213.39,1196.04,21.48,1.84,0,COMPLETE
NODE-0010,MAT-0005,2024-08-01,1263.22,1263.22,1242.94,1224.89,22.39,1.84,0,COMPLETE
NODE-0010,MAT-0005,2024-09-01,1271.26,1253.63,1216.59,1215.08,23.07,1.84,0,COMPLETE
NODE-0010,MAT-0005,2024-10-01,1250.33,1182.07,1124.94,1151.17,23.37,1.84,0,COMPLETE
NODE-0010,MAT-0005,2024-11-01,1202.71,1125.05,1048.76,1101.7,23.2,1.84,0,COMPLETE
NODE-0010,MAT-0005,2024-12-01,1133.66,1094.38,1003.33,1073.0,22.61,1.84,0,COMPLETE
NODE-0010,MAT-0005,2025-01-01,1050.78,1050.78,955.41,1025.96,21.74,1.84,0,COMPLETE
NODE-0010,MAT-0005,2025-02-01,963.18,963.18,877.83,935.03,20.81,1.84,0,COMPLETE
NODE-0010,MAT-0005,2025-03-01,880.53,878.98,811.03,851.53,20.04,1.84,0,COMPLETE
NODE-0010,MAT-0005,2025-04-01,811.9,775.5,729.28,753.96,19.62,1.84,0,COMPLETE
NODE-0010,MAT-0005,2025-05-01,764.86,714.26,685.83,698.53,19.66,1.84,0,COMPLETE
NODE-0010,MAT-0005,2025-06-01,744.59,710.26,694.06,696.56,20.14,1.84,0,COMPLETE
NODE-0010,MAT-0005,2025-07-01,753.32,750.97,741.39,734.39,20.95,1.84,0,COMPLETE
NODE-0010,MAT-0005,2025-08-01,790.08,790.08,780.52,768.1,21.88,1.84,0,COMPLETE
NODE-0010,MAT-0005,2025-09-01,850.83,850.83,832.96,824.25,22.72,1.84,0,COMPLETE
NODE-0010,MAT-0005,2025-10-01,928.89,898.05,864.55,871.83,23.25,1.84,0,COMPLETE
NODE-0010,MAT-0005,2025-11-01,1015.65,950.5,896.34,928.1,23.35,1.84,0,COMPLETE
NODE-0010,MAT-0005,2025-12-01,1101.57,1040.35,962.08,1020.04,22.99,1.84,0,COMPLETE
NODE-0010,MAT-0005,2026-01-01,1177.19,1159.11,1057.57,1135.02,22.26,1.84,0,COMPLETE
NODE-0010,MAT-0005,2026-02-01,1234.19,1234.19,1121.82,1201.86,21.33,1.84,0,COMPLETE
NODE-0010,MAT-0005,2026-03-01,1266.28,1266.28,1159.0,1227.32,20.45,1.84,0,COMPLETE
NODE-0010,MAT-0005,2026-04-01,1269.94,1243.78,1156.49,1206.07,19.81,1.84,0,COMPLETE
NODE-0010,MAT-0005,2026-05-01,1244.77,1171.67,1111.94,1142.1,19.58,1.84,0,COMPLETE
NODE-0010,MAT-0005,2026-06-01,1193.53,1119.16,1083.54,1096.54,19.82,1.84,0,COMPLETE
NODE-0010,MAT-0005,2026-07-01,1121.86,1090.39,1071.41,1068.73,20.46,1.84,0,COMPLETE
NODE-0010,MAT-0005,2026-08-01,1037.66,1037.66,1025.99,1012.24,21.35,1.84,0,COMPLETE
NODE-0010,MAT-0005,2026-09-01,950.2,950.2,936.08,921.82,22.27,1.84,0,COMPLETE
NODE-0010,MAT-0005,2026-10-01,869.1,862.1,838.51,835.34,23.0,1.84,0,COMPLETE
NODE-0010,MAT-0005,2026-11-01,803.29,762.88,728.02,742.34,23.35,1.84,0,COMPLETE
NODE-0010,MAT-0005,2026-12-01,760.01,710.03,663.63,694.9,23.25,1.84,0,COMPLETE
NODE-0010,MAT-0010,2024-07-01,1221.2,1192.37,1132.81,1184.64,6.39,0.63,0,COMPLETE
NODE-0010,MAT-0010,2024-08-01,1260.41,1237.74,1169.86,1223.47,6.66,0.63,0,COMPLETE
NODE-0010,MAT-0010,2024-09-01,1271.83,1207.04,1124.56,1192.63,6.87,0.63,0,COMPLETE
NODE-0010,MAT-0010,2024-10-01,1254.21,1138.59,1039.4,1130.24,6.95,0.63,0,COMPLETE
NODE-0010,MAT-0010,2024-11-01,1209.48,1083.95,968.4,1081.84,6.9,0.63,0,COMPLETE
NODE-0010,MAT-0010,2024-12-01,1142.57,1056.78,927.85,1056.0,6.73,0.63,0,COMPLETE
NODE-0010,MAT-0010,2025-01-01,1060.85,1026.4,893.43,1021.47,6.47,0.63,0,COMPLETE
NODE-0010,MAT-0010,2025-02-01,973.31,958.6,836.46,948.6,6.19,0.63,0,COMPLETE
NODE-0010,MAT-0010,2025-03-01,889.59,854.91,755.66,844.29,5.97,0.63,0,PARTIAL
NODE-0010,MAT-0010,2025-04-01,818.9,751.65,677.7,744.92,5.84,0.63,0,PARTIAL
NODE-0010,MAT-0010,2025-05-01,769.03,688.38,634.27,686.16,5.85,0.63,0,PARTIAL
NODE-0010,MAT-0010,2025-06-01,745.47,681.12,639.16,680.79,5.99,0.63,0,PARTIAL
NODE-0010,MAT-0010,2025-07-01,750.81,718.13,681.12,715.79,6.23,0.63,0,PARTIAL
NODE-0010,MAT-0010,2025-08-01,784.46,772.05,732.77,765.1,6.51,0.63,0,PARTIAL
NODE-0010,MAT-0010,2025-09-01,842.72,818.55,769.6,808.37,6.76,0.63,0,PARTIAL
NODE-0010,MAT-0010,2025-10-01,919.18,854.56,789.54,845.68,6.92,0.63,0,PARTIAL
NODE-0010,MAT-0010,2025-11-01,1005.41,902.47,816.04,898.17,6.95,0.63,0,PARTIAL
NODE-0010,MAT-0010,2025-12-01,1091.93,987.69,875.06,986.98,6.84,0.63,0,PARTIAL
NODE-0010,MAT-0010,2026-01-01,1169.21,1103.87,964.35,1101.68,6.62,0.63,0,COMPLETE
NODE-0010,MAT-0010,2026-02-01,1228.74,1204.11,1047.78,1195.22,6.35,0.63,0,COMPLETE
NODE-0010,MAT-0010,2026-03-01,1263.97,1237.57,1084.71,1222.76,6.09,0.63,0,COMPLETE
NODE-0010,MAT-0010,2026-04-01,1271.02,1197.75,1067.23,1183.97,5.9,0.63,0,COMPLETE
NODE-0010,MAT-0010,2026-05-01,1249.12,1128.55,1027.24,1121.29,5.83,0.63,0,COMPLETE
NODE-0010,MAT-0010,2026-06-01,1200.67,1078.48,1002.32,1076.96,5.9,0.63,0,COMPLETE
NODE-0010,MAT-0010,2026-07-01,1131.02,1053.47,994.27,1052.36,6.09,0.63,0,COMPLETE
NODE-0010,MAT-0010,2026-08-01,1047.82,1019.06,968.07,1013.26,6.35,0.63,0,COMPLETE
NODE-0010,MAT-0010,2026-09-01,960.23,944.67,893.99,934.23,6.63,0.63,0,COMPLETE
NODE-0010,MAT-0010,2026-10-01,877.91,838.24,782.79,827.99,6.85,0.63,0,COMPLETE
NODE-0010,MAT-0010,2026-11-01,809.91,738.84,676.42,732.85,6.95,0.63,0,COMPLETE
NODE-0010,MAT-0010,2026-12-01,763.71,683.71,612.51,682.0,6.92,0.63,0,COMPLETE
NODE-0011,MAT-0006,2024-07-01,1226.85,1226.85,1211.28,1177.63,17.34,1.5,1,COMPLETE
NODE-0011,MAT-0006,2024-08-01,1263.12,1263.12,1240.89,1206.06,18.08,1.5,1,COMPLETE
NODE-0011,MAT-0006,2024-09-01,1271.29,1251.8,1212.89,1194.74,18.63,1.5,1,COMPLETE
NODE-0011,MAT-0006,2024-10-01,1250.49,1180.36,1121.5,1132.0,18.87,1.5,1,COMPLETE
NODE-0011,MAT-0006,2024-11-01,1202.98,1123.44,1045.53,1083.46,18.73,1.5,1,COMPLETE
NODE-0011,MAT-0006,2024-12-01,1134.02,1092.91,1000.3,1055.35,18.26,1.5,0,COMPLETE
NODE-0011,MAT-0006,2025-01-01,1051.18,1051.18,954.16,1010.76,17.56,1.5,1,COMPLETE
NODE-0011,MAT-0006,2025-02-01,963.58,963.58,876.71,921.12,16.81,1.5,1,COMPLETE
NODE-0011,MAT-0006,2025-03-01,880.88,878.04,808.81,837.6,16.19,1.5,1,COMPLETE
NODE-0011,MAT-0006,2025-04-01,812.17,774.56,727.21,741.56,15.85,1.5,1,COMPLETE
NODE-0011,MAT-0006,2025-05-01,765.02,713.24,683.75,686.95,15.88,1.5,1,COMPLETE
NODE-0011,MAT-0006,2025-06-01,744.62,709.1,691.84,684.9,16.26,1.5,0,COMPLETE
NODE-0011,MAT-0006,2025-07-01,753.21,749.65,738.94,721.99,16.92,1.5,1,COMPLETE
NODE-0011,MAT-0006,2025-08-01,789.85,789.85,779.08,756.17,17.67,1.5,1,COMPLETE
NODE-0011,MAT-0006,2025-09-01,850.51,850.51,831.34,811.33,18.35,1.5,1,COMPLETE
NODE-0011,MAT-0006,2025-10-01,928.5,896.31,861.5,856.85,18.78,1.5,1,COMPLETE
NODE-0011,MAT-0006,2025-11-01,1015.25,948.58,893.07,912.16,18.86,1.5,1,COMPLETE
NODE-0011,MAT-0006,2025-12-01,1101.19,1038.25,958.54,1002.58,18.57,1.5,0,COMPLETE
NODE-0011,MAT-0006,2026-01-01,1176.88,1156.92,1053.79,1115.71,17.97,1.5,1,COMPLETE
NODE-0011,MAT-0006,2026-02-01,1233.98,1233.98,1119.73,1183.36,17.23,1.5,1,COMPLETE
NODE-0011,MAT-0006,2026-03-01,1266.2,1266.2,1156.98,1208.46,16.51,1.5,1,COMPLETE
NODE-0011,MAT-0006,2026-04-01,1270.0,1241.96,1152.89,1185.89,16.0,1.5,1,COMPLETE
NODE-0011,MAT-0006,2026-05-01,1244.95,1169.98,1108.53,1123.09,15.81,1.5,1,COMPLETE
NODE-0011,MAT-0006,2026-06-01,1193.82,1117.57,1080.28,1078.4,16.0,1.5,1,COMPLETE
NODE-0011,MAT-0006,2026-07-01,1122.23,1088.94,1068.31,1051.17,16.52,1.5,0,COMPLETE
NODE-0011,MAT-0006,2026-08-01,1038.07,1038.07,1024.8,997.24,17.24,1.5,1,COMPLETE
NODE-0011,MAT-0006,2026-09-01,950.6,950.6,935.01,908.1,17.99,1.5,1,COMPLETE
NODE-0011,MAT-0006,2026-10-01,869.44,861.16,836.27,821.67,18.57,1.5,1,COMPLETE
NODE-0011,MAT-0006,2026-11-01,803.54,761.93,725.95,730.12,18.86,1.5,1,COMPLETE
NODE-0011,MAT-0006,2026-12-01,760.15,708.99,661.56,683.37,18.77,1.5,1,COMPLETE
NODE-0011,MAT-0011,2024-07-01,1196.71,991.46,799.45,969.33,7.66,1.14,0,COMPLETE
NODE-0011,MAT-0011,2024-08-01,1246.73,1047.49,839.49,1018.81,7.98,1.14,0,COMPLETE
NODE-0011,MAT-0011,2024-09-01,1270.47,1031.06,812.42,1002.42,8.23,1.14,0,COMPLETE
NODE-0011,MAT-0011,2024-10-01,1265.31,972.93,748.34,950.39,8.33,1.14,0,COMPLETE
NODE-0011,MAT-0011,2024-11-01,1231.83,925.71,693.99,909.25,8.27,1.14,0,COMPLETE
NODE-0011,MAT-0011,2024-12-01,1173.71,909.95,668.16,894.87,8.06,1.14,0,COMPLETE
NODE-0011,MAT-0011,2025-01-01,1097.35,898.09,652.67,879.55,7.75,1.14,0,COMPLETE
NODE-0011,MAT-0011,2025-02-01,1011.15,850.63,620.0,828.29,7.42,1.14,0,COMPLETE
NODE-0011,MAT-0011,2025-03-01,924.6,760.75,563.09,739.25,7.15,1.14,0,COMPLETE
NODE-0011,MAT-0011,2025-04-01,847.24,660.84,500.85,644.45,7.0,1.14,0,COMPLETE
NODE-0011,MAT-0011,2025-05-01,787.57,592.43,460.71,581.13,7.01,1.14,0,COMPLETE
NODE-0011,MAT-0011,2025-06-01,752.17,575.41,457.26,566.02,7.18,1.14,0,COMPLETE
NODE-0011,MAT-0011,2025-07-01,744.93,600.85,483.53,589.37,7.47,1.14,0,COMPLETE
NODE-0011,MAT-0011,2025-08-01,766.65,643.02,517.89,627.05,7.8,1.14,0,COMPLETE
NODE-0011,MAT-0011,2025-09-01,814.94,677.95,539.98,658.79,8.1,1.14,0,COMPLETE
NODE-0011,MAT-0011,2025-10-01,884.49,700.83,546.78,682.45,8.29,1.14,0,COMPLETE
NODE-0011,MAT-0011,2025-11-01,967.63,731.98,556.68,716.9,8.33,1.14,0,COMPLETE
NODE-0011,MAT-0011,2025-12-01,1055.21,799.03,593.08,785.8,8.2,1.14,0,COMPLETE
NODE-0011,MAT-0011,2026-01-01,1137.6,903.18,659.22,887.09,7.94,1.14,0,COMPLETE
NODE-0011,MAT-0011,2026-02-01,1205.72,1004.18,729.48,980.86,7.61,1.14,0,COMPLETE
NODE-0011,MAT-0011,2026-03-01,1252.08,1049.47,769.02,1020.3,7.29,1.14,0,COMPLETE
NODE-0011,MAT-0011,2026-04-01,1271.56,1023.66,764.99,995.67,7.06,1.14,0,COMPLETE
NODE-0011,MAT-0011,2026-05-01,1262.03,964.05,738.95,942.58,6.98,1.14,0,COMPLETE
NODE-0011,MAT-0011,2026-06-01,1224.54,921.54,724.02,905.64,7.07,1.14,0,COMPLETE
NODE-0011,MAT-0011,2026-07-01,1163.2,909.01,727.29,893.66,7.3,1.14,0,COMPLETE
NODE-0011,MAT-0011,2026-08-01,1084.78,893.91,720.71,874.67,7.61,1.14,0,COMPLETE
NODE-0011,MAT-0011,2026-09-01,997.91,839.38,673.71,816.8,7.94,1.14,0,COMPLETE
NODE-0011,MAT-0011,2026-10-01,912.15,745.26,588.85,724.34,8.2,1.14,0,COMPLETE
NODE-0011,MAT-0011,2026-11-01,836.94,647.7,499.9,632.19,8.33,1.14,0,COMPLETE
NODE-0011,MAT-0011,2026-12-01,780.56,586.5,441.13,575.74,8.29,1.14,0,COMPLETE
NODE-0012,MAT-0007,2024-07-01,1214.51,1133.68,1029.66,1109.04,15.17,1.72,0,COMPLETE
NODE-0012,MAT-0007,2024-08-01,1256.96,1182.61,1068.31,1150.94,15.81,1.72,0,COMPLETE
NODE-0012,MAT-0007,2024-09-01,1272.0,1156.36,1028.99,1124.92,16.29,1.72,0,COMPLETE
NODE-0012,MAT-0007,2024-10-01,1257.97,1091.11,950.43,1066.47,16.5,1.72,0,COMPLETE
NODE-0012,MAT-0007,2024-11-01,1216.43,1038.86,884.69,1021.0,16.38,1.72,0,COMPLETE
NODE-0012,MAT-0007,2024-12-01,1151.94,1015.26,848.96,999.04,15.97,1.72,0,COMPLETE
NODE-0012,MAT-0007,2025-01-01,1071.61,990.39,820.69,970.53,15.36,1.72,0,COMPLETE
NODE-0012,MAT-0007,2025-02-01,984.28,928.37,771.28,904.53,14.7,1.72,0,COMPLETE
NODE-0012,MAT-0007,2025-03-01,899.55,828.36,697.56,805.44,14.15,1.72,0,COMPLETE
NODE-0012,MAT-0007,2025-04-01,826.77,725.67,623.94,708.11,13.86,1.72,0,COMPLETE
NODE-0012,MAT-0007,2025-05-01,773.93,660.52,580.99,648.32,13.88,1.72,0,COMPLETE
NODE-0012,MAT-0007,2025-06-01,746.87,650.05,582.83,639.82,14.22,1.72,0,COMPLETE
NODE-0012,MAT-0007,2025-07-01,748.55,683.35,619.56,670.7,14.79,1.72,0,COMPLETE
NODE-0012,MAT-0007,2025-08-01,778.79,733.59,665.6,715.8,15.45,1.72,0,COMPLETE
NODE-0012,MAT-0007,2025-09-01,834.27,776.56,697.66,755.07,16.05,1.72,0,COMPLETE
NODE-0012,MAT-0007,2025-10-01,908.87,808.65,713.32,787.92,16.42,1.72,0,COMPLETE
NODE-0012,MAT-0007,2025-11-01,994.38,851.65,734.49,834.61,16.49,1.72,0,COMPLETE
NODE-0012,MAT-0007,2025-12-01,1081.4,931.74,786.54,916.86,16.24,1.72,0,COMPLETE
NODE-0012,MAT-0007,2026-01-01,1160.33,1044.8,869.07,1026.8,15.72,1.72,0,COMPLETE
NODE-0012,MAT-0007,2026-02-01,1222.49,1145.78,949.12,1119.85,15.07,1.72,0,COMPLETE
NODE-0012,MAT-0007,2026-03-01,1261.05,1183.12,987.53,1150.93,14.44,1.72,0,COMPLETE
NODE-0012,MAT-0007,2026-04-01,1271.74,1147.64,974.61,1116.94,13.99,1.72,0,COMPLETE
NODE-0012,MAT-0007,2026-05-01,1253.4,1081.43,939.14,1057.99,13.83,1.72,0,COMPLETE
NODE-0012,MAT-0007,2026-06-01,1208.05,1033.81,917.58,1016.59,13.99,1.72,0,COMPLETE
NODE-0012,MAT-0007,2026-07-01,1140.67,1012.67,913.43,996.17,14.45,1.72,0,COMPLETE
NODE-0012,MAT-0007,2026-08-01,1058.69,983.97,893.6,963.37,15.08,1.72,0,COMPLETE
NODE-0012,MAT-0007,2026-09-01,971.13,915.18,827.82,891.11,15.73,1.72,0,COMPLETE
NODE-0012,MAT-0007,2026-10-01,887.62,811.97,724.31,789.67,16.24,1.72,0,COMPLETE
NODE-0012,MAT-0007,2026-11-01,817.37,712.71,622.71,696.06,16.49,1.72,0,COMPLETE
NODE-0012,MAT-0007,2026-12-01,768.11,655.43,559.77,643.8,16.42,1.72,0,COMPLETE
NODE-0013,MAT-0013,2024-07-01,245.0,245.0,238.8,235.56,19.58,1.77,1,COMPLETE
NODE-0013,MAT-0013,2024-08-01,252.45,252.45,244.83,241.45,20.41,1.77,1,COMPLETE
NODE-0013,MAT-0013,2024-09-01,254.3,247.34,236.54,236.46,21.04,1.77,1,COMPLETE
NODE-0013,MAT-0013,2024-10-01,250.36,233.26,218.69,224.08,21.31,1.77,1,COMPLETE
NODE-0013,MAT-0013,2024-11-01,241.04,222.03,203.84,214.49,21.15,1.77,0,COMPLETE
NODE-0013,MAT-0013,2024-12-01,227.39,216.16,195.12,209.07,20.62,1.77,0,COMPLETE
NODE-0013,MAT-0013,2025-01-01,210.89,209.43,187.46,201.71,19.83,1.77,1,COMPLETE
NODE-0013,MAT-0013,2025-02-01,193.37,193.37,173.51,185.16,18.98,1.77,1,COMPLETE
NODE-0013,MAT-0013,2025-03-01,176.76,174.06,158.14,166.32,18.28,1.77,1,COMPLETE
NODE-0013,MAT-0013,2025-04-01,162.88,153.37,142.06,147.08,17.89,1.77,1,COMPLETE
NODE-0013,MAT-0013,2025-05-01,153.27,140.97,133.36,135.99,17.93,1.77,1,COMPLETE
NODE-0013,MAT-0013,2025-06-01,148.97,139.92,134.75,135.37,18.36,1.77,0,COMPLETE
NODE-0013,MAT-0013,2025-07-01,150.47,147.79,143.82,142.57,19.1,1.77,1,COMPLETE
NODE-0013,MAT-0013,2025-08-01,157.6,157.6,153.47,151.13,19.96,1.77,1,COMPLETE
NODE-0013,MAT-0013,2025-09-01,169.57,168.75,162.82,161.25,20.72,1.77,1,COMPLETE
NODE-0013,MAT-0013,2025-10-01,185.07,176.42,167.35,168.94,21.2,1.77,1,COMPLETE
NODE-0013,MAT-0013,2025-11-01,202.38,186.58,173.32,179.72,21.29,1.77,1,COMPLETE
NODE-0013,MAT-0013,2025-12-01,219.62,204.22,185.97,197.53,20.96,1.77,0,COMPLETE
NODE-0013,MAT-0013,2026-01-01,234.86,227.79,204.62,220.04,20.3,1.77,0,COMPLETE
NODE-0013,MAT-0013,2026-02-01,246.45,246.45,220.53,236.73,19.45,1.77,1,COMPLETE
NODE-0013,MAT-0013,2026-03-01,253.1,253.1,228.08,241.96,18.64,1.77,1,COMPLETE
NODE-0013,MAT-0013,2026-04-01,254.08,245.41,224.73,234.73,18.06,1.77,1,COMPLETE
NODE-0013,MAT-0013,2026-05-01,249.28,231.21,216.16,222.31,17.86,1.77,1,COMPLETE
NODE-0013,MAT-0013,2026-06-01,239.23,220.89,210.74,213.5,18.07,1.77,0,COMPLETE
NODE-0013,MAT-0013,2026-07-01,225.04,215.41,208.62,208.28,18.66,1.77,0,COMPLETE
NODE-0013,MAT-0013,2026-08-01,208.27,207.85,202.58,200.01,19.47,1.77,1,COMPLETE
NODE-0013,MAT-0013,2026-09-01,190.77,190.77,185.24,182.54,20.31,1.77,1,COMPLETE
NODE-0013,MAT-0013,2026-10-01,174.46,170.69,163.61,163.14,20.97,1.77,1,COMPLETE
NODE-0013,MAT-0013,2026-11-01,161.13,150.83,141.81,144.77,21.3,1.77,1,COMPLETE
NODE-0013,MAT-0013,2026-12-01,152.26,140.09,128.95,135.25,21.2,1.77,0,COMPLETE
NODE-0013,MAT-0018,2024-07-01,239.38,198.6,160.36,192.37,22.09,3.27,0,COMPLETE
NODE-0013,MAT-0018,2024-08-01,249.37,209.79,168.37,202.15,23.02,3.27,1,COMPLETE
NODE-0013,MAT-0018,2024-09-01,254.1,206.49,162.93,198.88,23.73,3.27,1,COMPLETE
NODE-0013,MAT-0018,2024-10-01,253.05,194.85,150.09,188.57,24.03,3.27,0,COMPLETE
NODE-0013,MAT-0018,2024-11-01,246.34,185.39,139.19,180.42,23.86,3.27,0,COMPLETE
NODE-0013,MAT-0018,2024-12-01,234.7,182.23,134.01,177.56,23.25,3.27,0,COMPLETE
NODE-0013,MAT-0018,2025-01-01,219.41,179.83,130.89,174.48,22.36,3.27,0,COMPLETE
NODE-0013,MAT-0018,2025-02-01,202.17,170.3,124.32,164.29,21.4,3.27,1,COMPLETE
NODE-0013,MAT-0018,2025-03-01,184.86,152.3,112.9,146.62,20.61,3.27,1,COMPLETE
NODE-0013,MAT-0018,2025-04-01,169.4,132.31,100.43,127.83,20.18,3.27,0,COMPLETE
NODE-0013,MAT-0018,2025-05-01,157.48,118.63,92.39,115.3,20.22,3.27,0,COMPLETE
NODE-0013,MAT-0018,2025-06-01,150.42,115.24,91.71,112.32,20.71,3.27,0,COMPLETE
NODE-0013,MAT-0018,2025-07-01,148.99,120.35,96.98,116.96,21.54,3.27,0,COMPLETE
NODE-0013,MAT-0018,2025-08-01,153.35,128.8,103.88,124.43,22.5,3.27,0,COMPLETE
NODE-0013,MAT-0018,2025-09-01,163.03,135.8,108.31,130.73,23.37,3.27,1,COMPLETE
NODE-0013,MAT-0018,2025-10-01,176.95,140.4,109.69,135.44,23.91,3.27,1,COMPLETE
NODE-0013,MAT-0018,2025-11-01,193.58,146.65,111.69,142.3,24.01,3.27,0,COMPLETE
NODE-0013,MAT-0018,2025-12-01,211.1,160.09,119.01,155.99,23.64,3.27,0,COMPLETE
NODE-0013,MAT-0018,2026-01-01,227.57,180.94,132.27,176.08,22.89,3.27,0,COMPLETE
NODE-0013,MAT-0018,2026-02-01,241.18,201.14,146.34,194.65,21.94,3.27,0,COMPLETE
NODE-0013,MAT-0018,2026-03-01,250.44,210.19,154.25,202.44,21.03,3.27,1,COMPLETE
NODE-0013,MAT-0018,2026-04-01,254.32,205.0,153.43,197.54,20.37,3.27,1,COMPLETE
NODE-0013,MAT-0018,2026-05-01,252.39,193.07,148.2,187.02,20.14,3.27,0,COMPLETE
NODE-0013,MAT-0018,2026-06-01,244.87,184.56,145.2,179.7,20.38,3.27,0,COMPLETE
NODE-0013,MAT-0018,2026-07-01,232.59,182.04,145.85,177.31,21.04,3.27,0,COMPLETE
NODE-0013,MAT-0018,2026-08-01,216.9,178.99,144.51,173.51,21.96,3.27,0,COMPLETE
NODE-0013,MAT-0018,2026-09-01,199.52,168.05,135.07,162.0,22.9,3.27,1,COMPLETE
NODE-0013,MAT-0018,2026-10-01,182.38,149.2,118.05,143.66,23.65,3.27,1,COMPLETE
NODE-0013,MAT-0018,2026-11-01,167.34,129.68,100.23,125.4,24.02,3.27,0,COMPLETE
NODE-0013,MAT-0018,2026-12-01,156.08,117.45,88.47,114.23,23.91,3.27,0,COMPLETE
NODE-0014,MAT-0014,2024-07-01,241.16,212.34,181.93,207.53,5.75,0.75,0,COMPLETE
NODE-0014,MAT-0014,2024-08-01,250.42,222.9,189.89,216.72,5.99,0.75,0,COMPLETE
NODE-0014,MAT-0014,2024-09-01,254.31,218.68,183.34,212.53,6.18,0.75,0,COMPLETE
NODE-0014,MAT-0014,2024-10-01,252.4,206.37,169.15,201.52,6.26,0.75,0,COMPLETE
NODE-0014,MAT-0014,2024-11-01,244.9,196.46,157.2,192.9,6.21,0.75,0,COMPLETE
NODE-0014,MAT-0014,2024-12-01,232.63,192.56,151.11,189.31,6.05,0.75,0,COMPLETE
NODE-0014,MAT-0014,2025-01-01,216.94,188.92,146.83,184.96,5.82,0.75,0,COMPLETE
NODE-0014,MAT-0014,2025-02-01,199.57,177.97,138.7,173.24,5.57,0.75,0,COMPLETE
NODE-0014,MAT-0014,2025-03-01,182.41,158.95,125.68,154.41,5.37,0.75,0,COMPLETE
NODE-0014,MAT-0014,2025-04-01,167.38,138.65,112.08,135.16,5.25,0.75,0,COMPLETE
NODE-0014,MAT-0014,2025-05-01,156.1,125.24,103.72,122.81,5.26,0.75,0,COMPLETE
NODE-0014,MAT-0014,2025-06-01,149.84,122.44,103.48,120.4,5.39,0.75,0,COMPLETE
NODE-0014,MAT-0014,2025-07-01,149.28,128.27,109.69,125.77,5.61,0.75,0,COMPLETE
NODE-0014,MAT-0014,2025-08-01,154.47,137.47,117.65,134.0,5.86,0.75,0,COMPLETE
NODE-0014,MAT-0014,2025-09-01,164.85,145.23,123.0,141.07,6.08,0.75,0,COMPLETE
NODE-0014,MAT-0014,2025-10-01,179.28,150.7,125.18,146.7,6.23,0.75,0,COMPLETE
NODE-0014,MAT-0014,2025-11-01,196.17,158.1,128.21,154.79,6.25,0.75,0,COMPLETE
NODE-0014,MAT-0014,2025-12-01,213.65,172.81,136.99,169.9,6.16,0.75,0,COMPLETE
NODE-0014,MAT-0014,2026-01-01,229.81,194.57,151.83,191.04,5.96,0.75,0,COMPLETE
NODE-0014,MAT-0014,2026-02-01,242.86,214.83,166.91,209.77,5.71,0.75,0,COMPLETE
NODE-0014,MAT-0014,2026-03-01,251.37,223.16,174.78,216.88,5.47,0.75,0,COMPLETE
NODE-0014,MAT-0014,2026-04-01,254.4,217.07,173.17,211.06,5.3,0.75,0,COMPLETE
NODE-0014,MAT-0014,2026-05-01,251.62,204.52,167.09,199.9,5.24,0.75,0,COMPLETE
NODE-0014,MAT-0014,2026-06-01,243.33,195.54,163.5,192.1,5.31,0.75,0,COMPLETE
NODE-0014,MAT-0014,2026-07-01,230.45,192.22,163.49,188.9,5.48,0.75,0,COMPLETE
NODE-0014,MAT-0014,2026-08-01,214.39,187.86,160.94,183.75,5.72,0.75,0,COMPLETE
NODE-0014,MAT-0014,2026-09-01,196.92,175.52,149.74,170.74,5.96,0.75,0,COMPLETE
NODE-0014,MAT-0014,2026-10-01,179.97,155.76,130.93,151.33,6.16,0.75,0,COMPLETE
NODE-0014,MAT-0014,2026-11-01,165.4,136.03,111.85,132.73,6.25,0.75,0,COMPLETE
NODE-0014,MAT-0014,2026-12-01,154.82,124.13,99.63,121.81,6.22,0.75,0,COMPLETE
NODE-0014,MAT-0019,2024-07-01,243.88,235.28,220.86,233.48,15.77,1.62,0,COMPLETE
NODE-0014,MAT-0019,2024-08-01,251.9,244.56,228.37,241.45,16.44,1.62,0,COMPLETE
NODE-0014,MAT-0019,2024-09-01,254.38,238.67,219.65,235.53,16.94,1.62,0,COMPLETE
NODE-0014,MAT-0019,2024-10-01,251.05,225.15,202.98,223.23,17.16,1.62,0,COMPLETE
NODE-0014,MAT-0019,2024-11-01,242.28,214.36,189.07,213.68,17.04,1.62,0,COMPLETE
NODE-0014,MAT-0019,2024-12-01,229.03,209.12,181.24,208.72,16.61,1.62,0,COMPLETE
NODE-0014,MAT-0019,2025-01-01,212.76,203.35,174.69,202.13,15.97,1.62,0,COMPLETE
NODE-0014,MAT-0019,2025-02-01,195.26,190.1,163.72,187.89,15.29,1.62,0,COMPLETE
NODE-0014,MAT-0019,2025-03-01,178.45,169.55,147.94,167.24,14.72,1.62,0,COMPLETE
NODE-0014,MAT-0019,2025-04-01,164.2,148.93,132.58,147.41,14.41,1.62,0,COMPLETE
NODE-0014,MAT-0019,2025-05-01,154.06,136.16,123.91,135.56,14.44,1.62,0,COMPLETE
NODE-0014,MAT-0019,2025-06-01,149.16,134.53,124.72,134.3,14.79,1.62,0,COMPLETE
NODE-0014,MAT-0019,2025-07-01,150.03,141.73,132.81,141.09,15.38,1.62,0,COMPLETE
NODE-0014,MAT-0019,2025-08-01,156.58,152.31,142.83,150.75,16.07,1.62,0,COMPLETE
NODE-0014,MAT-0019,2025-09-01,168.08,161.41,149.93,159.21,16.69,1.62,0,COMPLETE
NODE-0014,MAT-0019,2025-10-01,183.27,168.4,153.68,166.45,17.08,1.62,0,COMPLETE
NODE-0014,MAT-0019,2025-11-01,200.48,177.71,158.68,176.66,17.15,1.62,0,COMPLETE
NODE-0014,MAT-0019,2025-12-01,217.82,194.48,170.1,194.11,16.88,1.62,0,COMPLETE
NODE-0014,MAT-0019,2026-01-01,233.36,217.56,187.59,216.87,16.35,1.62,0,COMPLETE
NODE-0014,MAT-0019,2026-02-01,245.42,237.65,204.1,235.61,15.67,1.62,0,COMPLETE
NODE-0014,MAT-0019,2026-03-01,252.64,244.56,211.58,241.34,15.02,1.62,0,COMPLETE
NODE-0014,MAT-0019,2026-04-01,254.25,236.84,208.34,233.83,14.55,1.62,0,COMPLETE
NODE-0014,MAT-0019,2026-05-01,250.06,223.16,200.6,221.46,14.38,1.62,0,COMPLETE
NODE-0014,MAT-0019,2026-06-01,240.54,213.29,195.8,212.73,14.56,1.62,0,COMPLETE
NODE-0014,MAT-0019,2026-07-01,226.73,208.5,194.42,208.03,15.03,1.62,0,COMPLETE
NODE-0014,MAT-0019,2026-08-01,210.16,201.93,189.53,200.54,15.68,1.62,0,COMPLETE
NODE-0014,MAT-0019,2026-09-01,192.64,187.35,175.17,185.06,16.36,1.62,0,COMPLETE
NODE-0014,MAT-0019,2026-10-01,176.1,166.23,153.35,164.0,16.89,1.62,0,COMPLETE
NODE-0014,MAT-0019,2026-11-01,162.38,146.35,132.33,144.99,17.15,1.62,0,COMPLETE
NODE-0014,MAT-0019,2026-12-01,152.97,135.21,119.59,134.71,17.07,1.62,0,COMPLETE
NODE-0015,MAT-0015,2024-07-01,243.35,230.6,212.61,224.53,22.64,2.46,0,COMPLETE
NODE-0015,MAT-0015,2024-08-01,251.63,240.16,220.25,232.62,23.6,2.46,0,COMPLETE
NODE-0015,MAT-0015,2024-09-01,254.4,234.62,212.01,227.16,24.32,2.46,0,COMPLETE
NODE-0015,MAT-0015,2024-10-01,251.36,221.36,195.87,215.35,24.63,2.46,0,COMPLETE
NODE-0015,MAT-0015,2024-11-01,242.84,210.76,182.38,206.17,24.45,2.46,0,COMPLETE
NODE-0015,MAT-0015,2024-12-01,229.78,205.81,174.93,201.57,23.83,2.46,0,COMPLETE
NODE-0015,MAT-0015,2025-01-01,213.62,200.47,168.88,195.53,22.92,2.46,0,COMPLETE
NODE-0015,MAT-0015,2025-02-01,196.13,187.69,158.51,182.0,21.94,2.46,0,COMPLETE
NODE-0015,MAT-0015,2025-03-01,179.25,167.44,143.3,162.03,21.13,2.46,0,COMPLETE
NODE-0015,MAT-0015,2025-04-01,164.83,146.85,128.29,142.62,20.68,2.46,0,COMPLETE
NODE-0015,MAT-0015,2025-05-01,154.45,133.94,119.65,130.85,20.72,2.46,0,COMPLETE
NODE-0015,MAT-0015,2025-06-01,149.27,132.05,120.21,129.36,21.23,2.46,0,COMPLETE
NODE-0015,MAT-0015,2025-07-01,149.85,138.95,127.89,135.74,22.08,2.46,0,COMPLETE
NODE-0015,MAT-0015,2025-08-01,156.12,149.23,137.46,144.93,23.07,2.46,0,COMPLETE
NODE-0015,MAT-0015,2025-09-01,167.4,158.06,144.17,152.96,23.95,2.46,0,COMPLETE
NODE-0015,MAT-0015,2025-10-01,182.45,164.73,147.58,159.75,24.51,2.46,0,COMPLETE
NODE-0015,MAT-0015,2025-11-01,199.6,173.66,152.16,169.38,24.61,2.46,0,COMPLETE
NODE-0015,MAT-0015,2025-12-01,216.98,190.01,163.02,186.11,24.23,2.46,0,COMPLETE
NODE-0015,MAT-0015,2026-01-01,232.66,212.84,179.97,208.19,23.46,2.46,0,COMPLETE
NODE-0015,MAT-0015,2026-02-01,244.92,233.0,196.21,226.65,22.49,2.46,0,COMPLETE
NODE-0015,MAT-0015,2026-03-01,252.41,240.22,203.81,232.58,21.55,2.46,0,COMPLETE
NODE-0015,MAT-0015,2026-04-01,254.31,232.84,200.94,225.54,20.88,2.46,0,COMPLETE
NODE-0015,MAT-0015,2026-05-01,250.41,219.4,193.56,213.64,20.64,2.46,0,COMPLETE
NODE-0015,MAT-0015,2026-06-01,241.13,209.72,189.03,205.27,20.89,2.46,0,COMPLETE
NODE-0015,MAT-0015,2026-07-01,227.5,205.24,187.96,200.96,21.57,2.46,0,COMPLETE
NODE-0015,MAT-0015,2026-08-01,211.02,199.13,183.58,194.04,22.5,2.46,0,COMPLETE
NODE-0015,MAT-0015,2026-09-01,193.51,185.0,169.89,179.28,23.48,2.46,0,COMPLETE
NODE-0015,MAT-0015,2026-10-01,176.88,164.14,148.68,158.87,24.24,2.46,0,COMPLETE
NODE-0015,MAT-0015,2026-11-01,162.98,144.27,128.04,140.24,24.62,2.46,0,COMPLETE
NODE-0015,MAT-0015,2026-12-01,153.32,132.95,115.37,129.98,24.5,2.46,0,COMPLETE
NODE-0015,MAT-0020,2024-07-01,240.04,203.62,168.08,196.91,8.58,1.22,0,COMPLETE
NODE-0015,MAT-0020,2024-08-01,249.77,214.59,176.09,206.43,8.95,1.22,1,COMPLETE
NODE-0015,MAT-0020,2024-09-01,254.19,210.96,170.26,202.85,9.22,1.22,1,COMPLETE
NODE-0015,MAT-0020,2024-10-01,252.83,199.08,156.94,192.35,9.34,1.22,0,COMPLETE
NODE-0015,MAT-0020,2024-11-01,245.82,189.46,145.67,184.08,9.27,1.22,0,COMPLETE
NODE-0015,MAT-0020,2024-12-01,233.95,186.04,140.17,180.98,9.04,1.22,0,COMPLETE
NODE-0015,MAT-0020,2025-01-01,218.51,183.19,136.64,177.46,8.69,1.22,0,COMPLETE
NODE-0015,MAT-0020,2025-02-01,201.22,173.14,129.51,166.75,8.32,1.22,1,COMPLETE
NODE-0015,MAT-0020,2025-03-01,183.96,154.76,117.51,148.74,8.01,1.22,1,PARTIAL
NODE-0015,MAT-0020,2025-04-01,168.65,134.64,104.63,129.87,7.84,1.22,1,PARTIAL
NODE-0015,MAT-0020,2025-05-01,156.97,121.05,96.46,117.46,7.86,1.22,0,PARTIAL
NODE-0015,MAT-0020,2025-06-01,150.19,117.87,95.93,114.69,8.05,1.22,0,PARTIAL
NODE-0015,MAT-0020,2025-07-01,149.08,123.23,101.53,119.56,8.37,1.22,0,PARTIAL
NODE-0015,MAT-0020,2025-08-01,153.75,131.94,108.8,127.26,8.75,1.22,1,PARTIAL
NODE-0015,MAT-0020,2025-09-01,163.69,139.22,113.55,133.8,9.08,1.22,1,PARTIAL
NODE-0015,MAT-0020,2025-10-01,177.8,144.13,115.21,138.82,9.3,1.22,1,PARTIAL
NODE-0015,MAT-0020,2025-11-01,194.53,150.8,117.58,146.09,9.33,1.22,0,PARTIAL
NODE-0015,MAT-0020,2025-12-01,212.04,164.71,125.41,160.24,9.19,1.22,0,PARTIAL
NODE-0015,MAT-0020,2026-01-01,228.4,185.91,139.25,180.62,8.9,1.22,0,COMPLETE
NODE-0015,MAT-0020,2026-02-01,241.81,206.14,153.7,199.16,8.53,1.22,0,COMPLETE
NODE-0015,MAT-0020,2026-03-01,250.79,214.93,161.61,206.67,8.17,1.22,1,COMPLETE
NODE-0015,MAT-0020,2026-04-01,254.36,209.43,160.52,201.48,7.92,1.22,1,COMPLETE
NODE-0015,MAT-0020,2026-05-01,252.12,197.27,154.99,190.78,7.83,1.22,0,COMPLETE
NODE-0015,MAT-0020,2026-06-01,244.32,188.6,151.79,183.34,7.92,1.22,0,COMPLETE
NODE-0015,MAT-0020,2026-07-01,231.82,185.79,152.21,180.68,8.18,1.22,0,COMPLETE
NODE-0015,MAT-0020,2026-08-01,215.99,182.27,150.44,176.41,8.53,1.22,0,COMPLETE
NODE-0015,MAT-0020,2026-09-01,198.57,170.81,140.37,164.4,8.9,1.22,1,COMPLETE
NODE-0015,MAT-0020,2026-10-01,181.49,151.62,122.71,145.76,9.19,1.22,1,COMPLETE
NODE-0015,MAT-0020,2026-11-01,166.62,132.02,104.42,127.45,9.34,1.22,0,COMPLETE
NODE-0015,MAT-0020,2026-12-01,155.61,119.9,92.48,116.42,9.29,1.22,0,COMPLETE
NODE-0016,MAT-0013,2024-07-01,244.48,240.66,230.5,228.02,7.09,0.68,1,COMPLETE
NODE-0016,MAT-0013,2024-08-01,252.2,249.59,237.84,235.23,7.39,0.68,1,COMPLETE
NODE-0016,MAT-0013,2024-09-01,254.35,243.28,228.54,229.18,7.62,0.68,1,COMPLETE
NODE-0016,MAT-0013,2024-10-01,250.69,229.47,211.26,217.23,7.71,0.68,1,COMPLETE
NODE-0016,MAT-0013,2024-11-01,241.63,218.45,196.85,207.97,7.66,0.68,1,COMPLETE
NODE-0016,MAT-0013,2024-12-01,228.16,212.87,188.56,202.93,7.46,0.68,1,COMPLETE
NODE-0016,MAT-0013,2025-01-01,211.77,206.59,181.43,196.1,7.18,0.68,1,COMPLETE
NODE-0016,MAT-0013,2025-02-01,194.26,192.82,169.75,181.94,6.87,0.68,1,COMPLETE
NODE-0016,MAT-0013,2025-03-01,177.55,171.95,153.32,161.91,6.62,0.68,1,COMPLETE
NODE-0016,MAT-0013,2025-04-01,163.5,151.29,137.58,142.97,6.48,0.68,1,COMPLETE
NODE-0016,MAT-0013,2025-05-01,153.63,138.71,128.88,131.88,6.49,0.68,1,COMPLETE
NODE-0016,MAT-0013,2025-06-01,149.05,137.38,129.99,131.0,6.65,0.68,1,COMPLETE
NODE-0016,MAT-0013,2025-07-01,150.26,144.93,138.59,137.79,6.91,0.68,1,COMPLETE
NODE-0016,MAT-0013,2025-08-01,157.11,155.86,149.13,147.28,7.22,0.68,1,COMPLETE
NODE-0016,MAT-0013,2025-09-01,168.87,165.29,156.69,155.63,7.5,0.68,1,COMPLETE
NODE-0016,MAT-0013,2025-10-01,184.22,172.64,160.84,162.9,7.68,0.68,1,COMPLETE
NODE-0016,MAT-0013,2025-11-01,201.49,182.4,166.35,173.14,7.71,0.68,1,COMPLETE
NODE-0016,MAT-0013,2025-12-01,218.77,199.63,178.42,190.31,7.59,0.68,1,COMPLETE
NODE-0016,MAT-0013,2026-01-01,234.17,222.98,196.52,212.28,7.35,0.68,1,COMPLETE
NODE-0016,MAT-0013,2026-02-01,245.97,242.99,213.33,230.02,7.04,0.68,1,COMPLETE
NODE-0016,MAT-0013,2026-03-01,252.89,249.53,220.64,235.06,6.75,0.68,1,COMPLETE
NODE-0016,MAT-0013,2026-04-01,254.17,241.4,216.97,227.52,6.54,0.68,1,COMPLETE
NODE-0016,MAT-0013,2026-05-01,249.66,227.44,208.79,215.52,6.46,0.68,1,COMPLETE
NODE-0016,MAT-0013,2026-06-01,239.85,217.34,203.67,207.03,6.54,0.68,1,COMPLETE
NODE-0016,MAT-0013,2026-07-01,225.84,212.18,201.91,202.2,6.75,0.68,1,COMPLETE
NODE-0016,MAT-0013,2026-08-01,209.16,205.09,196.42,194.49,7.05,0.68,1,COMPLETE
NODE-0016,MAT-0013,2026-09-01,191.64,190.01,181.29,179.17,7.35,0.68,1,COMPLETE
NODE-0016,MAT-0013,2026-10-01,175.23,168.61,158.76,158.79,7.59,0.68,1,COMPLETE
NODE-0016,MAT-0013,2026-11-01,161.71,148.73,137.32,140.68,7.71,0.68,1,COMPLETE
NODE-0016,MAT-0013,2026-12-01,152.59,137.79,124.51,131.11,7.67,0.68,1,COMPLETE
NODE-0016,MAT-0016,2024-07-01,240.86,209.96,178.09,203.59,20.94,2.8,0,COMPLETE
NODE-0016,MAT-0016,2024-08-01,250.25,220.63,186.07,212.83,21.82,2.8,1,COMPLETE
NODE-0016,MAT-0016,2024-09-01,254.29,216.57,179.73,208.82,22.49,2.8,1,COMPLETE
NODE-0016,MAT-0016,2024-10-01,252.52,204.39,165.77,198.02,22.78,2.8,0,COMPLETE
NODE-0016,MAT-0016,2024-11-01,245.15,194.56,154.01,189.54,22.62,2.8,0,COMPLETE
NODE-0016,MAT-0016,2024-12-01,232.99,190.79,148.09,186.1,22.04,2.8,0,COMPLETE
NODE-0016,MAT-0016,2025-01-01,217.37,187.37,144.02,182.0,21.2,2.8,0,COMPLETE
NODE-0016,MAT-0016,2025-02-01,200.02,176.66,136.17,170.61,20.29,2.8,0,COMPLETE
NODE-0016,MAT-0016,2025-03-01,182.84,157.82,123.43,152.09,19.54,2.8,1,COMPLETE
NODE-0016,MAT-0016,2025-04-01,167.72,137.56,110.02,133.05,19.13,2.8,0,COMPLETE
NODE-0016,MAT-0016,2025-05-01,156.33,124.1,101.71,120.74,19.16,2.8,0,COMPLETE
NODE-0016,MAT-0016,2025-06-01,149.93,121.19,101.39,118.24,19.63,2.8,0,COMPLETE
NODE-0016,MAT-0016,2025-07-01,149.22,126.88,107.43,123.45,20.42,2.8,0,COMPLETE
NODE-0016,MAT-0016,2025-08-01,154.27,135.95,115.19,131.49,21.33,2.8,0,COMPLETE
NODE-0016,MAT-0016,2025-09-01,164.53,143.58,120.38,138.37,22.15,2.8,1,COMPLETE
NODE-0016,MAT-0016,2025-10-01,178.87,148.9,122.41,143.8,22.67,2.8,0,COMPLETE
NODE-0016,MAT-0016,2025-11-01,195.72,156.1,125.26,151.63,22.76,2.8,0,COMPLETE
NODE-0016,MAT-0016,2025-12-01,213.21,170.59,133.77,166.4,22.41,2.8,0,COMPLETE
NODE-0016,MAT-0016,2026-01-01,229.43,192.2,148.34,187.24,21.7,2.8,0,COMPLETE
NODE-0016,MAT-0016,2026-02-01,242.58,212.46,163.24,205.82,20.8,2.8,0,COMPLETE
NODE-0016,MAT-0016,2026-03-01,251.22,220.91,171.14,213.01,19.93,2.8,1,COMPLETE
NODE-0016,MAT-0016,2026-04-01,254.39,214.99,169.68,207.39,19.31,2.8,1,COMPLETE
NODE-0016,MAT-0016,2026-05-01,251.76,202.55,163.74,196.42,19.09,2.8,0,COMPLETE
NODE-0016,MAT-0016,2026-06-01,243.6,193.65,160.26,188.77,19.32,2.8,0,COMPLETE
NODE-0016,MAT-0016,2026-07-01,230.82,190.47,160.38,185.73,19.94,2.8,0,COMPLETE
NODE-0016,MAT-0016,2026-08-01,214.83,186.35,158.05,180.84,20.81,2.8,0,COMPLETE
NODE-0016,MAT-0016,2026-09-01,197.37,174.25,147.16,168.17,21.71,2.8,0,COMPLETE
NODE-0016,MAT-0016,2026-10-01,180.39,154.64,128.66,149.06,22.42,2.8,1,COMPLETE
NODE-0016,MAT-0016,2026-11-01,165.73,134.94,109.8,130.63,22.77,2.8,0,COMPLETE
NODE-0016,MAT-0016,2026-12-01,155.03,122.98,97.65,119.74,22.66,2.8,0,COMPLETE
NODE-0017,MAT-0014,2024-07-01,244.0,236.34,222.75,226.3,20.77,2.11,1,COMPLETE
NODE-0017,MAT-0014,2024-08-01,251.96,245.55,230.22,233.88,21.65,2.11,1,COMPLETE
NODE-0017,MAT-0014,2024-09-01,254.38,239.58,221.39,228.09,22.31,2.11,1,COMPLETE
NODE-0017,MAT-0014,2024-10-01,250.98,226.0,204.6,216.21,22.59,2.11,1,COMPLETE
NODE-0017,MAT-0014,2024-11-01,242.15,215.17,190.6,207.0,22.43,2.11,1,COMPLETE
NODE-0017,MAT-0014,2024-12-01,228.86,209.86,182.67,202.15,21.86,2.11,1,COMPLETE
NODE-0017,MAT-0014,2025-01-01,212.56,203.99,176.02,195.66,21.03,2.11,1,COMPLETE
NODE-0017,MAT-0014,2025-02-01,195.06,190.64,164.9,181.78,20.12,2.11,1,COMPLETE
NODE-0017,MAT-0014,2025-03-01,178.28,170.03,149.0,161.79,19.38,2.11,1,COMPLETE
NODE-0017,MAT-0014,2025-04-01,164.06,149.39,133.56,142.67,18.98,2.11,1,COMPLETE
NODE-0017,MAT-0014,2025-05-01,153.98,136.66,124.89,131.3,19.01,2.11,1,COMPLETE
NODE-0017,MAT-0014,2025-06-01,149.14,135.09,125.74,130.16,19.47,2.11,1,COMPLETE
NODE-0017,MAT-0014,2025-07-01,150.07,142.36,133.94,136.76,20.25,2.11,1,COMPLETE
NODE-0017,MAT-0014,2025-08-01,156.68,153.0,144.06,146.11,21.16,2.11,1,COMPLETE
NODE-0017,MAT-0014,2025-09-01,168.23,162.17,151.25,154.32,21.97,2.11,1,COMPLETE
NODE-0017,MAT-0014,2025-10-01,183.46,169.23,155.07,161.38,22.49,2.11,1,COMPLETE
NODE-0017,MAT-0014,2025-11-01,200.68,178.63,160.17,171.35,22.58,2.11,1,COMPLETE
NODE-0017,MAT-0014,2025-12-01,218.01,195.5,171.72,188.31,22.23,2.11,1,COMPLETE
NODE-0017,MAT-0014,2026-01-01,233.52,218.62,189.33,210.32,21.52,2.11,1,COMPLETE
NODE-0017,MAT-0014,2026-02-01,245.53,238.71,205.9,228.35,20.63,2.11,1,COMPLETE
NODE-0017,MAT-0014,2026-03-01,252.69,245.54,213.35,233.76,19.77,2.11,1,COMPLETE
NODE-0017,MAT-0014,2026-04-01,254.24,237.74,210.03,226.44,19.15,2.11,1,COMPLETE
NODE-0017,MAT-0014,2026-05-01,249.99,224.01,202.2,214.5,18.93,2.11,1,COMPLETE
NODE-0017,MAT-0014,2026-06-01,240.41,214.09,197.35,206.08,19.16,2.11,1,COMPLETE
NODE-0017,MAT-0014,2026-07-01,226.56,209.23,195.88,201.47,19.78,2.11,1,COMPLETE
NODE-0017,MAT-0014,2026-08-01,209.96,202.56,190.88,194.11,20.65,2.11,1,COMPLETE
NODE-0017,MAT-0014,2026-09-01,192.44,187.88,176.37,179.03,21.54,2.11,1,COMPLETE
NODE-0017,MAT-0014,2026-10-01,175.93,166.7,154.41,158.66,22.24,2.11,1,COMPLETE
NODE-0017,MAT-0014,2026-11-01,162.25,146.82,133.31,140.35,22.58,2.11,1,COMPLETE
NODE-0017,MAT-0014,2026-12-01,152.9,135.72,120.55,130.49,22.48,2.11,1,COMPLETE
NODE-0017,MAT-0017,2024-07-01,244.57,241.43,231.91,237.86,13.63,1.3,0,COMPLETE
NODE-0017,MAT-0017,2024-08-01,252.24,250.32,239.22,245.35,14.2,1.3,0,COMPLETE
NODE-0017,MAT-0017,2024-09-01,254.34,243.94,229.84,239.0,14.64,1.3,0,COMPLETE
NODE-0017,MAT-0017,2024-10-01,250.64,230.09,212.46,226.49,14.83,1.3,0,COMPLETE
NODE-0017,MAT-0017,2024-11-01,241.53,219.03,197.99,216.79,14.72,1.3,0,COMPLETE
NODE-0017,MAT-0017,2024-12-01,228.03,213.41,189.62,211.48,14.35,1.3,0,COMPLETE
NODE-0017,MAT-0017,2025-01-01,211.62,207.06,182.41,204.34,13.8,1.3,0,COMPLETE
NODE-0017,MAT-0017,2025-02-01,194.11,193.21,170.63,189.59,13.2,1.3,0,COMPLETE
NODE-0017,MAT-0017,2025-03-01,177.42,172.3,154.11,168.73,12.72,1.3,0,COMPLETE
NODE-0017,MAT-0017,2025-04-01,163.39,151.63,138.31,149.01,12.45,1.3,0,COMPLETE
NODE-0017,MAT-0017,2025-05-01,153.57,139.08,129.61,137.47,12.47,1.3,0,COMPLETE
NODE-0017,MAT-0017,2025-06-01,149.04,137.8,130.76,136.59,12.78,1.3,0,COMPLETE
NODE-0017,MAT-0017,2025-07-01,150.29,145.4,139.43,143.71,13.29,1.3,0,COMPLETE
NODE-0017,MAT-0017,2025-08-01,157.19,156.37,150.06,153.66,13.89,1.3,0,COMPLETE
NODE-0017,MAT-0017,2025-09-01,168.98,165.85,157.68,162.41,14.42,1.3,0,COMPLETE
NODE-0017,MAT-0017,2025-10-01,184.36,173.25,161.9,170.01,14.75,1.3,0,COMPLETE
NODE-0017,MAT-0017,2025-11-01,201.64,183.08,167.47,180.69,14.82,1.3,0,COMPLETE
NODE-0017,MAT-0017,2025-12-01,218.91,200.38,179.64,198.57,14.59,1.3,0,COMPLETE
NODE-0017,MAT-0017,2026-01-01,234.28,223.76,197.84,221.46,14.12,1.3,0,COMPLETE
NODE-0017,MAT-0017,2026-02-01,246.05,243.76,214.68,239.93,13.54,1.3,0,COMPLETE
NODE-0017,MAT-0017,2026-03-01,252.93,250.24,221.97,245.17,12.97,1.3,0,COMPLETE
NODE-0017,MAT-0017,2026-04-01,254.15,242.06,218.23,237.26,12.57,1.3,0,COMPLETE
NODE-0017,MAT-0017,2026-05-01,249.6,228.06,209.99,224.7,12.42,1.3,0,COMPLETE
NODE-0017,MAT-0017,2026-06-01,239.75,217.92,204.82,215.8,12.57,1.3,0,COMPLETE
NODE-0017,MAT-0017,2026-07-01,225.71,212.71,203.0,210.72,12.98,1.3,0,COMPLETE
NODE-0017,MAT-0017,2026-08-01,209.01,205.55,197.42,202.67,13.55,1.3,0,COMPLETE
NODE-0017,MAT-0017,2026-09-01,191.5,190.39,182.18,186.7,14.13,1.3,0,COMPLETE
NODE-0017,MAT-0017,2026-10-01,175.1,168.95,159.55,165.48,14.59,1.3,0,COMPLETE
NODE-0017,MAT-0017,2026-11-01,161.62,149.08,138.05,146.63,14.82,1.3,0,COMPLETE
NODE-0017,MAT-0017,2026-12-01,152.53,138.17,125.23,136.67,14.75,1.3,0,COMPLETE
NODE-0018,MAT-0015,2024-07-01,238.91,195.05,154.99,186.77,11.21,1.71,1,COMPLETE
NODE-0018,MAT-0015,2024-08-01,249.08,206.38,162.99,196.58,11.69,1.71,1,COMPLETE
NODE-0018,MAT-0015,2024-09-01,254.02,203.31,157.81,193.57,12.05,1.71,1,COMPLETE
NODE-0018,MAT-0015,2024-10-01,253.2,191.83,145.3,183.53,12.2,1.71,1,COMPLETE
NODE-0018,MAT-0015,2024-11-01,246.69,182.49,134.67,175.57,12.11,1.71,1,COMPLETE
NODE-0018,MAT-0015,2024-12-01,235.22,179.5,129.7,172.91,11.81,1.71,1,COMPLETE
NODE-0018,MAT-0015,2025-01-01,220.05,177.42,126.86,170.18,11.35,1.71,1,COMPLETE
NODE-0018,MAT-0015,2025-02-01,202.85,168.26,120.67,160.46,10.87,1.71,1,COMPLETE
NODE-0018,MAT-0015,2025-03-01,185.51,150.54,109.66,143.26,10.46,1.71,1,COMPLETE
NODE-0018,MAT-0015,2025-04-01,169.94,130.65,97.49,124.78,10.25,1.71,1,COMPLETE
NODE-0018,MAT-0015,2025-05-01,157.86,116.91,89.55,112.33,10.26,1.71,1,COMPLETE
NODE-0018,MAT-0015,2025-06-01,150.59,113.38,88.77,109.25,10.52,1.71,1,COMPLETE
NODE-0018,MAT-0015,2025-07-01,148.94,118.31,93.82,113.67,10.94,1.71,1,COMPLETE
NODE-0018,MAT-0015,2025-08-01,153.08,126.58,100.46,120.88,11.43,1.71,1,COMPLETE
NODE-0018,MAT-0015,2025-09-01,162.57,133.39,104.68,126.93,11.86,1.71,1,COMPLETE
NODE-0018,MAT-0015,2025-10-01,176.35,137.76,105.87,131.38,12.14,1.71,1,COMPLETE
NODE-0018,MAT-0015,2025-11-01,192.92,143.72,107.62,137.87,12.19,1.71,1,COMPLETE
NODE-0018,MAT-0015,2025-12-01,210.43,156.83,114.57,151.07,12.0,1.71,1,COMPLETE
NODE-0018,MAT-0015,2026-01-01,226.98,177.43,127.43,170.7,11.62,1.71,1,COMPLETE
NODE-0018,MAT-0015,2026-02-01,240.73,197.6,141.23,189.03,11.14,1.71,1,COMPLETE
NODE-0018,MAT-0015,2026-03-01,250.18,206.81,149.12,196.9,10.67,1.71,1,COMPLETE
NODE-0018,MAT-0015,2026-04-01,254.27,201.85,148.48,192.27,10.34,1.71,1,COMPLETE
NODE-0018,MAT-0015,2026-05-01,252.57,190.07,143.46,182.01,10.22,1.71,1,COMPLETE
NODE-0018,MAT-0015,2026-06-01,245.26,181.67,140.6,174.88,10.35,1.71,1,COMPLETE
NODE-0018,MAT-0015,2026-07-01,233.14,179.35,141.39,172.71,10.68,1.71,1,COMPLETE
NODE-0018,MAT-0015,2026-08-01,217.55,176.63,140.34,169.27,11.15,1.71,1,COMPLETE
NODE-0018,MAT-0015,2026-09-01,200.2,166.06,131.34,158.25,11.63,1.71,1,COMPLETE
NODE-0018,MAT-0015,2026-10-01,183.01,147.46,114.79,140.36,12.01,1.71,1,COMPLETE
NODE-0018,MAT-0015,2026-11-01,167.86,128.02,97.3,122.38,12.19,1.71,1,COMPLETE
NODE-0018,MAT-0015,2026-12-01,156.43,115.71,85.67,111.26,12.14,1.71,1,COMPLETE
NODE-0018,MAT-0018,2024-07-01,238.77,194.02,153.45,184.53,22.02,3.38,1,COMPLETE
NODE-0018,MAT-0018,2024-08-01,248.99,205.4,161.45,194.32,22.95,3.38,1,COMPLETE
NODE-0018,MAT-0018,2024-09-01,254.0,202.39,156.35,191.38,23.66,3.38,1,COMPLETE
NODE-0018,MAT-0018,2024-10-01,253.24,190.96,143.93,181.46,23.96,3.38,1,COMPLETE
NODE-0018,MAT-0018,2024-11-01,246.79,181.64,133.38,173.59,23.79,3.38,1,COMPLETE
NODE-0018,MAT-0018,2024-12-01,235.37,178.71,128.47,170.99,23.19,3.38,1,COMPLETE
NODE-0018,MAT-0018,2025-01-01,220.23,176.71,125.7,168.37,22.3,3.38,1,COMPLETE
NODE-0018,MAT-0018,2025-02-01,203.04,167.67,119.63,158.81,21.34,3.38,1,COMPLETE
NODE-0018,MAT-0018,2025-03-01,185.69,150.03,108.74,141.8,20.55,3.38,1,COMPLETE
NODE-0018,MAT-0018,2025-04-01,170.1,130.16,96.64,123.47,20.12,3.38,1,COMPLETE
NODE-0018,MAT-0018,2025-05-01,157.97,116.41,88.74,111.1,20.16,3.38,1,COMPLETE
NODE-0018,MAT-0018,2025-06-01,150.64,112.84,87.93,108.0,20.65,3.38,1,COMPLETE
NODE-0018,MAT-0018,2025-07-01,148.92,117.72,92.92,112.35,21.48,3.38,1,COMPLETE
NODE-0018,MAT-0018,2025-08-01,153.01,125.94,99.49,119.46,22.44,3.38,1,COMPLETE
NODE-0018,MAT-0018,2025-09-01,162.44,132.7,103.65,125.42,23.3,3.38,1,COMPLETE
NODE-0018,MAT-0018,2025-10-01,176.18,137.0,104.78,129.77,23.85,3.38,1,COMPLETE
NODE-0018,MAT-0018,2025-11-01,192.72,142.88,106.46,136.14,23.95,3.38,1,COMPLETE
NODE-0018,MAT-0018,2025-12-01,210.24,155.89,113.3,149.16,23.57,3.38,1,COMPLETE
NODE-0018,MAT-0018,2026-01-01,226.81,176.42,126.04,168.58,22.82,3.38,1,COMPLETE
NODE-0018,MAT-0018,2026-02-01,240.6,196.58,139.77,186.79,21.88,3.38,1,COMPLETE
NODE-0018,MAT-0018,2026-03-01,250.1,205.84,147.66,194.64,20.97,3.38,1,COMPLETE
NODE-0018,MAT-0018,2026-04-01,254.26,200.94,147.07,190.11,20.31,3.38,1,COMPLETE
NODE-0018,MAT-0018,2026-05-01,252.62,189.2,142.11,179.96,20.08,3.38,1,COMPLETE
NODE-0018,MAT-0018,2026-06-01,245.37,180.83,139.29,172.91,20.32,3.38,1,COMPLETE
NODE-0018,MAT-0018,2026-07-01,233.3,178.57,140.11,170.8,20.98,3.38,1,COMPLETE
NODE-0018,MAT-0018,2026-08-01,217.73,175.95,139.14,167.48,21.89,3.38,1,COMPLETE
NODE-0018,MAT-0018,2026-09-01,200.4,165.48,130.27,156.63,22.84,3.38,1,COMPLETE
NODE-0018,MAT-0018,2026-10-01,183.19,146.96,113.85,138.93,23.59,3.38,1,COMPLETE
NODE-0018,MAT-0018,2026-11-01,168.01,127.53,96.47,121.09,23.95,3.38,1,COMPLETE
NODE-0018,MAT-0018,2026-12-01,156.53,115.21,84.88,110.03,23.84,3.38,1,COMPLETE
NODE-0019,MAT-0016,2024-07-01,243.55,232.35,215.68,224.01,8.56,0.91,1,COMPLETE
NODE-0019,MAT-0016,2024-08-01,251.73,241.81,223.28,231.91,8.92,0.91,1,COMPLETE
NODE-0019,MAT-0016,2024-09-01,254.39,236.14,214.85,226.37,9.19,0.91,1,COMPLETE
NODE-0019,MAT-0016,2024-10-01,251.24,222.78,198.52,214.6,9.31,0.91,1,COMPLETE
NODE-0019,MAT-0016,2024-11-01,242.63,212.11,184.88,205.46,9.24,0.91,0,COMPLETE
NODE-0019,MAT-0016,2024-12-01,229.5,207.05,177.28,200.81,9.01,0.91,0,COMPLETE
NODE-0019,MAT-0016,2025-01-01,213.29,201.55,171.05,194.66,8.66,0.91,0,COMPLETE
NODE-0019,MAT-0016,2025-02-01,195.8,188.59,160.45,181.08,8.29,0.91,1,COMPLETE
NODE-0019,MAT-0016,2025-03-01,178.95,168.23,145.03,161.19,7.98,0.91,1,COMPLETE
NODE-0019,MAT-0016,2025-04-01,164.59,147.63,129.89,141.97,7.82,0.91,1,COMPLETE
NODE-0019,MAT-0016,2025-05-01,154.31,134.77,121.24,130.37,7.83,0.91,0,COMPLETE
NODE-0019,MAT-0016,2025-06-01,149.23,132.98,121.89,129.0,8.02,0.91,0,COMPLETE
NODE-0019,MAT-0016,2025-07-01,149.91,139.99,129.72,135.41,8.35,0.91,0,COMPLETE
NODE-0019,MAT-0016,2025-08-01,156.29,150.38,139.45,144.6,8.72,0.91,1,COMPLETE
NODE-0019,MAT-0016,2025-09-01,167.66,159.31,146.31,152.64,9.05,0.91,1,COMPLETE
NODE-0019,MAT-0016,2025-10-01,182.76,166.1,149.84,159.49,9.26,0.91,1,COMPLETE
NODE-0019,MAT-0016,2025-11-01,199.93,175.17,154.58,169.19,9.3,0.91,0,COMPLETE
NODE-0019,MAT-0016,2025-12-01,217.29,191.68,165.65,185.91,9.16,0.91,0,COMPLETE
NODE-0019,MAT-0016,2026-01-01,232.92,214.6,182.8,207.87,8.87,0.91,0,COMPLETE
NODE-0019,MAT-0016,2026-02-01,245.11,234.74,199.15,226.1,8.5,0.91,1,COMPLETE
NODE-0019,MAT-0016,2026-03-01,252.5,241.84,206.7,231.84,8.15,0.91,1,COMPLETE
NODE-0019,MAT-0016,2026-04-01,254.29,234.34,203.7,224.75,7.89,0.91,1,COMPLETE
NODE-0019,MAT-0016,2026-05-01,250.28,220.81,196.18,212.9,7.8,0.91,1,COMPLETE
NODE-0019,MAT-0016,2026-06-01,240.91,211.06,191.56,204.56,7.9,0.91,0,COMPLETE
NODE-0019,MAT-0016,2026-07-01,227.22,206.47,190.36,200.18,8.15,0.91,0,COMPLETE
NODE-0019,MAT-0016,2026-08-01,210.7,200.18,185.8,193.16,8.51,0.91,1,COMPLETE
NODE-0019,MAT-0016,2026-09-01,193.18,185.88,171.86,178.36,8.87,0.91,1,COMPLETE
NODE-0019,MAT-0016,2026-10-01,176.59,164.92,150.42,158.06,9.16,0.91,1,COMPLETE
NODE-0019,MAT-0016,2026-11-01,162.75,145.05,129.64,139.61,9.3,0.91,1,COMPLETE
NODE-0019,MAT-0016,2026-12-01,153.19,133.79,116.94,129.52,9.26,0.91,0,COMPLETE
NODE-0019,MAT-0019,2024-07-01,243.45,231.48,214.15,221.99,16.26,1.75,1,COMPLETE
NODE-0019,MAT-0019,2024-08-01,251.68,240.99,221.77,229.89,16.94,1.75,1,COMPLETE
NODE-0019,MAT-0019,2024-09-01,254.4,235.38,213.43,224.45,17.46,1.75,1,COMPLETE
NODE-0019,MAT-0019,2024-10-01,251.3,222.07,197.2,212.78,17.69,1.75,1,COMPLETE
NODE-0019,MAT-0019,2024-11-01,242.73,211.44,183.63,203.73,17.56,1.75,1,COMPLETE
NODE-0019,MAT-0019,2024-12-01,229.64,206.43,176.11,199.16,17.11,1.75,1,COMPLETE
NODE-0019,MAT-0019,2025-01-01,213.45,201.02,169.97,193.11,16.46,1.75,1,COMPLETE
NODE-0019,MAT-0019,2025-02-01,195.97,188.14,159.48,179.69,15.75,1.75,1,COMPLETE
NODE-0019,MAT-0019,2025-03-01,179.1,167.83,144.17,159.96,15.17,1.75,1,COMPLETE
NODE-0019,MAT-0019,2025-04-01,164.71,147.24,129.09,140.84,14.85,1.75,1,COMPLETE
NODE-0019,MAT-0019,2025-05-01,154.38,134.36,120.45,129.29,14.88,1.75,1,COMPLETE
NODE-0019,MAT-0019,2025-06-01,149.25,132.51,121.05,127.88,15.24,1.75,0,COMPLETE
NODE-0019,MAT-0019,2025-07-01,149.88,139.47,128.81,134.2,15.86,1.75,1,COMPLETE
NODE-0019,MAT-0019,2025-08-01,156.21,149.81,138.45,143.29,16.56,1.75,1,COMPLETE
NODE-0019,MAT-0019,2025-09-01,167.53,158.68,145.24,151.23,17.2,1.75,1,COMPLETE
NODE-0019,MAT-0019,2025-10-01,182.6,165.42,148.71,157.99,17.6,1.75,1,COMPLETE
NODE-0019,MAT-0019,2025-11-01,199.77,174.41,153.37,167.56,17.68,1.75,1,COMPLETE
NODE-0019,MAT-0019,2025-12-01,217.13,190.85,164.33,184.13,17.4,1.75,1,COMPLETE
NODE-0019,MAT-0019,2026-01-01,232.79,213.72,181.39,205.92,16.85,1.75,1,COMPLETE
NODE-0019,MAT-0019,2026-02-01,245.01,233.87,197.68,224.07,16.15,1.75,1,COMPLETE
NODE-0019,MAT-0019,2026-03-01,252.46,241.03,205.26,229.83,15.48,1.75,1,COMPLETE
NODE-0019,MAT-0019,2026-04-01,254.3,233.59,202.32,222.84,14.99,1.75,1,COMPLETE
NODE-0019,MAT-0019,2026-05-01,250.34,220.11,194.87,211.1,14.82,1.75,1,COMPLETE
NODE-0019,MAT-0019,2026-06-01,241.02,210.39,190.3,202.84,15.0,1.75,1,COMPLETE
NODE-0019,MAT-0019,2026-07-01,227.36,205.86,189.16,198.54,15.49,1.75,1,COMPLETE
NODE-0019,MAT-0019,2026-08-01,210.86,199.66,184.69,191.63,16.16,1.75,1,COMPLETE
NODE-0019,MAT-0019,2026-09-01,193.34,185.44,170.87,176.99,16.86,1.75,1,COMPLETE
NODE-0019,MAT-0019,2026-10-01,176.73,164.53,149.55,156.84,17.41,1.75,1,COMPLETE
NODE-0019,MAT-0019,2026-11-01,162.86,144.66,128.84,138.5,17.68,1.75,1,COMPLETE
NODE-0019,MAT-0019,2026-12-01,153.26,133.37,116.16,128.43,17.6,1.75,1,COMPLETE
NODE-0020,MAT-0017,2024-07-01,241.39,214.2,184.96,209.77,11.37,1.46,0,COMPLETE
NODE-0020,MAT-0017,2024-08-01,250.55,224.67,192.89,218.89,11.85,1.46,0,COMPLETE
NODE-0020,MAT-0017,2024-09-01,254.33,220.32,186.18,214.56,12.22,1.46,0,COMPLETE
NODE-0020,MAT-0017,2024-10-01,252.3,207.92,171.8,203.44,12.37,1.46,0,COMPLETE
NODE-0020,MAT-0017,2024-11-01,244.7,197.94,159.7,194.74,12.29,1.46,0,COMPLETE
NODE-0020,MAT-0017,2024-12-01,232.34,193.94,153.49,191.05,11.97,1.46,0,COMPLETE
NODE-0020,MAT-0017,2025-01-01,216.6,190.13,149.03,186.51,11.51,1.46,0,COMPLETE
NODE-0020,MAT-0017,2025-02-01,199.21,178.99,140.68,174.58,11.02,1.46,0,COMPLETE
NODE-0020,MAT-0017,2025-03-01,182.09,159.84,127.44,155.58,10.61,1.46,0,PARTIAL
NODE-0020,MAT-0017,2025-04-01,167.11,139.5,113.69,136.27,10.39,1.46,0,PARTIAL
NODE-0020,MAT-0017,2025-05-01,155.93,126.13,105.3,123.94,10.41,1.46,0,PARTIAL
NODE-0020,MAT-0017,2025-06-01,149.77,123.42,105.13,121.61,10.67,1.46,0,PARTIAL
NODE-0020,MAT-0017,2025-07-01,149.32,129.35,111.48,127.09,11.09,1.46,0,PARTIAL
NODE-0020,MAT-0017,2025-08-01,154.63,138.65,119.59,135.44,11.59,1.46,0,PARTIAL
NODE-0020,MAT-0017,2025-09-01,165.11,146.52,125.07,142.62,12.03,1.46,0,PARTIAL
NODE-0020,MAT-0017,2025-10-01,179.6,152.11,127.37,148.37,12.31,1.46,0,PARTIAL
NODE-0020,MAT-0017,2025-11-01,196.52,159.67,130.55,156.64,12.37,1.46,0,PARTIAL
NODE-0020,MAT-0017,2025-12-01,213.99,174.55,139.54,171.95,12.17,1.46,0,PARTIAL
NODE-0020,MAT-0017,2026-01-01,230.1,196.43,154.59,193.25,11.79,1.46,0,COMPLETE
NODE-0020,MAT-0017,2026-02-01,243.08,216.69,169.79,212.01,11.3,1.46,0,COMPLETE
NODE-0020,MAT-0017,2026-03-01,251.48,224.91,177.65,219.02,10.83,1.46,0,COMPLETE
NODE-0020,MAT-0017,2026-04-01,254.4,218.69,175.93,213.07,10.49,1.46,0,COMPLETE
NODE-0020,MAT-0017,2026-05-01,251.5,206.05,169.72,201.81,10.37,1.46,0,COMPLETE
NODE-0020,MAT-0017,2026-06-01,243.11,197.01,166.04,193.94,10.49,1.46,0,COMPLETE
NODE-0020,MAT-0017,2026-07-01,230.15,193.57,165.93,190.62,10.83,1.46,0,COMPLETE
NODE-0020,MAT-0017,2026-08-01,214.05,189.04,163.21,185.28,11.31,1.46,0,COMPLETE
NODE-0020,MAT-0017,2026-09-01,196.57,176.51,151.76,172.06,11.79,1.46,0,COMPLETE
NODE-0020,MAT-0017,2026-10-01,179.65,156.63,132.71,152.49,12.18,1.46,0,COMPLETE
NODE-0020,MAT-0017,2026-11-01,165.15,136.88,113.46,133.83,12.37,1.46,0,COMPLETE
NODE-0020,MAT-0017,2026-12-01,154.66,125.03,101.19,122.95,12.31,1.46,0,COMPLETE
NODE-0020,MAT-0020,2024-07-01,243.82,234.76,219.92,232.7,18.31,1.9,0,COMPLETE
NODE-0020,MAT-0020,2024-08-01,251.87,244.06,227.45,240.69,19.08,1.9,0,COMPLETE
NODE-0020,MAT-0020,2024-09-01,254.39,238.21,218.78,234.82,19.66,1.9,0,COMPLETE
NODE-0020,MAT-0020,2024-10-01,251.09,224.73,202.17,222.56,19.92,1.9,0,COMPLETE
NODE-0020,MAT-0020,2024-11-01,242.34,213.95,188.32,213.05,19.77,1.9,0,COMPLETE
NODE-0020,MAT-0020,2024-12-01,229.11,208.75,180.52,208.12,19.27,1.9,0,COMPLETE
NODE-0020,MAT-0020,2025-01-01,212.85,203.02,174.04,201.58,18.53,1.9,0,COMPLETE
NODE-0020,MAT-0020,2025-02-01,195.35,189.83,163.13,187.41,17.74,1.9,0,COMPLETE
NODE-0020,MAT-0020,2025-03-01,178.54,169.32,147.42,166.83,17.08,1.9,0,COMPLETE
NODE-0020,MAT-0020,2025-04-01,164.27,148.69,132.1,147.02,16.73,1.9,0,COMPLETE
NODE-0020,MAT-0020,2025-05-01,154.11,135.91,123.43,135.16,16.76,1.9,0,COMPLETE
NODE-0020,MAT-0020,2025-06-01,149.17,134.25,124.2,133.88,17.17,1.9,0,COMPLETE
NODE-0020,MAT-0020,2025-07-01,150.01,141.41,132.25,140.63,17.85,1.9,0,COMPLETE
NODE-0020,MAT-0020,2025-08-01,156.53,151.96,142.22,150.24,18.65,1.9,0,COMPLETE
NODE-0020,MAT-0020,2025-09-01,168.0,161.03,149.27,158.66,19.37,1.9,0,COMPLETE
NODE-0020,MAT-0020,2025-10-01,183.18,167.98,152.98,165.86,19.82,1.9,0,COMPLETE
NODE-0020,MAT-0020,2025-11-01,200.38,177.26,157.93,176.01,19.9,1.9,0,COMPLETE
NODE-0020,MAT-0020,2025-12-01,217.72,193.98,169.29,193.4,19.6,1.9,0,COMPLETE
NODE-0020,MAT-0020,2026-01-01,233.29,217.02,186.72,216.1,18.97,1.9,0,COMPLETE
NODE-0020,MAT-0020,2026-02-01,245.36,237.13,203.2,234.84,18.18,1.9,0,COMPLETE
NODE-0020,MAT-0020,2026-03-01,252.62,244.07,210.7,240.6,17.43,1.9,0,COMPLETE
NODE-0020,MAT-0020,2026-04-01,254.26,236.39,207.5,233.13,16.88,1.9,0,COMPLETE
NODE-0020,MAT-0020,2026-05-01,250.1,222.74,199.8,220.8,16.69,1.9,0,COMPLETE
NODE-0020,MAT-0020,2026-06-01,240.61,212.89,195.04,212.1,16.89,1.9,0,COMPLETE
NODE-0020,MAT-0020,2026-07-01,226.82,208.13,193.68,207.44,17.44,1.9,0,COMPLETE
NODE-0020,MAT-0020,2026-08-01,210.25,201.61,188.86,200.01,18.2,1.9,0,COMPLETE
NODE-0020,MAT-0020,2026-09-01,192.73,187.09,174.58,184.59,18.98,1.9,0,COMPLETE
NODE-0020,MAT-0020,2026-10-01,176.19,166.0,152.82,163.59,19.6,1.9,0,COMPLETE
NODE-0020,MAT-0020,2026-11-01,162.45,146.12,131.84,144.6,19.91,1.9,0,COMPLETE
NODE-0020,MAT-0020,2026-12-01,153.01,134.95,119.11,134.3,19.82,1.9,0,COMPLETE
NODE-0021,MAT-0026,2024-07-01,243.42,231.19,213.64,225.79,24.05,2.6,0,COMPLETE
NODE-0021,MAT-0026,2024-08-01,251.66,240.71,221.26,233.88,25.07,2.6,0,COMPLETE
NODE-0021,MAT-0026,2024-09-01,254.4,235.13,212.96,228.36,25.84,2.6,0,COMPLETE
NODE-0021,MAT-0026,2024-10-01,251.32,221.84,196.76,216.48,26.17,2.6,0,COMPLETE
NODE-0021,MAT-0026,2024-11-01,242.77,211.21,183.22,207.24,25.98,2.6,0,COMPLETE
NODE-0021,MAT-0026,2024-12-01,229.68,206.23,175.72,202.6,25.32,2.6,0,COMPLETE
NODE-0021,MAT-0026,2025-01-01,213.51,200.84,169.61,196.49,24.35,2.6,0,COMPLETE
NODE-0021,MAT-0026,2025-02-01,196.02,187.99,159.16,182.86,23.31,2.6,0,COMPLETE
NODE-0021,MAT-0026,2025-03-01,179.15,167.7,143.88,162.8,22.44,2.6,0,COMPLETE
NODE-0021,MAT-0026,2025-04-01,164.75,147.11,128.82,143.32,21.98,2.6,0,COMPLETE
NODE-0021,MAT-0026,2025-05-01,154.41,134.22,120.18,131.53,22.01,2.6,0,COMPLETE
NODE-0021,MAT-0026,2025-06-01,149.26,132.36,120.77,130.07,22.55,2.6,0,COMPLETE
NODE-0021,MAT-0026,2025-07-01,149.87,139.3,128.5,136.5,23.46,2.6,0,COMPLETE
NODE-0021,MAT-0026,2025-08-01,156.18,149.62,138.12,145.75,24.51,2.6,0,COMPLETE
NODE-0021,MAT-0026,2025-09-01,167.49,158.48,144.89,153.84,25.44,2.6,0,COMPLETE
NODE-0021,MAT-0026,2025-10-01,182.55,165.19,148.34,160.69,26.04,2.6,0,COMPLETE
NODE-0021,MAT-0026,2025-11-01,199.71,174.16,152.96,170.4,26.15,2.6,0,COMPLETE
NODE-0021,MAT-0026,2025-12-01,217.08,190.57,163.9,187.23,25.74,2.6,0,COMPLETE
NODE-0021,MAT-0026,2026-01-01,232.75,213.43,180.91,209.41,24.92,2.6,0,COMPLETE
NODE-0021,MAT-0026,2026-02-01,244.98,233.58,197.19,227.92,23.89,2.6,0,COMPLETE
NODE-0021,MAT-0026,2026-03-01,252.44,240.76,204.78,233.83,22.9,2.6,0,COMPLETE
NODE-0021,MAT-0026,2026-04-01,254.3,233.34,201.86,226.73,22.18,2.6,0,COMPLETE
NODE-0021,MAT-0026,2026-05-01,250.37,219.88,194.43,214.76,21.93,2.6,0,COMPLETE
NODE-0021,MAT-0026,2026-06-01,241.06,210.17,189.87,206.34,22.19,2.6,0,COMPLETE
NODE-0021,MAT-0026,2026-07-01,227.41,205.65,188.76,201.98,22.91,2.6,0,COMPLETE
NODE-0021,MAT-0026,2026-08-01,210.91,199.48,184.32,194.99,23.91,2.6,0,COMPLETE
NODE-0021,MAT-0026,2026-09-01,193.4,185.3,170.55,180.13,24.94,2.6,0,COMPLETE
NODE-0021,MAT-0026,2026-10-01,176.78,164.4,149.26,159.62,25.76,2.6,0,COMPLETE
NODE-0021,MAT-0026,2026-11-01,162.9,144.53,128.57,140.93,26.15,2.6,0,COMPLETE
NODE-0021,MAT-0026,2026-12-01,153.28,133.23,115.9,130.65,26.03,2.6,0,COMPLETE
NODE-0022,MAT-0027,2024-07-01,243.72,233.82,218.26,228.61,15.32,1.6,0,COMPLETE
NODE-0022,MAT-0027,2024-08-01,251.82,243.18,225.81,236.54,15.97,1.6,0,COMPLETE
NODE-0022,MAT-0027,2024-09-01,254.39,237.4,217.24,230.82,16.46,1.6,0,COMPLETE
NODE-0022,MAT-0027,2024-10-01,251.15,223.97,200.74,218.79,16.67,1.6,0,COMPLETE
NODE-0022,MAT-0027,2024-11-01,242.46,213.23,186.97,209.45,16.55,1.6,0,COMPLETE
NODE-0022,MAT-0027,2024-12-01,229.26,208.09,179.25,204.65,16.13,1.6,0,COMPLETE
NODE-0022,MAT-0027,2025-01-01,213.03,202.45,172.87,198.28,15.51,1.6,0,COMPLETE
NODE-0022,MAT-0027,2025-02-01,195.53,189.34,162.08,184.38,14.85,1.6,0,COMPLETE
NODE-0022,MAT-0027,2025-03-01,178.7,168.89,146.49,164.13,14.3,1.6,0,COMPLETE
NODE-0022,MAT-0027,2025-04-01,164.4,148.28,131.23,144.61,14.0,1.6,0,COMPLETE
NODE-0022,MAT-0027,2025-05-01,154.19,135.47,122.57,132.89,14.03,1.6,0,COMPLETE
NODE-0022,MAT-0027,2025-06-01,149.19,133.75,123.3,131.58,14.37,1.6,0,COMPLETE
NODE-0022,MAT-0027,2025-07-01,149.97,140.85,131.26,138.17,14.94,1.6,0,COMPLETE
NODE-0022,MAT-0027,2025-08-01,156.43,151.34,141.13,147.59,15.61,1.6,0,COMPLETE
NODE-0022,MAT-0027,2025-09-01,167.87,160.36,148.11,155.83,16.21,1.6,0,COMPLETE
NODE-0022,MAT-0027,2025-10-01,183.01,167.25,151.75,162.87,16.59,1.6,0,COMPLETE
NODE-0022,MAT-0027,2025-11-01,200.21,176.44,156.62,172.82,16.66,1.6,0,COMPLETE
NODE-0022,MAT-0027,2025-12-01,217.55,193.08,167.86,189.9,16.4,1.6,0,COMPLETE
NODE-0022,MAT-0027,2026-01-01,233.14,216.08,185.18,212.24,15.88,1.6,0,COMPLETE
NODE-0022,MAT-0027,2026-02-01,245.26,236.2,201.61,230.72,15.22,1.6,0,COMPLETE
NODE-0022,MAT-0027,2026-03-01,252.57,243.2,209.13,236.45,14.59,1.6,0,COMPLETE
NODE-0022,MAT-0027,2026-04-01,254.27,235.59,206.01,229.16,14.13,1.6,0,COMPLETE
NODE-0022,MAT-0027,2026-05-01,250.17,221.99,198.38,217.06,13.97,1.6,0,COMPLETE
NODE-0022,MAT-0027,2026-06-01,240.73,212.17,193.67,208.53,14.14,1.6,0,COMPLETE
NODE-0022,MAT-0027,2026-07-01,226.97,207.48,192.38,203.99,14.6,1.6,0,COMPLETE
NODE-0022,MAT-0027,2026-08-01,210.43,201.06,187.66,196.74,15.23,1.6,0,COMPLETE
NODE-0022,MAT-0027,2026-09-01,192.91,186.62,173.51,181.61,15.89,1.6,0,COMPLETE
NODE-0022,MAT-0027,2026-10-01,176.35,165.58,151.88,160.94,16.41,1.6,0,COMPLETE
NODE-0022,MAT-0027,2026-11-01,162.56,145.7,130.98,142.22,16.66,1.6,0,COMPLETE
NODE-0022,MAT-0027,2026-12-01,153.08,134.5,118.26,132.04,16.59,1.6,0,COMPLETE
NODE-0023,MAT-0023,2024-07-01,242.8,225.84,204.39,221.88,19.62,2.25,0,COMPLETE
NODE-0023,MAT-0023,2024-08-01,251.33,235.67,212.14,230.36,20.45,2.25,0,COMPLETE
NODE-0023,MAT-0023,2024-09-01,254.4,230.49,204.36,225.19,21.08,2.25,0,COMPLETE
NODE-0023,MAT-0023,2024-10-01,251.65,217.49,188.75,213.49,21.35,2.25,0,COMPLETE
NODE-0023,MAT-0023,2024-11-01,243.39,207.07,175.68,204.39,21.2,2.25,0,COMPLETE
NODE-0023,MAT-0023,2024-12-01,230.53,202.41,168.6,200.03,20.66,2.25,0,COMPLETE
NODE-0023,MAT-0023,2025-01-01,214.49,197.52,163.04,194.39,19.87,2.25,0,COMPLETE
NODE-0023,MAT-0023,2025-02-01,197.02,185.2,153.27,181.23,19.02,2.25,0,COMPLETE
NODE-0023,MAT-0023,2025-03-01,180.06,165.26,138.63,161.38,18.31,2.25,0,COMPLETE
NODE-0023,MAT-0023,2025-04-01,165.48,144.73,123.98,141.84,17.93,2.25,0,COMPLETE
NODE-0023,MAT-0023,2025-05-01,154.86,131.68,115.4,129.8,17.96,2.25,0,COMPLETE
NODE-0023,MAT-0023,2025-06-01,149.4,129.54,115.73,128.04,18.4,2.25,0,COMPLETE
NODE-0023,MAT-0023,2025-07-01,149.68,136.14,123.0,134.2,19.14,2.25,0,COMPLETE
NODE-0023,MAT-0023,2025-08-01,155.67,146.14,132.12,143.21,20.0,2.25,0,COMPLETE
NODE-0023,MAT-0023,2025-09-01,166.73,154.68,138.46,151.05,20.76,2.25,0,COMPLETE
NODE-0023,MAT-0023,2025-10-01,181.62,161.03,141.53,157.58,21.25,2.25,0,COMPLETE
NODE-0023,MAT-0023,2025-11-01,198.71,169.56,145.69,166.88,21.34,2.25,0,COMPLETE
NODE-0023,MAT-0023,2025-12-01,216.12,185.5,155.99,183.32,21.01,2.25,0,COMPLETE
NODE-0023,MAT-0023,2026-01-01,231.93,208.06,172.4,205.35,20.34,2.25,0,COMPLETE
NODE-0023,MAT-0023,2026-02-01,244.4,228.26,188.35,224.06,19.49,2.25,0,COMPLETE
NODE-0023,MAT-0023,2026-03-01,252.16,235.79,196.05,230.36,18.68,2.25,0,COMPLETE
NODE-0023,MAT-0023,2026-04-01,254.36,228.76,193.53,223.6,18.1,2.25,0,COMPLETE
NODE-0023,MAT-0023,2026-05-01,250.74,215.56,186.5,211.79,17.89,2.25,0,COMPLETE
NODE-0023,MAT-0023,2026-06-01,241.72,206.07,182.24,203.51,18.11,2.25,0,COMPLETE
NODE-0023,MAT-0023,2026-07-01,228.28,201.9,181.47,199.46,18.7,2.25,0,COMPLETE
NODE-0023,MAT-0023,2026-08-01,211.9,196.25,177.59,192.97,19.51,2.25,0,COMPLETE
NODE-0023,MAT-0023,2026-09-01,194.39,182.58,164.56,178.54,20.35,2.25,0,COMPLETE
NODE-0023,MAT-0023,2026-10-01,177.68,161.99,143.98,158.22,21.02,2.25,0,COMPLETE
NODE-0023,MAT-0023,2026-11-01,163.59,142.14,123.73,139.42,21.34,2.25,0,COMPLETE
NODE-0023,MAT-0023,2026-12-01,153.69,130.65,111.16,128.88,21.24,2.25,0,COMPLETE
NODE-0023,MAT-0028,2024-07-01,245.16,245.16,240.29,236.8,4.43,0.39,0,COMPLETE
NODE-0023,MAT-0028,2024-08-01,252.52,252.52,246.28,242.64,4.62,0.39,1,COMPLETE
NODE-0023,MAT-0028,2024-09-01,254.28,248.65,239.14,238.82,4.76,0.39,1,COMPLETE
NODE-0023,MAT-0028,2024-10-01,250.25,234.48,221.11,226.29,4.82,0.39,0,COMPLETE
NODE-0023,MAT-0028,2024-11-01,240.85,223.18,206.11,216.59,4.79,0.39,0,COMPLETE
NODE-0023,MAT-0028,2024-12-01,227.13,217.21,197.25,211.06,4.67,0.39,0,COMPLETE
NODE-0023,MAT-0028,2025-01-01,210.61,210.33,189.42,203.52,4.49,0.39,0,COMPLETE
NODE-0023,MAT-0028,2025-02-01,193.09,193.09,174.3,185.75,4.3,0.39,1,COMPLETE
NODE-0023,MAT-0028,2025-03-01,176.51,174.73,159.7,167.74,4.14,0.39,1,COMPLETE
NODE-0023,MAT-0028,2025-04-01,162.69,154.04,143.52,148.41,4.05,0.39,1,COMPLETE
NODE-0023,MAT-0028,2025-05-01,153.15,141.69,134.82,137.33,4.06,0.39,0,COMPLETE
NODE-0023,MAT-0028,2025-06-01,148.95,140.74,136.31,136.79,4.16,0.39,0,COMPLETE
NODE-0023,MAT-0028,2025-07-01,150.54,148.71,145.53,144.12,4.32,0.39,0,COMPLETE
NODE-0023,MAT-0028,2025-08-01,157.76,157.76,154.48,151.98,4.52,0.39,1,COMPLETE
NODE-0023,MAT-0028,2025-09-01,169.8,169.8,164.76,163.0,4.69,0.39,1,COMPLETE
NODE-0023,MAT-0028,2025-10-01,185.34,177.65,169.48,170.9,4.8,0.39,1,COMPLETE
NODE-0023,MAT-0028,2025-11-01,202.67,187.93,175.59,181.85,4.82,0.39,0,COMPLETE
NODE-0023,MAT-0028,2025-12-01,219.89,205.7,188.44,199.88,4.75,0.39,0,COMPLETE
NODE-0023,MAT-0028,2026-01-01,235.09,229.34,207.26,222.56,4.59,0.39,0,COMPLETE
NODE-0023,MAT-0028,2026-02-01,246.6,246.6,222.01,237.97,4.4,0.39,0,COMPLETE
NODE-0023,MAT-0028,2026-03-01,253.16,253.16,229.51,243.15,4.22,0.39,1,COMPLETE
NODE-0023,MAT-0028,2026-04-01,254.04,246.7,227.25,237.06,4.09,0.39,1,COMPLETE
NODE-0023,MAT-0028,2026-05-01,249.15,232.41,218.55,224.51,4.04,0.39,0,COMPLETE
NODE-0023,MAT-0028,2026-06-01,239.03,222.02,213.03,215.59,4.09,0.39,0,COMPLETE
NODE-0023,MAT-0028,2026-07-01,224.79,216.44,210.79,210.24,4.22,0.39,0,COMPLETE
NODE-0023,MAT-0028,2026-08-01,207.99,207.99,203.84,201.07,4.41,0.39,0,COMPLETE
NODE-0023,MAT-0028,2026-09-01,190.49,190.49,186.0,183.12,4.6,0.39,1,COMPLETE
NODE-0023,MAT-0028,2026-10-01,174.21,171.36,165.18,164.54,4.75,0.39,1,COMPLETE
NODE-0023,MAT-0028,2026-11-01,160.95,151.5,143.27,146.09,4.82,0.39,1,COMPLETE
NODE-0023,MAT-0028,2026-12-01,152.16,140.83,130.4,136.59,4.8,0.39,0,COMPLETE
NODE-0024,MAT-0021,2024-07-01,243.4,231.03,213.37,220.26,6.18,0.67,1,COMPLETE
NODE-0024,MAT-0021,2024-08-01,251.65,240.56,221.0,228.14,6.45,0.67,1,COMPLETE
NODE-0024,MAT-0021,2024-09-01,254.4,234.99,212.71,222.76,6.64,0.67,1,COMPLETE
NODE-0024,MAT-0021,2024-10-01,251.33,221.71,196.52,211.19,6.73,0.67,1,COMPLETE
NODE-0024,MAT-0021,2024-11-01,242.79,211.09,183.0,202.21,6.68,0.67,1,COMPLETE
NODE-0024,MAT-0021,2024-12-01,229.71,206.12,175.51,197.7,6.51,0.67,1,COMPLETE
NODE-0024,MAT-0021,2025-01-01,213.54,200.74,169.42,191.72,6.26,0.67,1,COMPLETE
NODE-0024,MAT-0021,2025-02-01,196.05,187.91,158.99,178.41,5.99,0.67,1,COMPLETE
NODE-0024,MAT-0021,2025-03-01,179.18,167.63,143.73,158.82,5.77,0.67,1,COMPLETE
NODE-0024,MAT-0021,2025-04-01,164.77,147.04,128.68,139.83,5.65,0.67,1,COMPLETE
NODE-0024,MAT-0021,2025-05-01,154.42,134.14,120.04,128.33,5.66,0.67,1,COMPLETE
NODE-0024,MAT-0021,2025-06-01,149.26,132.28,120.62,126.91,5.8,0.67,1,COMPLETE
NODE-0024,MAT-0021,2025-07-01,149.86,139.2,128.34,133.17,6.03,0.67,1,COMPLETE
NODE-0024,MAT-0021,2025-08-01,156.16,149.52,137.95,142.17,6.3,0.67,1,COMPLETE
NODE-0024,MAT-0021,2025-09-01,167.47,158.36,144.7,150.04,6.54,0.67,1,COMPLETE
NODE-0024,MAT-0021,2025-10-01,182.52,165.07,148.14,156.73,6.7,0.67,1,COMPLETE
NODE-0024,MAT-0021,2025-11-01,199.68,174.03,152.75,166.22,6.72,0.67,1,COMPLETE
NODE-0024,MAT-0021,2025-12-01,217.05,190.42,163.66,182.65,6.62,0.67,1,COMPLETE
NODE-0024,MAT-0021,2026-01-01,232.72,213.27,180.67,204.3,6.41,0.67,1,COMPLETE
NODE-0024,MAT-0021,2026-02-01,244.97,233.43,196.93,222.34,6.14,0.67,1,COMPLETE
NODE-0024,MAT-0021,2026-03-01,252.43,240.62,204.52,228.09,5.89,0.67,1,COMPLETE
NODE-0024,MAT-0021,2026-04-01,254.31,233.21,201.62,221.17,5.7,0.67,1,COMPLETE
NODE-0024,MAT-0021,2026-05-01,250.38,219.75,194.2,209.52,5.64,0.67,1,COMPLETE
NODE-0024,MAT-0021,2026-06-01,241.08,210.05,189.65,201.33,5.71,0.67,1,COMPLETE
NODE-0024,MAT-0021,2026-07-01,227.43,205.55,188.55,197.08,5.89,0.67,1,COMPLETE
NODE-0024,MAT-0021,2026-08-01,210.94,199.39,184.13,190.26,6.15,0.67,1,COMPLETE
NODE-0024,MAT-0021,2026-09-01,193.43,185.22,170.37,175.74,6.41,0.67,1,COMPLETE
NODE-0024,MAT-0021,2026-10-01,176.81,164.33,149.11,155.73,6.62,0.67,1,COMPLETE
NODE-0024,MAT-0021,2026-11-01,162.92,144.46,128.43,137.5,6.73,0.67,1,COMPLETE
NODE-0024,MAT-0021,2026-12-01,153.29,133.16,115.76,127.48,6.69,0.67,1,COMPLETE
NODE-0024,MAT-0024,2024-07-01,244.7,242.7,234.23,237.76,13.51,1.27,0,COMPLETE
NODE-0024,MAT-0024,2024-08-01,252.31,251.5,241.49,245.11,14.08,1.27,0,COMPLETE
NODE-0024,MAT-0024,2024-09-01,254.33,245.03,231.97,238.7,14.51,1.27,0,COMPLETE
NODE-0024,MAT-0024,2024-10-01,250.55,231.1,214.44,226.2,14.7,1.27,0,COMPLETE
NODE-0024,MAT-0024,2024-11-01,241.38,219.99,199.85,216.51,14.59,1.27,0,COMPLETE
NODE-0024,MAT-0024,2024-12-01,227.83,214.29,191.37,211.16,14.22,1.27,0,COMPLETE
NODE-0024,MAT-0024,2025-01-01,211.39,207.82,184.02,203.93,13.68,1.27,0,COMPLETE
NODE-0024,MAT-0024,2025-02-01,193.88,193.85,172.06,189.14,13.09,1.27,0,COMPLETE
NODE-0024,MAT-0024,2025-03-01,177.21,172.86,155.39,168.31,12.61,1.27,0,COMPLETE
NODE-0024,MAT-0024,2025-04-01,163.23,152.18,139.5,148.71,12.34,1.27,0,COMPLETE
NODE-0024,MAT-0024,2025-05-01,153.47,139.68,130.8,137.29,12.37,1.27,0,COMPLETE
NODE-0024,MAT-0024,2025-06-01,149.02,138.48,132.03,136.49,12.67,1.27,0,COMPLETE
NODE-0024,MAT-0024,2025-07-01,150.35,146.16,140.82,143.65,13.18,1.27,0,COMPLETE
NODE-0024,MAT-0024,2025-08-01,157.32,157.22,151.58,153.62,13.77,1.27,0,COMPLETE
NODE-0024,MAT-0024,2025-09-01,169.17,166.78,159.31,162.39,14.29,1.27,0,COMPLETE
NODE-0024,MAT-0024,2025-10-01,184.59,174.26,163.63,170.03,14.63,1.27,0,COMPLETE
NODE-0024,MAT-0024,2025-11-01,201.88,184.2,169.33,180.76,14.69,1.27,0,COMPLETE
NODE-0024,MAT-0024,2025-12-01,219.14,201.6,181.65,198.66,14.46,1.27,0,COMPLETE
NODE-0024,MAT-0024,2026-01-01,234.47,225.05,199.99,221.48,14.0,1.27,0,COMPLETE
NODE-0024,MAT-0024,2026-02-01,246.18,245.02,216.89,239.81,13.42,1.27,0,COMPLETE
NODE-0024,MAT-0024,2026-03-01,252.98,251.42,224.14,244.92,12.86,1.27,0,COMPLETE
NODE-0024,MAT-0024,2026-04-01,254.13,243.13,220.29,236.96,12.46,1.27,0,COMPLETE
NODE-0024,MAT-0024,2026-05-01,249.5,229.07,211.95,224.41,12.32,1.27,0,COMPLETE
NODE-0024,MAT-0024,2026-06-01,239.59,218.87,206.7,215.52,12.47,1.27,0,COMPLETE
NODE-0024,MAT-0024,2026-07-01,225.5,213.58,204.79,210.39,12.87,1.27,0,COMPLETE
NODE-0024,MAT-0024,2026-08-01,208.78,206.28,199.06,202.25,13.43,1.27,0,COMPLETE
NODE-0024,MAT-0024,2026-09-01,191.27,191.01,183.64,186.25,14.01,1.27,0,COMPLETE
NODE-0024,MAT-0024,2026-10-01,174.89,169.51,160.84,165.08,14.47,1.27,0,COMPLETE
NODE-0024,MAT-0024,2026-11-01,161.46,149.64,139.24,146.35,14.69,1.27,0,COMPLETE
NODE-0024,MAT-0024,2026-12-01,152.45,138.78,126.41,136.51,14.62,1.27,0,COMPLETE
NODE-0024,MAT-0025,2024-07-01,243.07,228.17,208.4,222.23,8.9,0.99,0,COMPLETE
NODE-0024,MAT-0025,2024-08-01,251.48,237.87,216.1,230.48,9.28,0.99,0,COMPLETE
NODE-0024,MAT-0025,2024-09-01,254.4,232.52,208.09,225.19,9.56,0.99,0,COMPLETE
NODE-0024,MAT-0025,2024-10-01,251.51,219.39,192.23,213.49,9.68,0.99,0,COMPLETE
NODE-0024,MAT-0025,2024-11-01,243.12,208.88,178.95,204.39,9.61,0.99,0,COMPLETE
NODE-0024,MAT-0025,2024-12-01,230.16,204.08,171.69,199.94,9.37,0.99,0,COMPLETE
NODE-0024,MAT-0025,2025-01-01,214.06,198.97,165.89,194.12,9.01,0.99,0,COMPLETE
NODE-0024,MAT-0025,2025-02-01,196.59,186.42,155.83,180.83,8.62,0.99,0,COMPLETE
NODE-0024,MAT-0025,2025-03-01,179.66,166.33,140.92,161.01,8.31,0.99,0,COMPLETE
NODE-0024,MAT-0025,2025-04-01,165.16,145.77,126.08,141.62,8.13,0.99,0,COMPLETE
NODE-0024,MAT-0025,2025-05-01,154.66,132.78,117.48,129.76,8.15,0.99,0,COMPLETE
NODE-0024,MAT-0025,2025-06-01,149.33,130.77,117.91,128.14,8.35,0.99,0,COMPLETE
NODE-0024,MAT-0025,2025-07-01,149.76,137.51,125.38,134.38,8.68,0.99,0,COMPLETE
NODE-0024,MAT-0025,2025-08-01,155.89,147.65,134.72,143.43,9.07,0.99,0,COMPLETE
NODE-0024,MAT-0025,2025-09-01,167.06,156.33,141.24,151.33,9.42,0.99,0,COMPLETE
NODE-0024,MAT-0025,2025-10-01,182.02,162.84,144.48,157.96,9.64,0.99,0,COMPLETE
NODE-0024,MAT-0025,2025-11-01,199.15,171.56,148.84,167.39,9.68,0.99,0,COMPLETE
NODE-0024,MAT-0025,2025-12-01,216.54,187.71,159.41,183.9,9.53,0.99,0,COMPLETE
NODE-0024,MAT-0025,2026-01-01,232.29,210.4,176.09,205.87,9.22,0.99,0,COMPLETE
NODE-0024,MAT-0025,2026-02-01,244.66,230.58,192.18,224.37,8.84,0.99,0,COMPLETE
NODE-0024,MAT-0025,2026-03-01,252.29,237.96,199.84,230.46,8.47,0.99,0,COMPLETE
NODE-0024,MAT-0025,2026-04-01,254.34,230.76,197.15,223.59,8.21,0.99,0,COMPLETE
NODE-0024,MAT-0025,2026-05-01,250.58,217.45,189.95,211.79,8.11,0.99,0,COMPLETE
NODE-0024,MAT-0025,2026-06-01,241.43,207.86,185.56,203.5,8.21,0.99,0,COMPLETE
NODE-0024,MAT-0025,2026-07-01,227.9,203.54,184.64,199.35,8.48,0.99,0,COMPLETE
NODE-0024,MAT-0025,2026-08-01,211.47,197.66,180.52,192.67,8.85,0.99,0,COMPLETE
NODE-0024,MAT-0025,2026-09-01,193.96,183.77,167.16,178.14,9.23,0.99,0,COMPLETE
NODE-0024,MAT-0025,2026-10-01,177.28,163.04,146.27,157.86,9.53,0.99,0,COMPLETE
NODE-0024,MAT-0025,2026-11-01,163.29,143.18,125.83,139.22,9.68,0.99,0,COMPLETE
NODE-0024,MAT-0025,2026-12-01,153.51,131.78,113.22,128.87,9.63,0.99,0,COMPLETE
NODE-0025,MAT-0021,2024-07-01,244.22,238.29,226.24,234.02,10.34,1.03,0,COMPLETE
NODE-0025,MAT-0021,2024-08-01,252.07,247.38,233.65,241.69,10.78,1.03,0,COMPLETE
NODE-0025,MAT-0021,2024-09-01,254.37,241.25,224.61,235.61,11.11,1.03,0,COMPLETE
NODE-0025,MAT-0021,2024-10-01,250.85,227.57,207.6,223.3,11.25,1.03,0,COMPLETE
NODE-0025,MAT-0021,2024-11-01,241.92,216.65,193.42,213.75,11.17,1.03,0,COMPLETE
NODE-0025,MAT-0021,2024-12-01,228.54,211.23,185.32,208.66,10.89,1.03,0,COMPLETE
NODE-0025,MAT-0021,2025-01-01,212.2,205.17,178.46,201.84,10.47,1.03,0,COMPLETE
NODE-0025,MAT-0021,2025-02-01,194.7,191.63,167.09,187.44,10.02,1.03,0,COMPLETE
NODE-0025,MAT-0021,2025-03-01,177.95,170.9,150.95,166.82,9.65,1.03,0,PARTIAL
NODE-0025,MAT-0021,2025-04-01,163.8,150.25,135.37,147.18,9.45,1.03,0,PARTIAL
NODE-0025,MAT-0021,2025-05-01,153.82,137.59,126.69,135.57,9.47,1.03,0,PARTIAL
NODE-0025,MAT-0021,2025-06-01,149.1,136.13,127.65,134.5,9.7,1.03,0,PARTIAL
NODE-0025,MAT-0021,2025-07-01,150.15,143.52,136.03,141.41,10.09,1.03,0,PARTIAL
NODE-0025,MAT-0021,2025-08-01,156.87,154.29,146.34,151.14,10.54,1.03,0,PARTIAL
NODE-0025,MAT-0021,2025-09-01,168.52,163.58,153.69,159.67,10.94,1.03,0,PARTIAL
NODE-0025,MAT-0021,2025-10-01,183.8,170.77,157.67,167.04,11.2,1.03,0,PARTIAL
NODE-0025,MAT-0021,2025-11-01,201.05,180.33,162.95,177.41,11.25,1.03,0,PARTIAL
NODE-0025,MAT-0021,2025-12-01,218.35,197.36,174.73,194.96,11.07,1.03,0,PARTIAL
NODE-0025,MAT-0021,2026-01-01,233.81,220.59,192.57,217.63,10.72,1.03,0,COMPLETE
NODE-0025,MAT-0021,2026-02-01,245.73,240.64,209.24,236.11,10.28,1.03,0,COMPLETE
NODE-0025,MAT-0021,2026-03-01,252.79,247.35,216.64,241.56,9.85,1.03,0,COMPLETE
NODE-0025,MAT-0021,2026-04-01,254.21,239.4,213.15,233.9,9.54,1.03,0,COMPLETE
NODE-0025,MAT-0021,2026-05-01,249.84,225.57,205.17,221.53,9.43,1.03,0,COMPLETE
NODE-0025,MAT-0021,2026-06-01,240.16,215.56,200.2,212.79,9.54,1.03,0,COMPLETE
NODE-0025,MAT-0021,2026-07-01,226.23,210.57,198.6,207.94,9.85,1.03,0,COMPLETE
NODE-0025,MAT-0021,2026-08-01,209.6,203.71,193.38,200.22,10.28,1.03,0,COMPLETE
NODE-0025,MAT-0021,2026-09-01,192.08,188.85,178.59,184.6,10.73,1.03,0,COMPLETE
NODE-0025,MAT-0021,2026-10-01,175.61,167.57,156.37,163.6,11.08,1.03,0,COMPLETE
NODE-0025,MAT-0021,2026-11-01,162.0,147.69,135.12,144.8,11.25,1.03,0,COMPLETE
NODE-0025,MAT-0021,2026-12-01,152.75,136.66,122.33,134.75,11.2,1.03,0,COMPLETE
NODE-0026,MAT-0023,2024-07-01,240.71,208.77,176.2,207.92,6.42,0.87,0,COMPLETE
NODE-0026,MAT-0023,2024-08-01,250.16,219.5,184.19,217.5,6.69,0.87,0,COMPLETE
NODE-0026,MAT-0023,2024-09-01,254.27,215.53,177.94,213.47,6.89,0.87,0,COMPLETE
NODE-0026,MAT-0023,2024-10-01,252.58,203.4,164.11,202.39,6.98,0.87,0,COMPLETE
NODE-0026,MAT-0023,2024-11-01,245.28,193.61,152.44,193.61,6.93,0.87,0,COMPLETE
NODE-0026,MAT-0023,2024-12-01,233.17,189.91,146.6,189.91,6.75,0.87,0,COMPLETE
NODE-0026,MAT-0023,2025-01-01,217.59,186.59,142.63,186.14,6.5,0.87,0,COMPLETE
NODE-0026,MAT-0023,2025-02-01,200.24,176.01,134.92,174.6,6.22,0.87,0,COMPLETE
NODE-0026,MAT-0023,2025-03-01,183.05,157.25,122.32,155.67,5.99,0.87,0,COMPLETE
NODE-0026,MAT-0023,2025-04-01,167.89,137.02,109.01,136.12,5.86,0.87,0,COMPLETE
NODE-0026,MAT-0023,2025-05-01,156.45,123.53,100.72,123.43,5.87,0.87,0,COMPLETE
NODE-0026,MAT-0023,2025-06-01,149.98,120.57,100.36,120.57,6.02,0.87,0,COMPLETE
NODE-0026,MAT-0023,2025-07-01,149.19,126.2,106.31,126.09,6.26,0.87,0,COMPLETE
NODE-0026,MAT-0023,2025-08-01,154.17,135.2,113.98,134.31,6.54,0.87,0,COMPLETE
NODE-0026,MAT-0023,2025-09-01,164.37,142.76,119.08,141.33,6.79,0.87,0,COMPLETE
NODE-0026,MAT-0023,2025-10-01,178.67,148.0,121.05,146.82,6.95,0.87,0,COMPLETE
NODE-0026,MAT-0023,2025-11-01,195.5,155.1,123.8,154.74,6.98,0.87,0,COMPLETE
NODE-0026,MAT-0023,2025-12-01,212.99,169.49,132.19,169.49,6.87,0.87,0,COMPLETE
NODE-0026,MAT-0023,2026-01-01,229.23,191.02,146.62,191.02,6.65,0.87,0,COMPLETE
NODE-0026,MAT-0023,2026-02-01,242.43,211.28,161.44,210.22,6.37,0.87,0,COMPLETE
NODE-0026,MAT-0023,2026-03-01,251.14,219.8,169.34,217.69,6.11,0.87,0,COMPLETE
NODE-0026,MAT-0023,2026-04-01,254.39,213.95,167.95,212.0,5.92,0.87,0,COMPLETE
NODE-0026,MAT-0023,2026-05-01,251.83,201.57,162.09,200.75,5.85,0.87,0,COMPLETE
NODE-0026,MAT-0023,2026-06-01,243.74,192.71,158.67,192.71,5.92,0.87,0,COMPLETE
NODE-0026,MAT-0023,2026-07-01,231.01,189.6,158.84,189.6,6.11,0.87,0,COMPLETE
NODE-0026,MAT-0023,2026-08-01,215.04,185.59,156.62,184.98,6.38,0.87,0,COMPLETE
NODE-0026,MAT-0023,2026-09-01,197.6,173.61,145.89,172.11,6.65,0.87,0,COMPLETE
NODE-0026,MAT-0023,2026-10-01,180.59,154.08,127.54,152.56,6.87,0.87,0,COMPLETE
NODE-0026,MAT-0023,2026-11-01,165.9,134.4,108.79,133.63,6.98,0.87,0,COMPLETE
NODE-0026,MAT-0023,2026-12-01,155.14,122.4,96.67,122.39,6.94,0.87,0,COMPLETE
NODE-0026,MAT-0026,2024-07-01,239.41,198.84,160.73,188.69,24.1,3.56,1,COMPLETE
NODE-0026,MAT-0026,2024-08-01,249.39,210.03,168.74,198.24,25.12,3.56,1,COMPLETE
NODE-0026,MAT-0026,2024-09-01,254.1,206.7,163.28,195.02,25.89,3.56,1,COMPLETE
NODE-0026,MAT-0026,2024-10-01,253.04,195.05,150.42,184.92,26.22,3.56,1,COMPLETE
NODE-0026,MAT-0026,2024-11-01,246.31,185.59,139.5,176.95,26.03,3.56,1,COMPLETE
NODE-0026,MAT-0026,2024-12-01,234.66,182.41,134.3,174.14,25.37,3.56,1,COMPLETE
NODE-0026,MAT-0026,2025-01-01,219.37,179.99,131.16,171.1,24.4,3.56,1,COMPLETE
NODE-0026,MAT-0026,2025-02-01,202.12,170.44,124.57,161.06,23.35,3.56,1,COMPLETE
NODE-0026,MAT-0026,2025-03-01,184.82,152.42,113.12,143.73,22.49,3.56,1,COMPLETE
NODE-0026,MAT-0026,2025-04-01,169.36,132.43,100.63,125.33,22.02,3.56,1,COMPLETE
NODE-0026,MAT-0026,2025-05-01,157.46,118.75,92.59,113.07,22.06,3.56,1,COMPLETE
NODE-0026,MAT-0026,2025-06-01,150.41,115.37,91.91,110.17,22.6,3.56,1,COMPLETE
NODE-0026,MAT-0026,2025-07-01,148.99,120.49,97.2,114.72,23.51,3.56,1,COMPLETE
NODE-0026,MAT-0026,2025-08-01,153.37,128.95,104.11,122.04,24.56,3.56,1,COMPLETE
NODE-0026,MAT-0026,2025-09-01,163.06,135.97,108.56,128.21,25.5,3.56,1,COMPLETE
NODE-0026,MAT-0026,2025-10-01,176.99,140.58,109.96,132.85,26.09,3.56,1,COMPLETE
NODE-0026,MAT-0026,2025-11-01,193.63,146.85,111.97,139.6,26.2,3.56,1,COMPLETE
NODE-0026,MAT-0026,2025-12-01,211.15,160.31,119.31,153.05,25.8,3.56,1,COMPLETE
NODE-0026,MAT-0026,2026-01-01,227.61,181.18,132.6,172.74,24.98,3.56,1,COMPLETE
NODE-0026,MAT-0026,2026-02-01,241.21,201.39,146.7,190.92,23.94,3.56,1,COMPLETE
NODE-0026,MAT-0026,2026-03-01,250.46,210.42,154.61,198.52,22.94,3.56,1,COMPLETE
NODE-0026,MAT-0026,2026-04-01,254.32,205.22,153.77,193.71,22.23,3.56,1,COMPLETE
NODE-0026,MAT-0026,2026-05-01,252.38,193.27,148.53,183.41,21.97,3.56,1,COMPLETE
NODE-0026,MAT-0026,2026-06-01,244.85,184.75,145.52,176.25,22.24,3.56,1,COMPLETE
NODE-0026,MAT-0026,2026-07-01,232.56,182.22,146.15,173.9,22.96,3.56,1,COMPLETE
NODE-0026,MAT-0026,2026-08-01,216.86,179.15,144.79,170.14,23.96,3.56,1,COMPLETE
NODE-0026,MAT-0026,2026-09-01,199.48,168.18,135.32,158.82,24.99,3.56,1,COMPLETE
NODE-0026,MAT-0026,2026-10-01,182.33,149.32,118.28,140.83,25.81,3.56,1,COMPLETE
NODE-0026,MAT-0026,2026-11-01,167.31,129.8,100.44,122.96,26.21,3.56,1,COMPLETE
NODE-0026,MAT-0026,2026-12-01,156.06,117.57,88.66,112.03,26.09,3.56,1,COMPLETE
NODE-0027,MAT-0022,2024-07-01,239.69,200.97,163.98,192.71,15.86,2.3,1,COMPLETE
NODE-0027,MAT-0022,2024-08-01,249.56,212.06,171.99,202.27,16.54,2.3,1,COMPLETE
NODE-0027,MAT-0022,2024-09-01,254.15,208.6,166.37,198.89,17.04,2.3,1,COMPLETE
NODE-0027,MAT-0022,2024-10-01,252.95,196.85,153.3,188.59,17.26,2.3,1,COMPLETE
NODE-0027,MAT-0022,2024-11-01,246.1,187.32,142.23,180.47,17.14,2.3,1,COMPLETE
NODE-0027,MAT-0022,2024-12-01,234.35,184.03,136.9,177.52,16.7,2.3,1,COMPLETE
NODE-0027,MAT-0022,2025-01-01,218.99,181.42,133.59,174.27,16.06,2.3,1,COMPLETE
NODE-0027,MAT-0022,2025-02-01,201.72,171.65,126.76,163.92,15.37,2.3,1,COMPLETE
NODE-0027,MAT-0022,2025-03-01,184.44,153.46,115.07,146.25,14.8,2.3,1,COMPLETE
NODE-0027,MAT-0022,2025-04-01,169.05,133.41,102.4,127.6,14.5,2.3,1,COMPLETE
NODE-0027,MAT-0022,2025-05-01,157.24,119.78,94.3,115.25,14.52,2.3,1,COMPLETE
NODE-0027,MAT-0022,2025-06-01,150.31,116.48,93.69,112.39,14.88,2.3,1,COMPLETE
NODE-0027,MAT-0022,2025-07-01,149.03,121.7,99.11,117.09,15.47,2.3,1,COMPLETE
NODE-0027,MAT-0022,2025-08-01,153.54,130.28,106.18,124.6,16.17,2.3,1,COMPLETE
NODE-0027,MAT-0022,2025-09-01,163.34,137.41,110.77,130.95,16.78,2.3,1,COMPLETE
NODE-0027,MAT-0022,2025-10-01,177.35,142.15,112.28,135.76,17.18,2.3,1,COMPLETE
NODE-0027,MAT-0022,2025-11-01,194.03,148.6,114.45,142.75,17.25,2.3,1,COMPLETE
NODE-0027,MAT-0022,2025-12-01,211.54,162.27,122.0,156.53,16.98,2.3,1,COMPLETE
NODE-0027,MAT-0022,2026-01-01,227.96,183.28,135.54,176.57,16.44,2.3,1,COMPLETE
NODE-0027,MAT-0022,2026-02-01,241.48,203.5,149.79,194.96,15.76,2.3,1,COMPLETE
NODE-0027,MAT-0022,2026-03-01,250.61,212.43,157.7,202.53,15.1,2.3,1,COMPLETE
NODE-0027,MAT-0022,2026-04-01,254.34,207.09,156.76,197.54,14.63,2.3,1,COMPLETE
NODE-0027,MAT-0022,2026-05-01,252.27,195.05,151.39,187.05,14.46,2.3,1,COMPLETE
NODE-0027,MAT-0022,2026-06-01,244.61,186.47,148.29,179.75,14.64,2.3,1,COMPLETE
NODE-0027,MAT-0022,2026-07-01,232.23,183.81,148.83,177.26,15.11,2.3,1,COMPLETE
NODE-0027,MAT-0022,2026-08-01,216.47,180.54,147.3,173.26,15.77,2.3,1,COMPLETE
NODE-0027,MAT-0022,2026-09-01,199.07,169.36,137.56,161.62,16.45,2.3,1,COMPLETE
NODE-0027,MAT-0022,2026-10-01,181.96,150.35,120.24,143.31,16.99,2.3,1,COMPLETE
NODE-0027,MAT-0022,2026-11-01,167.0,130.79,102.2,125.2,17.25,2.3,1,COMPLETE
NODE-0027,MAT-0022,2026-12-01,155.86,118.61,90.35,114.2,17.17,2.3,1,COMPLETE
NODE-0027,MAT-0024,2024-07-01,245.11,245.11,239.88,235.03,22.75,2.03,1,COMPLETE
NODE-0027,MAT-0024,2024-08-01,252.5,252.5,245.88,240.84,23.71,2.03,1,COMPLETE
NODE-0027,MAT-0024,2024-09-01,254.29,248.29,238.42,236.72,24.44,2.03,1,COMPLETE
NODE-0027,MAT-0024,2024-10-01,250.28,234.14,220.44,224.31,24.75,2.03,1,COMPLETE
NODE-0027,MAT-0024,2024-11-01,240.9,222.86,205.48,214.71,24.57,2.03,1,COMPLETE
NODE-0027,MAT-0024,2024-12-01,227.2,216.92,196.66,209.24,23.95,2.03,1,COMPLETE
NODE-0027,MAT-0024,2025-01-01,210.69,210.08,188.88,201.79,23.03,2.03,1,COMPLETE
NODE-0027,MAT-0024,2025-02-01,193.17,193.17,174.08,184.46,22.04,2.03,1,COMPLETE
NODE-0027,MAT-0024,2025-03-01,176.58,174.54,159.27,166.32,21.23,2.03,1,COMPLETE
NODE-0027,MAT-0024,2025-04-01,162.74,153.85,143.12,147.14,20.79,2.03,1,COMPLETE
NODE-0027,MAT-0024,2025-05-01,153.18,141.49,134.42,136.13,20.82,2.03,1,COMPLETE
NODE-0027,MAT-0024,2025-06-01,148.96,140.52,135.88,135.58,21.33,2.03,1,COMPLETE
NODE-0027,MAT-0024,2025-07-01,150.52,148.46,145.05,142.83,22.19,2.03,1,COMPLETE
NODE-0027,MAT-0024,2025-08-01,157.71,157.71,154.2,150.83,23.18,2.03,1,COMPLETE
NODE-0027,MAT-0024,2025-09-01,169.74,169.56,164.27,161.58,24.07,2.03,1,COMPLETE
NODE-0027,MAT-0024,2025-10-01,185.27,177.31,168.89,169.32,24.63,2.03,1,COMPLETE
NODE-0027,MAT-0024,2025-11-01,202.59,187.56,174.96,180.17,24.73,2.03,1,COMPLETE
NODE-0027,MAT-0024,2025-12-01,219.81,205.29,187.75,198.03,24.35,2.03,1,COMPLETE
NODE-0027,MAT-0024,2026-01-01,235.02,228.91,206.53,220.53,23.58,2.03,1,COMPLETE
NODE-0027,MAT-0024,2026-02-01,246.56,246.56,221.6,236.19,22.6,2.03,1,COMPLETE
NODE-0027,MAT-0024,2026-03-01,253.14,253.14,229.12,241.34,21.66,2.03,1,COMPLETE
NODE-0027,MAT-0024,2026-04-01,254.05,246.35,226.55,234.97,20.98,2.03,1,COMPLETE
NODE-0027,MAT-0024,2026-05-01,249.19,232.08,217.88,222.54,20.74,2.03,1,COMPLETE
NODE-0027,MAT-0024,2026-06-01,239.09,221.71,212.4,213.71,20.99,2.03,1,COMPLETE
NODE-0027,MAT-0024,2026-07-01,224.86,216.16,210.19,208.44,21.67,2.03,1,COMPLETE
NODE-0027,MAT-0024,2026-08-01,208.07,208.07,203.61,199.67,22.61,2.03,1,COMPLETE
NODE-0027,MAT-0024,2026-09-01,190.57,190.57,185.79,181.85,23.59,2.03,1,COMPLETE
NODE-0027,MAT-0024,2026-10-01,174.28,171.18,164.75,163.15,24.36,2.03,1,COMPLETE
NODE-0027,MAT-0024,2026-11-01,161.0,151.32,142.86,144.84,24.74,2.03,1,COMPLETE
NODE-0027,MAT-0024,2026-12-01,152.19,140.62,130.0,135.4,24.62,2.03,1,COMPLETE
NODE-0027,MAT-0025,2024-07-01,240.2,204.87,170.04,203.62,14.05,1.97,0,COMPLETE
NODE-0027,MAT-0025,2024-08-01,249.87,215.79,178.05,213.38,14.65,1.97,0,COMPLETE
NODE-0027,MAT-0025,2024-09-01,254.21,212.07,172.12,209.62,15.1,1.97,0,COMPLETE
NODE-0027,MAT-0025,2024-10-01,252.77,200.13,158.67,198.74,15.29,1.97,0,COMPLETE
NODE-0027,MAT-0025,2024-11-01,245.69,190.48,147.31,190.18,15.18,1.97,0,COMPLETE
NODE-0027,MAT-0025,2024-12-01,233.76,186.98,141.73,186.92,14.8,1.97,0,COMPLETE
NODE-0027,MAT-0025,2025-01-01,218.29,184.02,138.09,183.21,14.23,1.97,0,COMPLETE
NODE-0027,MAT-0025,2025-02-01,200.98,173.84,130.82,172.1,13.62,1.97,0,COMPLETE
NODE-0027,MAT-0025,2025-03-01,183.74,155.37,118.68,153.5,13.12,1.97,0,COMPLETE
NODE-0027,MAT-0025,2025-04-01,168.47,135.22,105.69,134.06,12.84,1.97,0,COMPLETE
NODE-0027,MAT-0025,2025-05-01,156.84,121.66,97.49,121.31,12.86,1.97,0,COMPLETE
NODE-0027,MAT-0025,2025-06-01,150.14,118.53,97.0,118.52,13.18,1.97,0,COMPLETE
NODE-0027,MAT-0025,2025-07-01,149.11,123.95,102.68,123.59,13.71,1.97,0,COMPLETE
NODE-0027,MAT-0025,2025-08-01,153.85,132.74,110.05,131.59,14.32,1.97,0,COMPLETE
NODE-0027,MAT-0025,2025-09-01,163.85,140.08,114.89,138.39,14.87,1.97,0,COMPLETE
NODE-0027,MAT-0025,2025-10-01,178.01,145.07,116.62,143.62,15.22,1.97,0,COMPLETE
NODE-0027,MAT-0025,2025-11-01,194.76,151.85,119.08,151.19,15.28,1.97,0,COMPLETE
NODE-0027,MAT-0025,2025-12-01,212.27,165.88,127.05,165.82,15.04,1.97,0,COMPLETE
NODE-0027,MAT-0025,2026-01-01,228.6,187.15,141.03,186.85,14.57,1.97,0,COMPLETE
NODE-0027,MAT-0025,2026-02-01,241.96,207.39,155.57,205.94,13.96,1.97,0,COMPLETE
NODE-0027,MAT-0025,2026-03-01,250.88,216.12,163.48,213.62,13.38,1.97,0,COMPLETE
NODE-0027,MAT-0025,2026-04-01,254.37,210.53,162.32,208.19,12.96,1.97,0,COMPLETE
NODE-0027,MAT-0025,2026-05-01,252.05,198.32,156.71,197.12,12.81,1.97,0,COMPLETE
NODE-0027,MAT-0025,2026-06-01,244.18,189.6,153.45,189.41,12.97,1.97,0,COMPLETE
NODE-0027,MAT-0025,2026-07-01,231.62,186.72,153.81,186.6,13.39,1.97,0,COMPLETE
NODE-0027,MAT-0025,2026-08-01,215.76,183.08,151.94,182.11,13.97,1.97,0,COMPLETE
NODE-0027,MAT-0025,2026-09-01,198.33,171.5,141.71,169.67,14.58,1.97,0,COMPLETE
NODE-0027,MAT-0025,2026-10-01,181.27,152.22,123.88,150.42,15.05,1.97,0,COMPLETE
NODE-0027,MAT-0025,2026-11-01,166.45,132.6,105.48,131.58,15.28,1.97,0,COMPLETE
NODE-0027,MAT-0025,2026-12-01,155.49,120.51,93.49,120.25,15.21,1.97,0,COMPLETE
NODE-0027,MAT-0027,2024-07-01,245.36,245.36,242.18,241.3,10.07,0.87,0,COMPLETE
NODE-0027,MAT-0027,2024-08-01,252.62,252.62,248.11,247.16,10.5,0.87,0,COMPLETE
NODE-0027,MAT-0027,2024-09-01,254.26,250.3,242.45,244.79,10.82,0.87,0,COMPLETE
NODE-0027,MAT-0027,2024-10-01,250.1,236.02,224.19,231.91,10.96,0.87,0,COMPLETE
NODE-0027,MAT-0027,2024-11-01,240.61,224.63,209.0,221.93,10.88,0.87,0,COMPLETE
NODE-0027,MAT-0027,2024-12-01,226.82,218.53,199.96,216.17,10.6,0.87,0,COMPLETE
NODE-0027,MAT-0027,2025-01-01,210.25,210.25,190.79,207.12,10.2,0.87,0,COMPLETE
NODE-0027,MAT-0027,2025-02-01,192.73,192.73,175.31,188.78,9.76,0.87,0,COMPLETE
NODE-0027,MAT-0027,2025-03-01,176.19,175.58,161.69,171.63,9.4,0.87,0,COMPLETE
NODE-0027,MAT-0027,2025-04-01,162.44,154.88,145.37,151.93,9.2,0.87,0,COMPLETE
NODE-0027,MAT-0027,2025-05-01,153.01,142.61,136.68,140.72,9.22,0.87,0,COMPLETE
NODE-0027,MAT-0027,2025-06-01,148.92,141.78,138.29,140.28,9.44,0.87,0,COMPLETE
NODE-0027,MAT-0027,2025-07-01,150.64,149.89,147.71,147.89,9.82,0.87,0,COMPLETE
NODE-0027,MAT-0027,2025-08-01,157.96,157.96,155.77,154.95,10.26,0.87,0,COMPLETE
NODE-0027,MAT-0027,2025-09-01,170.09,170.09,166.21,166.26,10.66,0.87,0,COMPLETE
NODE-0027,MAT-0027,2025-10-01,185.69,179.2,172.2,175.54,10.91,0.87,0,COMPLETE
NODE-0027,MAT-0027,2025-11-01,203.04,189.65,178.5,186.84,10.95,0.87,0,COMPLETE
NODE-0027,MAT-0027,2025-12-01,220.23,207.58,191.59,205.34,10.78,0.87,0,COMPLETE
NODE-0027,MAT-0027,2026-01-01,235.37,231.31,210.63,228.52,10.44,0.87,0,COMPLETE
NODE-0027,MAT-0027,2026-02-01,246.79,246.79,223.88,242.48,10.0,0.87,0,COMPLETE
NODE-0027,MAT-0027,2026-03-01,253.24,253.24,231.33,247.66,9.59,0.87,0,COMPLETE
NODE-0027,MAT-0027,2026-04-01,254.0,248.33,230.46,242.97,9.29,0.87,0,COMPLETE
NODE-0027,MAT-0027,2026-05-01,249.0,233.94,221.59,230.08,9.18,0.87,0,COMPLETE
NODE-0027,MAT-0027,2026-06-01,238.77,223.46,215.95,220.9,9.29,0.87,0,COMPLETE
NODE-0027,MAT-0027,2026-07-01,224.46,217.74,213.56,215.32,9.59,0.87,0,COMPLETE
NODE-0027,MAT-0027,2026-08-01,207.63,207.63,204.92,204.35,10.01,0.87,0,COMPLETE
NODE-0027,MAT-0027,2026-09-01,190.13,190.13,186.97,186.11,10.44,0.87,0,COMPLETE
NODE-0027,MAT-0027,2026-10-01,173.9,172.2,167.18,168.36,10.79,0.87,0,COMPLETE
NODE-0027,MAT-0027,2026-11-01,160.72,152.35,145.12,149.58,10.95,0.87,0,COMPLETE
NODE-0027,MAT-0027,2026-12-01,152.03,141.76,132.24,139.98,10.9,0.87,0,COMPLETE
NODE-0028,MAT-0022,2024-07-01,242.47,223.11,199.75,214.88,22.14,2.61,1,COMPLETE
NODE-0028,MAT-0022,2024-08-01,251.16,233.1,207.55,223.33,23.08,2.61,1,COMPLETE
NODE-0028,MAT-0022,2024-09-01,254.39,228.11,200.04,218.46,23.79,2.61,1,COMPLETE
NODE-0028,MAT-0022,2024-10-01,251.81,215.26,184.72,207.14,24.09,2.61,1,COMPLETE
NODE-0028,MAT-0022,2024-11-01,243.7,204.95,171.88,198.32,23.92,2.61,0,COMPLETE
NODE-0028,MAT-0022,2024-12-01,230.96,200.44,165.01,194.21,23.31,2.61,0,COMPLETE
NODE-0028,MAT-0022,2025-01-01,214.98,195.81,159.72,188.92,22.42,2.61,1,COMPLETE
NODE-0028,MAT-0022,2025-02-01,197.54,183.76,150.29,176.27,21.46,2.61,1,COMPLETE
NODE-0028,MAT-0022,2025-03-01,180.54,164.0,135.98,156.98,20.66,2.61,1,COMPLETE
NODE-0028,MAT-0022,2025-04-01,165.85,143.51,121.54,137.87,20.23,2.61,1,COMPLETE
NODE-0028,MAT-0022,2025-05-01,155.11,130.38,112.99,126.0,20.27,2.61,0,COMPLETE
NODE-0028,MAT-0022,2025-06-01,149.48,128.1,113.19,124.14,20.76,2.61,0,COMPLETE
NODE-0028,MAT-0022,2025-07-01,149.59,134.54,120.24,130.01,21.6,2.61,0,COMPLETE
NODE-0028,MAT-0022,2025-08-01,155.42,144.37,129.12,138.68,22.56,2.61,1,COMPLETE
NODE-0028,MAT-0022,2025-09-01,166.34,152.75,135.25,146.21,23.43,2.61,1,COMPLETE
NODE-0028,MAT-0022,2025-10-01,181.14,158.93,138.13,152.45,23.97,2.61,1,COMPLETE
NODE-0028,MAT-0022,2025-11-01,198.19,167.22,142.05,161.35,24.07,2.61,1,COMPLETE
NODE-0028,MAT-0022,2025-12-01,215.62,182.92,152.04,177.23,23.7,2.61,0,COMPLETE
NODE-0028,MAT-0022,2026-01-01,231.51,205.32,168.13,198.68,22.95,2.61,0,COMPLETE
NODE-0028,MAT-0022,2026-02-01,244.1,225.55,183.92,217.03,22.0,2.61,1,COMPLETE
NODE-0028,MAT-0022,2026-03-01,252.01,233.24,191.66,223.37,21.08,2.61,1,COMPLETE
NODE-0028,MAT-0022,2026-04-01,254.37,226.41,189.34,216.92,20.42,2.61,1,COMPLETE
NODE-0028,MAT-0022,2026-05-01,250.93,213.34,182.51,205.49,20.19,2.61,1,COMPLETE
NODE-0028,MAT-0022,2026-06-01,242.05,203.96,178.39,197.48,20.43,2.61,0,COMPLETE
NODE-0028,MAT-0022,2026-07-01,228.72,199.97,177.78,193.68,21.09,2.61,0,COMPLETE
NODE-0028,MAT-0022,2026-08-01,212.41,194.58,174.19,187.56,22.01,2.61,1,COMPLETE
NODE-0028,MAT-0022,2026-09-01,194.9,181.17,161.53,173.67,22.96,2.61,1,COMPLETE
NODE-0028,MAT-0022,2026-10-01,178.13,160.74,141.31,153.9,23.71,2.61,1,COMPLETE
NODE-0028,MAT-0022,2026-11-01,163.95,140.91,121.29,135.49,24.08,2.61,1,COMPLETE
NODE-0028,MAT-0022,2026-12-01,153.91,129.34,108.79,125.08,23.97,2.61,0,COMPLETE
NODE-0028,MAT-0028,2024-07-01,244.44,240.24,229.75,234.45,14.68,1.42,0,COMPLETE
NODE-0028,MAT-0028,2024-08-01,252.18,249.2,237.1,241.94,15.3,1.42,0,COMPLETE
NODE-0028,MAT-0028,2024-09-01,254.35,242.92,227.85,235.75,15.77,1.42,0,COMPLETE
NODE-0028,MAT-0028,2024-10-01,250.72,229.13,210.61,223.42,15.97,1.42,0,COMPLETE
NODE-0028,MAT-0028,2024-11-01,241.68,218.13,196.25,213.87,15.86,1.42,0,COMPLETE
NODE-0028,MAT-0028,2024-12-01,228.23,212.58,187.99,208.69,15.45,1.42,0,COMPLETE
NODE-0028,MAT-0028,2025-01-01,211.84,206.34,180.91,201.72,14.86,1.42,0,COMPLETE
NODE-0028,MAT-0028,2025-02-01,194.33,192.61,169.28,187.21,14.22,1.42,0,COMPLETE
NODE-0028,MAT-0028,2025-03-01,177.62,171.77,152.91,166.61,13.7,1.42,0,COMPLETE
NODE-0028,MAT-0028,2025-04-01,163.55,151.11,137.19,147.09,13.41,1.42,0,COMPLETE
NODE-0028,MAT-0028,2025-05-01,153.67,138.51,128.5,135.63,13.44,1.42,0,COMPLETE
NODE-0028,MAT-0028,2025-06-01,149.06,137.16,129.57,134.68,13.76,1.42,0,COMPLETE
NODE-0028,MAT-0028,2025-07-01,150.24,144.68,138.13,141.66,14.32,1.42,0,COMPLETE
NODE-0028,MAT-0028,2025-08-01,157.07,155.58,148.64,151.44,14.96,1.42,0,COMPLETE
NODE-0028,MAT-0028,2025-09-01,168.8,164.99,156.16,160.03,15.53,1.42,0,COMPLETE
NODE-0028,MAT-0028,2025-10-01,184.15,172.31,160.28,167.49,15.89,1.42,0,COMPLETE
NODE-0028,MAT-0028,2025-11-01,201.41,182.04,165.75,177.97,15.96,1.42,0,COMPLETE
NODE-0028,MAT-0028,2025-12-01,218.7,199.23,177.77,195.58,15.71,1.42,0,COMPLETE
NODE-0028,MAT-0028,2026-01-01,234.1,222.56,195.82,218.2,15.21,1.42,0,COMPLETE
NODE-0028,MAT-0028,2026-02-01,245.93,242.58,212.6,236.52,14.58,1.42,0,COMPLETE
NODE-0028,MAT-0028,2026-03-01,252.87,249.14,219.94,241.78,13.97,1.42,0,COMPLETE
NODE-0028,MAT-0028,2026-04-01,254.18,241.05,216.29,234.03,13.54,1.42,0,COMPLETE
NODE-0028,MAT-0028,2026-05-01,249.69,227.11,208.15,221.66,13.38,1.42,0,COMPLETE
NODE-0028,MAT-0028,2026-06-01,239.91,217.02,203.06,212.9,13.54,1.42,0,COMPLETE
NODE-0028,MAT-0028,2026-07-01,225.91,211.9,201.32,207.95,13.98,1.42,0,COMPLETE
NODE-0028,MAT-0028,2026-08-01,209.24,204.85,195.88,200.08,14.59,1.42,0,COMPLETE
NODE-0028,MAT-0028,2026-09-01,191.72,189.81,180.81,184.37,15.22,1.42,0,COMPLETE
NODE-0028,MAT-0028,2026-10-01,175.29,168.43,158.34,163.4,15.72,1.42,0,COMPLETE
NODE-0028,MAT-0028,2026-11-01,161.76,148.55,136.93,144.73,15.96,1.42,0,COMPLETE
NODE-0028,MAT-0028,2026-12-01,152.62,137.59,124.13,134.83,15.89,1.42,0,COMPLETE
NODE-0029,MAT-0029,2024-07-01,239.5,199.5,161.73,196.95,8.2,1.2,0,COMPLETE
NODE-0029,MAT-0029,2024-08-01,249.44,210.66,169.74,206.9,8.55,1.2,0,COMPLETE
NODE-0029,MAT-0029,2024-09-01,254.12,207.29,164.24,203.51,8.81,1.2,0,COMPLETE
NODE-0029,MAT-0029,2024-10-01,253.01,195.61,151.31,192.94,8.93,1.2,0,COMPLETE
NODE-0029,MAT-0029,2024-11-01,246.24,186.13,140.35,184.59,8.86,1.2,0,COMPLETE
NODE-0029,MAT-0029,2024-12-01,234.56,182.91,135.11,181.63,8.64,1.2,0,COMPLETE
NODE-0029,MAT-0029,2025-01-01,219.25,180.43,131.91,178.43,8.31,1.2,0,COMPLETE
NODE-0029,MAT-0029,2025-02-01,202.0,170.82,125.25,167.96,7.95,1.2,0,COMPLETE
NODE-0029,MAT-0029,2025-03-01,184.7,152.75,113.73,149.88,7.66,1.2,0,PARTIAL
NODE-0029,MAT-0029,2025-04-01,169.27,132.73,101.18,130.71,7.5,1.2,0,PARTIAL
NODE-0029,MAT-0029,2025-05-01,157.39,119.07,93.12,117.93,7.51,1.2,0,PARTIAL
NODE-0029,MAT-0029,2025-06-01,150.38,115.72,92.46,114.93,7.69,1.2,0,PARTIAL
NODE-0029,MAT-0029,2025-07-01,149.01,120.86,97.79,119.71,8.0,1.2,0,PARTIAL
NODE-0029,MAT-0029,2025-08-01,153.42,129.36,104.75,127.38,8.36,1.2,0,PARTIAL
NODE-0029,MAT-0029,2025-09-01,163.15,136.41,109.25,133.86,8.68,1.2,0,PARTIAL
NODE-0029,MAT-0029,2025-10-01,177.1,141.06,110.67,138.71,8.88,1.2,0,PARTIAL
NODE-0029,MAT-0029,2025-11-01,193.75,147.39,112.74,145.76,8.92,1.2,0,PARTIAL
NODE-0029,MAT-0029,2025-12-01,211.27,160.92,120.14,159.79,8.78,1.2,0,PARTIAL
NODE-0029,MAT-0029,2026-01-01,227.72,181.83,133.51,180.32,8.5,1.2,0,COMPLETE
NODE-0029,MAT-0029,2026-02-01,241.3,202.04,147.65,199.27,8.15,1.2,0,COMPLETE
NODE-0029,MAT-0029,2026-03-01,250.5,211.04,155.56,207.18,7.81,1.2,0,COMPLETE
NODE-0029,MAT-0029,2026-04-01,254.33,205.8,154.69,202.13,7.57,1.2,0,COMPLETE
NODE-0029,MAT-0029,2026-05-01,252.34,193.83,149.41,191.36,7.48,1.2,0,COMPLETE
NODE-0029,MAT-0029,2026-06-01,244.78,185.29,146.38,183.85,7.57,1.2,0,COMPLETE
NODE-0029,MAT-0029,2026-07-01,232.45,182.71,146.98,181.37,7.82,1.2,0,COMPLETE
NODE-0029,MAT-0029,2026-08-01,216.74,179.58,145.57,177.42,8.16,1.2,0,COMPLETE
NODE-0029,MAT-0029,2026-09-01,199.35,168.55,136.02,165.62,8.51,1.2,0,COMPLETE
NODE-0029,MAT-0029,2026-10-01,182.22,149.64,118.89,146.86,8.79,1.2,0,COMPLETE
NODE-0029,MAT-0029,2026-11-01,167.21,130.11,100.98,128.23,8.92,1.2,0,COMPLETE
NODE-0029,MAT-0029,2026-12-01,156.0,117.89,89.18,116.85,8.88,1.2,0,COMPLETE
NODE-0029,MAT-0033,2024-07-01,244.48,240.68,230.55,233.08,11.9,1.15,0,COMPLETE
NODE-0029,MAT-0033,2024-08-01,252.2,249.62,237.89,240.47,12.41,1.15,1,COMPLETE
NODE-0029,MAT-0033,2024-09-01,254.35,243.3,228.59,234.29,12.79,1.15,1,COMPLETE
NODE-0029,MAT-0033,2024-10-01,250.69,229.49,211.3,222.04,12.95,1.15,0,COMPLETE
NODE-0029,MAT-0033,2024-11-01,241.63,218.47,196.9,212.55,12.86,1.15,0,COMPLETE
NODE-0029,MAT-0033,2024-12-01,228.16,212.89,188.59,207.39,12.53,1.15,0,COMPLETE
NODE-0029,MAT-0033,2025-01-01,211.76,206.61,181.47,200.43,12.05,1.15,0,COMPLETE
NODE-0029,MAT-0033,2025-02-01,194.25,192.83,169.78,185.98,11.54,1.15,1,COMPLETE
NODE-0029,MAT-0033,2025-03-01,177.55,171.97,153.35,165.51,11.11,1.15,1,COMPLETE
NODE-0029,MAT-0033,2025-04-01,163.49,151.3,137.6,146.14,10.88,1.15,0,COMPLETE
NODE-0029,MAT-0033,2025-05-01,153.63,138.72,128.91,134.79,10.9,1.15,0,COMPLETE
NODE-0029,MAT-0033,2025-06-01,149.05,137.4,130.01,133.88,11.16,1.15,0,COMPLETE
NODE-0029,MAT-0033,2025-07-01,150.26,144.95,138.62,140.83,11.61,1.15,0,COMPLETE
NODE-0029,MAT-0033,2025-08-01,157.11,155.87,149.17,150.56,12.13,1.15,0,COMPLETE
NODE-0029,MAT-0033,2025-09-01,168.87,165.31,156.72,159.1,12.59,1.15,1,COMPLETE
NODE-0029,MAT-0033,2025-10-01,184.23,172.66,160.88,166.53,12.89,1.15,1,COMPLETE
NODE-0029,MAT-0033,2025-11-01,201.5,182.43,166.39,176.98,12.94,1.15,0,COMPLETE
NODE-0029,MAT-0033,2025-12-01,218.78,199.66,178.46,194.5,12.74,1.15,0,COMPLETE
NODE-0029,MAT-0033,2026-01-01,234.17,223.01,196.57,216.96,12.34,1.15,0,COMPLETE
NODE-0029,MAT-0033,2026-02-01,245.97,243.02,213.37,235.12,11.83,1.15,0,COMPLETE
NODE-0029,MAT-0033,2026-03-01,252.89,249.55,220.69,240.3,11.33,1.15,1,COMPLETE
NODE-0029,MAT-0033,2026-04-01,254.17,241.42,217.01,232.58,10.98,1.15,1,COMPLETE
NODE-0029,MAT-0033,2026-05-01,249.65,227.47,208.83,220.29,10.85,1.15,0,COMPLETE
NODE-0029,MAT-0033,2026-06-01,239.85,217.36,203.72,211.59,10.99,1.15,0,COMPLETE
NODE-0029,MAT-0033,2026-07-01,225.84,212.2,201.95,206.65,11.34,1.15,0,COMPLETE
NODE-0029,MAT-0033,2026-08-01,209.15,205.11,196.46,198.79,11.84,1.15,0,COMPLETE
NODE-0029,MAT-0033,2026-09-01,191.64,190.02,181.32,183.15,12.35,1.15,1,COMPLETE
NODE-0029,MAT-0033,2026-10-01,175.22,168.62,158.79,162.33,12.75,1.15,1,COMPLETE
NODE-0029,MAT-0033,2026-11-01,161.71,148.75,137.35,143.8,12.95,1.15,0,COMPLETE
NODE-0029,MAT-0033,2026-12-01,152.59,137.81,124.54,134.0,12.89,1.15,0,COMPLETE
NODE-0029,MAT-0035,2024-07-01,244.1,237.22,224.32,230.88,23.43,2.36,0,COMPLETE
NODE-0029,MAT-0035,2024-08-01,252.01,246.38,231.77,238.55,24.42,2.36,0,COMPLETE
NODE-0029,MAT-0035,2024-09-01,254.37,240.33,222.84,232.6,25.17,2.36,0,COMPLETE
NODE-0029,MAT-0035,2024-10-01,250.93,226.71,205.95,220.46,25.49,2.36,0,COMPLETE
NODE-0029,MAT-0035,2024-11-01,242.05,215.84,191.87,211.05,25.31,2.36,0,COMPLETE
NODE-0029,MAT-0035,2024-12-01,228.72,210.48,183.86,206.06,24.67,2.36,0,COMPLETE
NODE-0029,MAT-0035,2025-01-01,212.4,204.52,177.12,199.4,23.72,2.36,0,COMPLETE
NODE-0029,MAT-0035,2025-02-01,194.89,191.08,165.89,185.22,22.71,2.36,0,COMPLETE
NODE-0029,MAT-0035,2025-03-01,178.13,170.42,149.88,164.85,21.87,2.36,0,COMPLETE
NODE-0029,MAT-0035,2025-04-01,163.94,149.78,134.38,145.4,21.41,2.36,0,COMPLETE
NODE-0029,MAT-0035,2025-05-01,153.91,137.08,125.7,133.86,21.45,2.36,0,COMPLETE
NODE-0029,MAT-0035,2025-06-01,149.12,135.56,126.6,132.75,21.97,2.36,0,COMPLETE
NODE-0029,MAT-0035,2025-07-01,150.11,142.88,134.88,139.52,22.85,2.36,0,COMPLETE
NODE-0029,MAT-0035,2025-08-01,156.77,153.58,145.08,149.09,23.88,2.36,0,COMPLETE
NODE-0029,MAT-0035,2025-09-01,168.36,162.81,152.35,157.49,24.79,2.36,0,COMPLETE
NODE-0029,MAT-0035,2025-10-01,183.61,169.92,156.24,164.72,25.37,2.36,0,COMPLETE
NODE-0029,MAT-0035,2025-11-01,200.85,179.4,161.42,174.91,25.48,2.36,0,COMPLETE
NODE-0029,MAT-0035,2025-12-01,218.16,196.34,173.07,192.22,25.08,2.36,0,COMPLETE
NODE-0029,MAT-0035,2026-01-01,233.66,219.51,190.79,214.63,24.28,2.36,0,COMPLETE
NODE-0029,MAT-0035,2026-02-01,245.62,239.58,207.4,232.96,23.28,2.36,0,COMPLETE
NODE-0029,MAT-0035,2026-03-01,252.74,246.35,214.83,238.42,22.31,2.36,0,COMPLETE
NODE-0029,MAT-0035,2026-04-01,254.22,238.49,211.44,230.91,21.61,2.36,0,COMPLETE
NODE-0029,MAT-0035,2026-05-01,249.92,224.71,203.54,218.72,21.36,2.36,0,COMPLETE
NODE-0029,MAT-0035,2026-06-01,240.3,214.75,198.63,210.1,21.62,2.36,0,COMPLETE
NODE-0029,MAT-0035,2026-07-01,226.41,209.83,197.11,205.36,22.32,2.36,0,COMPLETE
NODE-0029,MAT-0035,2026-08-01,209.8,203.07,192.01,197.81,23.29,2.36,0,COMPLETE
NODE-0029,MAT-0035,2026-09-01,192.28,188.31,177.37,182.42,24.3,2.36,0,COMPLETE
NODE-0029,MAT-0035,2026-10-01,175.79,167.09,155.3,161.67,25.09,2.36,0,COMPLETE
NODE-0029,MAT-0035,2026-11-01,162.14,147.21,134.12,143.04,25.48,2.36,0,COMPLETE
NODE-0029,MAT-0035,2026-12-01,152.83,136.14,121.35,133.04,25.36,2.36,0,COMPLETE
NODE-0030,MAT-0030,2024-07-01,242.06,219.72,194.05,219.13,21.6,2.63,0,COMPLETE
NODE-0030,MAT-0030,2024-08-01,250.94,229.89,201.91,228.12,22.52,2.63,0,COMPLETE
NODE-0030,MAT-0030,2024-09-01,254.37,225.15,194.71,223.32,23.21,2.63,0,COMPLETE
NODE-0030,MAT-0030,2024-10-01,252.0,212.47,179.75,211.72,23.5,2.63,0,COMPLETE
NODE-0030,MAT-0030,2024-11-01,244.09,202.29,167.2,202.29,23.34,2.63,0,COMPLETE
NODE-0030,MAT-0030,2024-12-01,231.49,197.98,160.59,197.98,22.74,2.63,0,COMPLETE
NODE-0030,MAT-0030,2025-01-01,215.6,193.66,155.62,193.47,21.87,2.63,0,COMPLETE
NODE-0030,MAT-0030,2025-02-01,198.17,181.96,146.61,180.76,20.93,2.63,0,COMPLETE
NODE-0030,MAT-0030,2025-03-01,181.12,162.43,132.71,161.03,20.16,2.63,0,COMPLETE
NODE-0030,MAT-0030,2025-04-01,166.33,141.99,118.53,141.26,19.74,2.63,0,COMPLETE
NODE-0030,MAT-0030,2025-05-01,155.41,128.76,110.03,128.76,19.77,2.63,0,COMPLETE
NODE-0030,MAT-0030,2025-06-01,149.58,126.31,110.09,126.31,20.26,2.63,0,COMPLETE
NODE-0030,MAT-0030,2025-07-01,149.48,132.56,116.86,132.56,21.07,2.63,0,COMPLETE
NODE-0030,MAT-0030,2025-08-01,155.12,142.18,125.44,141.45,22.01,2.63,0,COMPLETE
NODE-0030,MAT-0030,2025-09-01,165.87,150.37,131.32,149.07,22.85,2.63,0,COMPLETE
NODE-0030,MAT-0030,2025-10-01,180.55,156.32,133.97,155.29,23.39,2.63,0,COMPLETE
NODE-0030,MAT-0030,2025-11-01,197.56,164.33,137.61,164.18,23.49,2.63,0,COMPLETE
NODE-0030,MAT-0030,2025-12-01,215.0,179.72,147.21,179.72,23.12,2.63,0,COMPLETE
NODE-0030,MAT-0030,2026-01-01,230.98,201.93,162.9,201.93,22.39,2.63,0,COMPLETE
NODE-0030,MAT-0030,2026-02-01,243.71,222.17,178.47,221.38,21.46,2.63,0,COMPLETE
NODE-0030,MAT-0030,2026-03-01,251.82,230.07,186.27,228.2,20.57,2.63,0,COMPLETE
NODE-0030,MAT-0030,2026-04-01,254.39,223.48,184.18,221.76,19.93,2.63,0,COMPLETE
NODE-0030,MAT-0030,2026-05-01,251.15,210.58,177.59,210.03,19.7,2.63,0,COMPLETE
NODE-0030,MAT-0030,2026-06-01,242.46,201.33,173.65,201.33,19.93,2.63,0,COMPLETE
NODE-0030,MAT-0030,2026-07-01,229.27,197.55,173.24,197.55,20.58,2.63,0,COMPLETE
NODE-0030,MAT-0030,2026-08-01,213.03,192.48,169.98,192.12,21.48,2.63,0,COMPLETE
NODE-0030,MAT-0030,2026-09-01,195.54,179.41,157.79,178.11,22.4,2.63,0,COMPLETE
NODE-0030,MAT-0030,2026-10-01,178.71,159.19,138.01,157.85,23.13,2.63,0,COMPLETE
NODE-0030,MAT-0030,2026-11-01,164.4,139.38,118.29,138.78,23.49,2.63,0,COMPLETE
NODE-0030,MAT-0030,2026-12-01,154.19,127.7,105.86,127.7,23.38,2.63,0,COMPLETE
NODE-0030,MAT-0034,2024-07-01,245.22,245.22,240.89,231.93,12.71,1.12,1,COMPLETE
NODE-0030,MAT-0034,2024-08-01,252.56,252.56,246.86,237.59,13.24,1.12,1,COMPLETE
NODE-0030,MAT-0034,2024-09-01,254.28,249.17,240.19,234.31,13.65,1.12,1,COMPLETE
NODE-0030,MAT-0034,2024-10-01,250.2,234.97,222.08,222.03,13.82,1.12,1,COMPLETE
NODE-0030,MAT-0034,2024-11-01,240.77,223.64,207.02,212.54,13.72,1.12,1,COMPLETE
NODE-0030,MAT-0034,2024-12-01,227.03,217.63,198.11,207.09,13.38,1.12,1,COMPLETE
NODE-0030,MAT-0034,2025-01-01,210.49,210.49,190.02,199.44,12.86,1.12,1,COMPLETE
NODE-0030,MAT-0034,2025-02-01,192.98,192.98,174.62,181.76,12.31,1.12,1,COMPLETE
NODE-0030,MAT-0034,2025-03-01,176.41,175.0,160.33,164.47,11.86,1.12,1,COMPLETE
NODE-0030,MAT-0034,2025-04-01,162.61,154.3,144.1,145.56,11.61,1.12,1,COMPLETE
NODE-0030,MAT-0034,2025-05-01,153.11,141.98,135.41,134.75,11.63,1.12,1,COMPLETE
NODE-0030,MAT-0034,2025-06-01,148.94,141.07,136.94,134.27,11.91,1.12,1,COMPLETE
NODE-0030,MAT-0034,2025-07-01,150.57,149.08,146.21,141.48,12.39,1.12,1,COMPLETE
NODE-0030,MAT-0034,2025-08-01,157.82,157.82,154.89,148.87,12.95,1.12,1,COMPLETE
NODE-0030,MAT-0034,2025-09-01,169.89,169.89,165.22,159.67,13.44,1.12,1,COMPLETE
NODE-0030,MAT-0034,2025-10-01,185.45,178.14,170.34,167.79,13.76,1.12,1,COMPLETE
NODE-0030,MAT-0034,2025-11-01,202.79,188.48,176.51,178.59,13.81,1.12,1,COMPLETE
NODE-0030,MAT-0034,2025-12-01,219.99,206.3,189.43,196.3,13.6,1.12,1,COMPLETE
NODE-0030,MAT-0034,2026-01-01,235.17,229.97,208.32,218.54,13.17,1.12,1,COMPLETE
NODE-0030,MAT-0034,2026-02-01,246.66,246.66,222.6,233.07,12.62,1.12,1,COMPLETE
NODE-0030,MAT-0034,2026-03-01,253.18,253.18,230.09,238.08,12.1,1.12,1,COMPLETE
NODE-0030,MAT-0034,2026-04-01,254.03,247.22,228.26,232.58,11.72,1.12,1,COMPLETE
NODE-0030,MAT-0034,2026-05-01,249.1,232.9,219.51,220.29,11.58,1.12,1,COMPLETE
NODE-0030,MAT-0034,2026-06-01,238.95,222.48,213.95,211.55,11.72,1.12,1,COMPLETE
NODE-0030,MAT-0034,2026-07-01,224.68,216.85,211.67,206.28,12.1,1.12,1,COMPLETE
NODE-0030,MAT-0034,2026-08-01,207.87,207.87,204.18,196.77,12.63,1.12,1,COMPLETE
NODE-0030,MAT-0034,2026-09-01,190.38,190.38,186.31,179.19,13.18,1.12,1,COMPLETE
NODE-0030,MAT-0034,2026-10-01,174.11,171.63,165.81,161.34,13.61,1.12,1,COMPLETE
NODE-0030,MAT-0034,2026-11-01,160.87,151.77,143.85,143.3,13.82,1.12,1,COMPLETE
NODE-0030,MAT-0034,2026-12-01,152.12,141.12,130.98,134.04,13.75,1.12,1,COMPLETE
NODE-0030,MAT-0036,2024-07-01,241.72,216.91,189.39,209.02,9.11,1.14,1,COMPLETE
NODE-0030,MAT-0036,2024-08-01,250.74,227.23,197.3,217.83,9.5,1.14,1,COMPLETE
NODE-0030,MAT-0036,2024-09-01,254.36,222.69,190.35,213.38,9.79,1.14,1,COMPLETE
NODE-0030,MAT-0036,2024-10-01,252.16,210.16,175.69,202.34,9.92,1.14,1,COMPLETE
NODE-0030,MAT-0036,2024-11-01,244.4,200.08,163.36,193.71,9.85,1.14,0,COMPLETE
NODE-0030,MAT-0036,2024-12-01,231.92,195.93,156.96,189.93,9.6,1.14,0,COMPLETE
NODE-0030,MAT-0036,2025-01-01,216.11,191.87,152.26,185.21,9.23,1.14,0,COMPLETE
NODE-0030,MAT-0036,2025-02-01,198.7,180.45,143.58,173.18,8.83,1.14,1,COMPLETE
NODE-0030,MAT-0036,2025-03-01,181.61,161.11,130.02,154.3,8.51,1.14,1,COMPLETE
NODE-0030,MAT-0036,2025-04-01,166.72,140.72,116.06,135.26,8.33,1.14,1,COMPLETE
NODE-0030,MAT-0036,2025-05-01,155.67,127.42,107.61,123.21,8.34,1.14,0,COMPLETE
NODE-0030,MAT-0036,2025-06-01,149.68,124.84,107.55,121.05,8.55,1.14,0,COMPLETE
NODE-0030,MAT-0036,2025-07-01,149.4,130.92,114.1,126.58,8.89,1.14,0,COMPLETE
NODE-0030,MAT-0036,2025-08-01,154.87,140.38,122.44,134.93,9.29,1.14,1,COMPLETE
NODE-0030,MAT-0036,2025-09-01,165.48,148.4,128.12,142.13,9.64,1.14,1,COMPLETE
NODE-0030,MAT-0036,2025-10-01,180.07,154.17,130.59,147.97,9.87,1.14,1,COMPLETE
NODE-0030,MAT-0036,2025-11-01,197.03,161.95,133.99,156.35,9.91,1.14,0,COMPLETE
NODE-0030,MAT-0036,2025-12-01,214.49,177.09,143.28,171.67,9.76,1.14,0,COMPLETE
NODE-0030,MAT-0036,2026-01-01,230.53,199.13,158.64,192.79,9.45,1.14,0,COMPLETE
NODE-0030,MAT-0036,2026-02-01,243.39,219.38,174.03,211.21,9.05,1.14,1,COMPLETE
NODE-0030,MAT-0036,2026-03-01,251.65,227.44,181.86,217.93,8.68,1.14,1,COMPLETE
NODE-0030,MAT-0036,2026-04-01,254.4,221.04,179.96,211.9,8.41,1.14,1,COMPLETE
NODE-0030,MAT-0036,2026-05-01,251.33,208.28,173.56,200.72,8.31,1.14,1,COMPLETE
NODE-0030,MAT-0036,2026-06-01,242.79,199.13,169.76,192.91,8.41,1.14,0,COMPLETE
NODE-0030,MAT-0036,2026-07-01,229.72,195.53,169.5,189.48,8.68,1.14,0,COMPLETE
NODE-0030,MAT-0036,2026-08-01,213.55,190.74,166.52,183.95,9.06,1.14,1,COMPLETE
NODE-0030,MAT-0036,2026-09-01,196.06,177.94,154.71,170.66,9.45,1.14,1,COMPLETE
NODE-0030,MAT-0036,2026-10-01,179.19,157.89,135.3,151.24,9.76,1.14,1,COMPLETE
NODE-0030,MAT-0036,2026-11-01,164.78,138.11,115.82,132.87,9.91,1.14,1,COMPLETE
NODE-0030,MAT-0036,2026-12-01,154.42,126.34,103.47,122.25,9.87,1.14,0,COMPLETE
NODE-0031,MAT-0029,2024-07-01,241.62,216.07,188.01,208.78,16.75,2.12,0,COMPLETE
NODE-0031,MAT-0029,2024-08-01,250.69,226.44,195.93,217.65,17.46,2.12,1,COMPLETE
NODE-0031,MAT-0029,2024-09-01,254.35,221.96,189.06,213.25,18.0,2.12,1,COMPLETE
NODE-0031,MAT-0029,2024-10-01,252.21,209.46,174.48,202.21,18.23,2.12,0,COMPLETE
NODE-0031,MAT-0029,2024-11-01,244.49,199.42,162.23,193.59,18.1,2.12,0,COMPLETE
NODE-0031,MAT-0029,2024-12-01,232.05,195.31,155.88,189.84,17.64,2.12,0,COMPLETE
NODE-0031,MAT-0029,2025-01-01,216.26,191.33,151.26,185.19,16.96,2.12,0,COMPLETE
NODE-0031,MAT-0029,2025-02-01,198.86,180.0,142.68,173.21,16.23,2.12,1,COMPLETE
NODE-0031,MAT-0029,2025-03-01,181.76,160.72,129.22,154.34,15.63,2.12,1,COMPLETE
NODE-0031,MAT-0029,2025-04-01,166.84,140.34,115.32,135.26,15.31,2.12,1,COMPLETE
NODE-0031,MAT-0029,2025-05-01,155.75,127.02,106.89,123.15,15.34,2.12,0,COMPLETE
NODE-0031,MAT-0029,2025-06-01,149.71,124.4,106.8,120.95,15.71,2.12,0,COMPLETE
NODE-0031,MAT-0029,2025-07-01,149.38,130.43,113.29,126.45,16.34,2.12,0,COMPLETE
NODE-0031,MAT-0029,2025-08-01,154.79,139.85,121.56,134.77,17.07,2.12,1,COMPLETE
NODE-0031,MAT-0029,2025-09-01,165.36,147.82,127.17,141.95,17.72,2.12,1,COMPLETE
NODE-0031,MAT-0029,2025-10-01,179.92,153.53,129.59,147.75,18.14,2.12,1,COMPLETE
NODE-0031,MAT-0029,2025-11-01,196.87,161.24,132.92,156.08,18.22,2.12,0,COMPLETE
NODE-0031,MAT-0029,2025-12-01,214.34,176.3,142.11,171.37,17.93,2.12,0,COMPLETE
NODE-0031,MAT-0029,2026-01-01,230.4,198.29,157.38,192.49,17.36,2.12,0,COMPLETE
NODE-0031,MAT-0029,2026-02-01,243.3,218.55,172.71,210.97,16.64,2.12,0,COMPLETE
NODE-0031,MAT-0029,2026-03-01,251.6,226.66,180.55,217.76,15.95,2.12,1,COMPLETE
NODE-0031,MAT-0029,2026-04-01,254.4,220.32,178.71,211.77,15.45,2.12,1,COMPLETE
NODE-0031,MAT-0029,2026-05-01,251.39,207.59,172.37,200.59,15.27,2.12,0,COMPLETE
NODE-0031,MAT-0029,2026-06-01,242.89,198.48,168.6,192.78,15.46,2.12,0,COMPLETE
NODE-0031,MAT-0029,2026-07-01,229.85,194.92,168.4,189.4,15.96,2.12,0,COMPLETE
NODE-0031,MAT-0029,2026-08-01,213.7,190.21,165.5,183.94,16.65,2.12,0,COMPLETE
NODE-0031,MAT-0029,2026-09-01,196.22,177.5,153.8,170.7,17.37,2.12,1,COMPLETE
NODE-0031,MAT-0029,2026-10-01,179.33,157.5,134.5,151.28,17.94,2.12,1,COMPLETE
NODE-0031,MAT-0029,2026-11-01,164.89,137.73,115.09,132.86,18.22,2.12,1,COMPLETE
NODE-0031,MAT-0029,2026-12-01,154.5,125.94,102.76,122.19,18.13,2.12,0,COMPLETE
NODE-0031,MAT-0031,2024-07-01,242.4,222.54,198.79,221.72,19.62,2.32,0,COMPLETE
NODE-0031,MAT-0031,2024-08-01,251.12,232.56,206.6,230.53,20.45,2.32,0,COMPLETE
NODE-0031,MAT-0031,2024-09-01,254.39,227.62,199.14,225.54,21.08,2.32,0,COMPLETE
NODE-0031,MAT-0031,2024-10-01,251.84,214.79,183.88,213.82,21.35,2.32,0,COMPLETE
NODE-0031,MAT-0031,2024-11-01,243.77,204.5,171.09,204.5,21.19,2.32,0,COMPLETE
NODE-0031,MAT-0031,2024-12-01,231.05,200.03,164.27,200.03,20.66,2.32,0,COMPLETE
NODE-0031,MAT-0031,2025-01-01,215.09,195.45,159.03,195.06,19.86,2.32,0,COMPLETE
NODE-0031,MAT-0031,2025-02-01,197.64,183.46,149.67,182.07,19.01,2.32,0,COMPLETE
NODE-0031,MAT-0031,2025-03-01,180.63,163.74,135.43,162.16,18.31,2.32,0,COMPLETE
NODE-0031,MAT-0031,2025-04-01,165.93,143.26,121.03,142.38,17.93,2.32,0,COMPLETE
NODE-0031,MAT-0031,2025-05-01,155.16,130.11,112.49,130.05,17.96,2.32,0,COMPLETE
NODE-0031,MAT-0031,2025-06-01,149.5,127.8,112.67,127.8,18.4,2.32,0,COMPLETE
NODE-0031,MAT-0031,2025-07-01,149.57,134.21,119.67,134.15,19.14,2.32,0,COMPLETE
NODE-0031,MAT-0031,2025-08-01,155.37,144.0,128.5,143.11,19.99,2.32,0,COMPLETE
NODE-0031,MAT-0031,2025-09-01,166.26,152.35,134.59,150.88,20.76,2.32,0,COMPLETE
NODE-0031,MAT-0031,2025-10-01,181.04,158.49,137.43,157.29,21.24,2.32,0,COMPLETE
NODE-0031,MAT-0031,2025-11-01,198.09,166.74,141.3,166.41,21.33,2.32,0,COMPLETE
NODE-0031,MAT-0031,2025-12-01,215.52,182.38,151.23,182.38,21.0,2.32,0,COMPLETE
NODE-0031,MAT-0031,2026-01-01,231.42,204.75,167.25,204.75,20.33,2.32,0,COMPLETE
NODE-0031,MAT-0031,2026-02-01,244.03,224.98,183.0,223.95,19.49,2.32,0,COMPLETE
NODE-0031,MAT-0031,2026-03-01,251.98,232.71,190.75,230.58,18.68,2.32,0,COMPLETE
NODE-0031,MAT-0031,2026-04-01,254.38,225.92,188.47,223.95,18.1,2.32,0,COMPLETE
NODE-0031,MAT-0031,2026-05-01,250.97,212.88,181.68,212.11,17.89,2.32,0,COMPLETE
NODE-0031,MAT-0031,2026-06-01,242.12,203.52,177.59,203.52,18.1,2.32,0,COMPLETE
NODE-0031,MAT-0031,2026-07-01,228.81,199.56,177.02,199.56,18.69,2.32,0,COMPLETE
NODE-0031,MAT-0031,2026-08-01,212.51,194.23,173.48,193.67,19.5,2.32,0,COMPLETE
NODE-0031,MAT-0031,2026-09-01,195.01,180.88,160.9,179.39,20.35,2.32,0,COMPLETE
NODE-0031,MAT-0031,2026-10-01,178.23,160.48,140.75,158.97,21.01,2.32,0,COMPLETE
NODE-0031,MAT-0031,2026-11-01,164.03,140.66,120.79,139.91,21.33,2.32,0,COMPLETE
NODE-0031,MAT-0031,2026-12-01,153.96,129.06,108.29,129.06,21.24,2.32,0,COMPLETE
NODE-0031,MAT-0035,2024-07-01,244.42,240.06,229.42,237.01,18.06,1.75,0,COMPLETE
NODE-0031,MAT-0035,2024-08-01,252.17,249.03,236.78,244.61,18.82,1.75,0,COMPLETE
NODE-0031,MAT-0035,2024-09-01,254.35,242.77,227.55,238.36,19.4,1.75,0,COMPLETE
NODE-0031,MAT-0035,2024-10-01,250.73,228.99,210.33,225.89,19.65,1.75,0,COMPLETE
NODE-0031,MAT-0035,2024-11-01,241.7,217.99,195.98,216.21,19.51,1.75,0,COMPLETE
NODE-0031,MAT-0035,2024-12-01,228.26,212.46,187.74,210.98,19.01,1.75,0,COMPLETE
NODE-0031,MAT-0035,2025-01-01,211.88,206.23,180.68,203.96,18.28,1.75,0,COMPLETE
NODE-0031,MAT-0035,2025-02-01,194.37,192.52,169.08,189.31,17.5,1.75,0,COMPLETE
NODE-0031,MAT-0035,2025-03-01,177.65,171.69,152.72,168.49,16.85,1.75,0,COMPLETE
NODE-0031,MAT-0035,2025-04-01,163.57,151.03,137.02,148.73,16.5,1.75,0,COMPLETE
NODE-0031,MAT-0035,2025-05-01,153.68,138.43,128.33,137.12,16.53,1.75,0,COMPLETE
NODE-0031,MAT-0035,2025-06-01,149.06,137.07,129.4,136.15,16.93,1.75,0,COMPLETE
NODE-0031,MAT-0035,2025-07-01,150.23,144.57,137.94,143.2,17.61,1.75,0,COMPLETE
NODE-0031,MAT-0035,2025-08-01,157.05,155.46,148.43,153.09,18.4,1.75,0,COMPLETE
NODE-0031,MAT-0035,2025-09-01,168.78,164.86,155.93,161.78,19.1,1.75,0,COMPLETE
NODE-0031,MAT-0035,2025-10-01,184.12,172.17,160.04,169.31,19.55,1.75,0,COMPLETE
NODE-0031,MAT-0035,2025-11-01,201.38,181.88,165.48,179.88,19.63,1.75,0,COMPLETE
NODE-0031,MAT-0035,2025-12-01,218.67,199.06,177.48,197.68,19.33,1.75,0,COMPLETE
NODE-0031,MAT-0035,2026-01-01,234.08,222.37,195.52,220.55,18.71,1.75,0,COMPLETE
NODE-0031,MAT-0035,2026-02-01,245.91,242.4,212.29,239.1,17.94,1.75,0,COMPLETE
NODE-0031,MAT-0035,2026-03-01,252.87,248.98,219.63,244.45,17.19,1.75,0,COMPLETE
NODE-0031,MAT-0035,2026-04-01,254.18,240.89,216.0,236.62,16.66,1.75,0,COMPLETE
NODE-0031,MAT-0035,2026-05-01,249.7,226.97,207.87,224.1,16.46,1.75,0,COMPLETE
NODE-0031,MAT-0035,2026-06-01,239.93,216.89,202.79,215.23,16.66,1.75,0,COMPLETE
NODE-0031,MAT-0035,2026-07-01,225.94,211.78,201.07,210.24,17.2,1.75,0,COMPLETE
NODE-0031,MAT-0035,2026-08-01,209.27,204.74,195.65,202.3,17.95,1.75,0,COMPLETE
NODE-0031,MAT-0035,2026-09-01,191.75,189.72,180.61,186.44,18.73,1.75,0,COMPLETE
NODE-0031,MAT-0035,2026-10-01,175.32,168.35,158.16,165.24,19.34,1.75,0,COMPLETE
NODE-0031,MAT-0035,2026-11-01,161.78,148.47,136.76,146.34,19.64,1.75,0,COMPLETE
NODE-0031,MAT-0035,2026-12-01,152.63,137.51,123.96,136.31,19.55,1.75,0,COMPLETE
NODE-0032,MAT-0030,2024-07-01,243.47,231.63,214.42,218.29,23.75,2.55,1,COMPLETE
NODE-0032,MAT-0030,2024-08-01,251.69,241.13,222.04,226.03,24.76,2.55,1,COMPLETE
NODE-0032,MAT-0030,2024-09-01,254.4,235.52,213.69,220.66,25.52,2.55,1,COMPLETE
NODE-0032,MAT-0030,2024-10-01,251.29,222.2,197.43,209.21,25.84,2.55,1,COMPLETE
NODE-0032,MAT-0030,2024-11-01,242.71,211.56,183.86,200.33,25.66,2.55,1,COMPLETE
NODE-0032,MAT-0030,2024-12-01,229.61,206.54,176.32,195.83,25.01,2.55,1,COMPLETE
NODE-0032,MAT-0030,2025-01-01,213.43,201.11,170.16,189.86,24.05,2.55,1,COMPLETE
NODE-0032,MAT-0030,2025-02-01,195.94,188.22,159.66,176.64,23.02,2.55,1,COMPLETE
NODE-0032,MAT-0030,2025-03-01,179.07,167.91,144.32,157.24,22.17,2.55,1,PARTIAL
NODE-0032,MAT-0030,2025-04-01,164.69,147.31,129.23,138.46,21.7,2.55,1,PARTIAL
NODE-0032,MAT-0030,2025-05-01,154.37,134.43,120.59,127.13,21.74,2.55,1,PARTIAL
NODE-0032,MAT-0030,2025-06-01,149.25,132.6,121.2,125.75,22.27,2.55,1,PARTIAL
NODE-0032,MAT-0030,2025-07-01,149.89,139.56,128.97,131.97,23.17,2.55,1,PARTIAL
NODE-0032,MAT-0030,2025-08-01,156.22,149.91,138.63,140.9,24.2,2.55,1,PARTIAL
NODE-0032,MAT-0030,2025-09-01,167.55,158.8,145.44,148.71,25.13,2.55,1,PARTIAL
NODE-0032,MAT-0030,2025-10-01,182.63,165.54,148.92,155.36,25.72,2.55,1,PARTIAL
NODE-0032,MAT-0030,2025-11-01,199.8,174.55,153.58,164.8,25.83,2.55,1,PARTIAL
NODE-0032,MAT-0030,2025-12-01,217.16,191.0,164.57,181.1,25.43,2.55,1,PARTIAL
NODE-0032,MAT-0030,2026-01-01,232.81,213.88,181.64,202.52,24.62,2.55,1,COMPLETE
NODE-0032,MAT-0030,2026-02-01,245.03,234.03,197.94,220.34,23.6,2.55,1,COMPLETE
NODE-0032,MAT-0030,2026-03-01,252.46,241.18,205.52,225.96,22.61,2.55,1,COMPLETE
NODE-0032,MAT-0030,2026-04-01,254.3,233.73,202.57,219.09,21.91,2.55,1,COMPLETE
NODE-0032,MAT-0030,2026-05-01,250.33,220.24,195.1,207.56,21.66,2.55,1,COMPLETE
NODE-0032,MAT-0030,2026-06-01,241.0,210.51,190.52,199.46,21.92,2.55,1,COMPLETE
NODE-0032,MAT-0030,2026-07-01,227.33,205.97,189.38,195.22,22.63,2.55,1,COMPLETE
NODE-0032,MAT-0030,2026-08-01,210.83,199.75,184.89,188.4,23.61,2.55,1,COMPLETE
NODE-0032,MAT-0030,2026-09-01,193.31,185.52,171.05,173.99,24.63,2.55,1,COMPLETE
NODE-0032,MAT-0030,2026-10-01,176.71,164.6,149.71,154.18,25.44,2.55,1,COMPLETE
NODE-0032,MAT-0030,2026-11-01,162.84,144.73,128.98,136.16,25.83,2.55,1,COMPLETE
NODE-0032,MAT-0030,2026-12-01,153.24,133.45,116.3,126.29,25.71,2.55,1,COMPLETE
NODE-0032,MAT-0032,2024-07-01,242.17,220.57,195.48,209.13,19.31,2.33,1,COMPLETE
NODE-0032,MAT-0032,2024-08-01,250.99,230.7,203.32,217.57,20.13,2.33,1,COMPLETE
NODE-0032,MAT-0032,2024-09-01,254.38,225.9,196.05,212.95,20.74,2.33,1,COMPLETE
NODE-0032,MAT-0032,2024-10-01,251.96,213.17,181.0,201.94,21.01,2.33,1,COMPLETE
NODE-0032,MAT-0032,2024-11-01,243.99,202.96,168.37,193.36,20.86,2.33,1,COMPLETE
NODE-0032,MAT-0032,2024-12-01,231.36,198.6,161.7,189.45,20.33,2.33,1,COMPLETE
NODE-0032,MAT-0032,2025-01-01,215.45,194.2,156.65,184.46,19.55,2.33,1,COMPLETE
NODE-0032,MAT-0032,2025-02-01,198.01,182.41,147.53,172.24,18.71,2.33,1,COMPLETE
NODE-0032,MAT-0032,2025-03-01,180.98,162.82,133.53,153.42,18.02,2.33,1,COMPLETE
NODE-0032,MAT-0032,2025-04-01,166.21,142.37,119.28,134.64,17.65,2.33,1,COMPLETE
NODE-0032,MAT-0032,2025-05-01,155.34,129.17,110.77,122.89,17.68,2.33,1,COMPLETE
NODE-0032,MAT-0032,2025-06-01,149.56,126.76,110.86,120.95,18.11,2.33,1,COMPLETE
NODE-0032,MAT-0032,2025-07-01,149.51,133.05,117.71,126.59,18.83,2.33,1,COMPLETE
NODE-0032,MAT-0032,2025-08-01,155.19,142.73,126.36,134.97,19.68,2.33,1,COMPLETE
NODE-0032,MAT-0032,2025-09-01,165.99,150.96,132.3,142.24,20.43,2.33,1,COMPLETE
NODE-0032,MAT-0032,2025-10-01,180.7,156.97,135.01,148.22,20.91,2.33,1,COMPLETE
NODE-0032,MAT-0032,2025-11-01,197.72,165.06,138.72,156.79,21.0,2.33,1,COMPLETE
NODE-0032,MAT-0032,2025-12-01,215.16,180.53,148.42,172.21,20.67,2.33,1,COMPLETE
NODE-0032,MAT-0032,2026-01-01,231.11,202.78,164.21,193.18,20.01,2.33,1,COMPLETE
NODE-0032,MAT-0032,2026-02-01,243.81,223.02,179.83,211.26,19.18,2.33,1,COMPLETE
NODE-0032,MAT-0032,2026-03-01,251.87,230.87,187.62,217.64,18.38,2.33,1,COMPLETE
NODE-0032,MAT-0032,2026-04-01,254.39,224.22,185.47,211.47,17.81,2.33,1,COMPLETE
NODE-0032,MAT-0032,2026-05-01,251.1,211.27,178.83,200.33,17.61,2.33,1,COMPLETE
NODE-0032,MAT-0032,2026-06-01,242.36,201.99,174.84,192.54,17.82,2.33,1,COMPLETE
NODE-0032,MAT-0032,2026-07-01,229.13,198.16,174.38,188.96,18.4,2.33,1,COMPLETE
NODE-0032,MAT-0032,2026-08-01,212.88,193.01,171.04,183.16,19.2,2.33,1,COMPLETE
NODE-0032,MAT-0032,2026-09-01,195.38,179.86,158.73,169.71,20.03,2.33,1,COMPLETE
NODE-0032,MAT-0032,2026-10-01,178.56,159.58,138.84,150.39,20.68,2.33,1,COMPLETE
NODE-0032,MAT-0032,2026-11-01,164.29,139.77,119.04,132.3,21.0,2.33,1,COMPLETE
NODE-0032,MAT-0032,2026-12-01,154.12,128.11,106.59,121.98,20.9,2.33,1,COMPLETE
NODE-0032,MAT-0036,2024-07-01,239.51,199.53,161.78,198.11,7.71,1.13,0,COMPLETE
NODE-0032,MAT-0036,2024-08-01,249.45,210.69,169.79,208.12,8.03,1.13,0,COMPLETE
NODE-0032,MAT-0036,2024-09-01,254.12,207.32,164.28,204.71,8.28,1.13,0,COMPLETE
NODE-0032,MAT-0036,2024-10-01,253.01,195.64,151.35,194.08,8.39,1.13,0,COMPLETE
NODE-0032,MAT-0036,2024-11-01,246.24,186.15,140.39,185.67,8.33,1.13,0,COMPLETE
NODE-0032,MAT-0036,2024-12-01,234.56,182.94,135.15,182.69,8.11,1.13,0,COMPLETE
NODE-0032,MAT-0036,2025-01-01,219.25,180.46,131.95,179.47,7.8,1.13,0,COMPLETE
NODE-0032,MAT-0036,2025-02-01,201.99,170.83,125.28,168.94,7.47,1.13,0,COMPLETE
NODE-0032,MAT-0036,2025-03-01,184.7,152.76,113.75,150.77,7.19,1.13,0,COMPLETE
NODE-0032,MAT-0036,2025-04-01,169.26,132.75,101.2,131.47,7.04,1.13,0,COMPLETE
NODE-0032,MAT-0036,2025-05-01,157.38,119.08,93.14,118.63,7.06,1.13,0,COMPLETE
NODE-0032,MAT-0036,2025-06-01,150.38,115.73,92.49,115.6,7.23,1.13,0,COMPLETE
NODE-0032,MAT-0036,2025-07-01,149.01,120.88,97.82,120.41,7.52,1.13,0,COMPLETE
NODE-0032,MAT-0036,2025-08-01,153.43,129.38,104.78,128.13,7.85,1.13,0,COMPLETE
NODE-0032,MAT-0036,2025-09-01,163.15,136.43,109.28,134.65,8.15,1.13,0,COMPLETE
NODE-0032,MAT-0036,2025-10-01,177.11,141.09,110.71,139.53,8.35,1.13,0,COMPLETE
NODE-0032,MAT-0036,2025-11-01,193.76,147.42,112.77,146.63,8.38,1.13,0,COMPLETE
NODE-0032,MAT-0036,2025-12-01,211.27,160.95,120.18,160.73,8.25,1.13,0,COMPLETE
NODE-0032,MAT-0036,2026-01-01,227.73,181.86,133.55,181.39,7.99,1.13,0,COMPLETE
NODE-0032,MAT-0036,2026-02-01,241.3,202.07,147.7,200.45,7.66,1.13,0,COMPLETE
NODE-0032,MAT-0036,2026-03-01,250.5,211.07,155.61,208.41,7.34,1.13,0,COMPLETE
NODE-0032,MAT-0036,2026-04-01,254.33,205.83,154.74,203.33,7.11,1.13,0,COMPLETE
NODE-0032,MAT-0036,2026-05-01,252.34,193.85,149.46,192.48,7.03,1.13,0,COMPLETE
NODE-0032,MAT-0036,2026-06-01,244.77,185.31,146.42,184.93,7.11,1.13,0,COMPLETE
NODE-0032,MAT-0036,2026-07-01,232.45,182.74,147.02,182.43,7.34,1.13,0,COMPLETE
NODE-0032,MAT-0036,2026-08-01,216.73,179.6,145.6,178.46,7.66,1.13,0,COMPLETE
NODE-0032,MAT-0036,2026-09-01,199.35,168.56,136.05,166.59,7.99,1.13,0,COMPLETE
NODE-0032,MAT-0036,2026-10-01,182.21,149.65,118.91,147.73,8.25,1.13,0,COMPLETE
NODE-0032,MAT-0036,2026-11-01,167.21,130.12,101.01,128.98,8.38,1.13,0,COMPLETE
NODE-0032,MAT-0036,2026-12-01,155.99,117.91,89.21,117.54,8.34,1.13,0,COMPLETE
NODE-0033,MAT-0031,2024-07-01,245.2,245.2,240.68,242.31,10.35,0.91,0,COMPLETE
NODE-0033,MAT-0031,2024-08-01,252.54,252.54,246.65,248.29,10.79,0.91,0,COMPLETE
NODE-0033,MAT-0031,2024-09-01,254.28,248.99,239.82,244.69,11.12,0.91,0,COMPLETE
NODE-0033,MAT-0031,2024-10-01,250.22,234.79,221.74,231.82,11.27,0.91,0,COMPLETE
NODE-0033,MAT-0031,2024-11-01,240.8,223.48,206.7,221.86,11.18,0.91,0,COMPLETE
NODE-0033,MAT-0031,2024-12-01,227.07,217.48,197.8,216.17,10.9,0.91,0,COMPLETE
NODE-0033,MAT-0031,2025-01-01,210.53,210.53,189.9,208.4,10.48,0.91,0,COMPLETE
NODE-0033,MAT-0031,2025-02-01,193.02,193.02,174.51,189.98,10.03,0.91,0,COMPLETE
NODE-0033,MAT-0031,2025-03-01,176.44,174.9,160.11,171.8,9.66,0.91,0,COMPLETE
NODE-0033,MAT-0031,2025-04-01,162.64,154.21,143.9,152.01,9.46,0.91,0,COMPLETE
NODE-0033,MAT-0031,2025-05-01,153.12,141.88,135.2,140.67,9.48,0.91,0,COMPLETE
NODE-0033,MAT-0031,2025-06-01,148.95,140.95,136.71,140.14,9.71,0.91,0,COMPLETE
NODE-0033,MAT-0031,2025-07-01,150.56,148.95,145.97,147.68,10.1,0.91,0,COMPLETE
NODE-0033,MAT-0031,2025-08-01,157.8,157.8,154.74,155.54,10.55,0.91,0,COMPLETE
NODE-0033,MAT-0031,2025-09-01,169.86,169.86,165.06,166.84,10.95,0.91,0,COMPLETE
NODE-0033,MAT-0031,2025-10-01,185.41,177.97,170.04,175.17,11.21,0.91,0,COMPLETE
NODE-0033,MAT-0031,2025-11-01,202.75,188.29,176.19,186.39,11.26,0.91,0,COMPLETE
NODE-0033,MAT-0031,2025-12-01,219.96,206.09,189.08,204.84,11.08,0.91,0,COMPLETE
NODE-0033,MAT-0031,2026-01-01,235.14,229.75,207.95,228.07,10.73,0.91,0,COMPLETE
NODE-0033,MAT-0031,2026-02-01,246.64,246.64,222.39,243.51,10.29,0.91,0,COMPLETE
NODE-0033,MAT-0031,2026-03-01,253.18,253.18,229.89,248.8,9.86,0.91,0,COMPLETE
NODE-0033,MAT-0031,2026-04-01,254.04,247.04,227.9,242.88,9.55,0.91,0,COMPLETE
NODE-0033,MAT-0031,2026-05-01,249.12,232.73,219.17,229.99,9.44,0.91,0,COMPLETE
NODE-0033,MAT-0031,2026-06-01,238.98,222.32,213.63,220.82,9.55,0.91,0,COMPLETE
NODE-0033,MAT-0031,2026-07-01,224.72,216.71,211.36,215.33,9.86,0.91,0,COMPLETE
NODE-0033,MAT-0031,2026-08-01,207.91,207.91,204.06,205.63,10.29,0.91,0,COMPLETE
NODE-0033,MAT-0031,2026-09-01,190.41,190.41,186.2,187.3,10.74,0.91,0,COMPLETE
NODE-0033,MAT-0031,2026-10-01,174.15,171.53,165.59,168.52,11.09,0.91,0,COMPLETE
NODE-0033,MAT-0031,2026-11-01,160.9,151.68,143.64,149.64,11.26,0.91,0,COMPLETE
NODE-0033,MAT-0031,2026-12-01,152.14,141.02,130.78,139.92,11.21,0.91,0,COMPLETE
NODE-0033,MAT-0033,2024-07-01,243.22,229.46,210.64,226.66,13.6,1.5,0,COMPLETE
NODE-0033,MAT-0033,2024-08-01,251.56,239.09,218.31,234.96,14.17,1.5,0,COMPLETE
NODE-0033,MAT-0033,2024-09-01,254.4,233.64,210.17,229.51,14.61,1.5,0,COMPLETE
NODE-0033,MAT-0033,2024-10-01,251.43,220.44,194.16,217.56,14.79,1.5,0,COMPLETE
NODE-0033,MAT-0033,2024-11-01,242.97,209.88,180.78,208.27,14.69,1.5,0,COMPLETE
NODE-0033,MAT-0033,2024-12-01,229.96,205.0,173.41,203.68,14.31,1.5,0,COMPLETE
NODE-0033,MAT-0033,2025-01-01,213.82,199.77,167.48,197.67,13.77,1.5,0,COMPLETE
NODE-0033,MAT-0033,2025-02-01,196.34,187.1,157.26,184.07,13.18,1.5,0,COMPLETE
NODE-0033,MAT-0033,2025-03-01,179.44,166.92,142.18,163.89,12.69,1.5,0,COMPLETE
NODE-0033,MAT-0033,2025-04-01,164.98,146.35,127.25,144.2,12.42,1.5,0,COMPLETE
NODE-0033,MAT-0033,2025-05-01,154.55,133.4,118.63,132.2,12.45,1.5,0,COMPLETE
NODE-0033,MAT-0033,2025-06-01,149.3,131.45,119.13,130.63,12.75,1.5,0,COMPLETE
NODE-0033,MAT-0033,2025-07-01,149.81,138.28,126.71,137.03,13.26,1.5,0,COMPLETE
NODE-0033,MAT-0033,2025-08-01,156.01,148.49,136.17,146.3,13.85,1.5,0,COMPLETE
NODE-0033,MAT-0033,2025-09-01,167.24,157.25,142.8,154.39,14.38,1.5,0,COMPLETE
NODE-0033,MAT-0033,2025-10-01,182.25,163.85,146.12,161.21,14.72,1.5,0,COMPLETE
NODE-0033,MAT-0033,2025-11-01,199.39,172.68,150.6,170.86,14.78,1.5,0,COMPLETE
NODE-0033,MAT-0033,2025-12-01,216.77,188.93,161.33,187.72,14.55,1.5,0,COMPLETE
NODE-0033,MAT-0033,2026-01-01,232.48,211.7,178.15,210.06,14.09,1.5,0,COMPLETE
NODE-0033,MAT-0033,2026-02-01,244.8,231.87,194.32,228.83,13.51,1.5,0,COMPLETE
NODE-0033,MAT-0033,2026-03-01,252.35,239.16,201.95,234.93,12.94,1.5,0,COMPLETE
NODE-0033,MAT-0033,2026-04-01,254.32,231.87,199.16,227.87,12.54,1.5,0,COMPLETE
NODE-0033,MAT-0033,2026-05-01,250.49,218.49,191.86,215.83,12.4,1.5,0,COMPLETE
NODE-0033,MAT-0033,2026-06-01,241.27,208.85,187.4,207.36,12.55,1.5,0,COMPLETE
NODE-0033,MAT-0033,2026-07-01,227.69,204.45,186.4,203.06,12.95,1.5,0,COMPLETE
NODE-0033,MAT-0033,2026-08-01,211.23,198.45,182.15,196.18,13.52,1.5,0,COMPLETE
NODE-0033,MAT-0033,2026-09-01,193.72,184.42,168.61,181.33,14.1,1.5,0,COMPLETE
NODE-0033,MAT-0033,2026-10-01,177.07,163.63,147.55,160.69,14.56,1.5,0,COMPLETE
NODE-0033,MAT-0033,2026-11-01,163.12,143.76,127.0,141.77,14.78,1.5,0,COMPLETE
NODE-0033,MAT-0033,2026-12-01,153.41,132.4,114.36,131.31,14.72,1.5,0,COMPLETE
NODE-0034,MAT-0032,2024-07-01,239.32,198.13,159.64,197.11,16.3,2.42,0,COMPLETE
NODE-0034,MAT-0032,2024-08-01,249.33,209.34,167.65,207.2,16.99,2.42,0,COMPLETE
NODE-0034,MAT-0032,2024-09-01,254.09,206.06,162.24,203.88,17.51,2.42,0,COMPLETE
NODE-0034,MAT-0032,2024-10-01,253.07,194.45,149.44,193.28,17.73,2.42,0,COMPLETE
NODE-0034,MAT-0032,2024-11-01,246.38,185.01,138.59,184.89,17.6,2.42,0,COMPLETE
NODE-0034,MAT-0032,2024-12-01,234.77,181.86,133.43,181.86,17.16,2.42,0,COMPLETE
NODE-0034,MAT-0032,2025-01-01,219.5,179.51,130.35,178.88,16.5,2.42,0,COMPLETE
NODE-0034,MAT-0032,2025-02-01,202.26,170.03,123.83,168.49,15.79,2.42,0,COMPLETE
NODE-0034,MAT-0032,2025-03-01,184.95,152.07,112.47,150.38,15.21,2.42,0,COMPLETE
NODE-0034,MAT-0032,2025-04-01,169.47,132.09,100.03,131.08,14.89,2.42,0,COMPLETE
NODE-0034,MAT-0032,2025-05-01,157.53,118.4,92.01,118.18,14.92,2.42,0,COMPLETE
NODE-0034,MAT-0032,2025-06-01,150.44,115.0,91.32,115.0,15.28,2.42,0,COMPLETE
NODE-0034,MAT-0032,2025-07-01,148.98,120.08,96.56,119.84,15.9,2.42,0,COMPLETE
NODE-0034,MAT-0032,2025-08-01,153.32,128.5,103.42,127.51,16.61,2.42,0,COMPLETE
NODE-0034,MAT-0032,2025-09-01,162.97,135.48,107.83,133.98,17.24,2.42,0,COMPLETE
NODE-0034,MAT-0032,2025-10-01,176.87,140.04,109.18,138.78,17.65,2.42,0,COMPLETE
NODE-0034,MAT-0032,2025-11-01,193.49,146.26,111.14,145.76,17.72,2.42,0,COMPLETE
NODE-0034,MAT-0032,2025-12-01,211.01,159.65,118.41,159.65,17.45,2.42,0,COMPLETE
NODE-0034,MAT-0032,2026-01-01,227.49,180.47,131.62,180.36,16.89,2.42,0,COMPLETE
NODE-0034,MAT-0032,2026-02-01,241.12,200.67,145.66,199.46,16.19,2.42,0,COMPLETE
NODE-0034,MAT-0032,2026-03-01,250.4,209.74,153.56,207.51,15.51,2.42,0,COMPLETE
NODE-0034,MAT-0032,2026-04-01,254.31,204.59,152.77,202.5,15.03,2.42,0,COMPLETE
NODE-0034,MAT-0032,2026-05-01,252.41,192.67,147.57,191.69,14.86,2.42,0,COMPLETE
NODE-0034,MAT-0032,2026-06-01,244.93,184.17,144.59,184.16,15.04,2.42,0,COMPLETE
NODE-0034,MAT-0032,2026-07-01,232.67,181.68,145.25,181.68,15.53,2.42,0,COMPLETE
NODE-0034,MAT-0032,2026-08-01,216.99,178.67,143.95,177.89,16.2,2.42,0,COMPLETE
NODE-0034,MAT-0032,2026-09-01,199.61,167.78,134.57,166.15,16.9,2.42,0,COMPLETE
NODE-0034,MAT-0032,2026-10-01,182.46,148.97,117.62,147.35,17.45,2.42,0,COMPLETE
NODE-0034,MAT-0032,2026-11-01,167.41,129.46,99.84,128.59,17.72,2.42,0,COMPLETE
NODE-0034,MAT-0032,2026-12-01,156.13,117.22,88.09,117.08,17.64,2.42,0,COMPLETE
NODE-0034,MAT-0034,2024-07-01,242.12,220.19,194.85,207.99,6.71,0.81,1,COMPLETE
NODE-0034,MAT-0034,2024-08-01,250.97,230.34,202.7,216.41,6.99,0.81,1,COMPLETE
NODE-0034,MAT-0034,2024-09-01,254.38,225.57,195.46,211.83,7.2,0.81,1,COMPLETE
NODE-0034,MAT-0034,2024-10-01,251.98,212.86,180.45,200.88,7.3,0.81,1,COMPLETE
NODE-0034,MAT-0034,2024-11-01,244.03,202.66,167.86,192.35,7.24,0.81,1,COMPLETE
NODE-0034,MAT-0034,2024-12-01,231.41,198.33,161.21,188.47,7.06,0.81,1,COMPLETE
NODE-0034,MAT-0034,2025-01-01,215.52,193.96,156.2,183.53,6.79,0.81,1,COMPLETE
NODE-0034,MAT-0034,2025-02-01,198.08,182.21,147.13,171.39,6.5,0.81,1,COMPLETE
NODE-0034,MAT-0034,2025-03-01,181.04,162.65,133.17,152.67,6.26,0.81,1,COMPLETE
NODE-0034,MAT-0034,2025-04-01,166.26,142.2,118.95,133.97,6.13,0.81,1,COMPLETE
NODE-0034,MAT-0034,2025-05-01,155.37,128.99,110.45,122.26,6.14,0.81,1,COMPLETE
NODE-0034,MAT-0034,2025-06-01,149.57,126.56,110.52,120.31,6.29,0.81,1,COMPLETE
NODE-0034,MAT-0034,2025-07-01,149.5,132.83,117.33,125.9,6.54,0.81,1,COMPLETE
NODE-0034,MAT-0034,2025-08-01,155.16,142.49,125.95,134.23,6.83,0.81,1,COMPLETE
NODE-0034,MAT-0034,2025-09-01,165.93,150.7,131.87,141.45,7.09,0.81,1,COMPLETE
NODE-0034,MAT-0034,2025-10-01,180.64,156.69,134.56,147.39,7.26,0.81,1,COMPLETE
NODE-0034,MAT-0034,2025-11-01,197.65,164.74,138.23,155.89,7.29,0.81,1,COMPLETE
NODE-0034,MAT-0034,2025-12-01,215.09,180.17,147.89,171.22,7.18,0.81,1,COMPLETE
NODE-0034,MAT-0034,2026-01-01,231.05,202.41,163.64,192.1,6.95,0.81,1,COMPLETE
NODE-0034,MAT-0034,2026-02-01,243.77,222.65,179.23,210.11,6.66,0.81,1,COMPLETE
NODE-0034,MAT-0034,2026-03-01,251.84,230.52,187.03,216.48,6.38,0.81,1,COMPLETE
NODE-0034,MAT-0034,2026-04-01,254.39,223.89,184.9,210.35,6.18,0.81,1,COMPLETE
NODE-0034,MAT-0034,2026-05-01,251.12,210.97,178.28,199.28,6.11,0.81,1,COMPLETE
NODE-0034,MAT-0034,2026-06-01,242.4,201.7,174.31,191.54,6.19,0.81,1,COMPLETE
NODE-0034,MAT-0034,2026-07-01,229.19,197.89,173.87,187.99,6.39,0.81,1,COMPLETE
NODE-0034,MAT-0034,2026-08-01,212.94,192.78,170.57,182.25,6.67,0.81,1,COMPLETE
NODE-0034,MAT-0034,2026-09-01,195.45,179.66,158.32,168.88,6.95,0.81,1,COMPLETE
NODE-0034,MAT-0034,2026-10-01,178.63,159.41,138.47,149.65,7.18,0.81,1,COMPLETE
NODE-0034,MAT-0034,2026-11-01,164.34,139.6,118.71,131.63,7.29,0.81,1,COMPLETE
NODE-0034,MAT-0034,2026-12-01,154.15,127.93,106.27,121.35,7.26,0.81,1,COMPLETE
